lesson_id,form,graded,kind,question,choices,correct_answer,points,explanation
1-1,notes,no,short,"A whole number greater than 1 with exactly two factors, 1 and itself, is a ___ number.",,,0,
1-1,notes,no,short,A whole number greater than 1 that has more than two factors is a ___ number.,,,0,
1-1,notes,no,short,Prime factorization: ___,,,0,
1-1,notes,no,short,I can break a number into its prime factors step by step using a ___.,,,0,
1-1,notes,no,short,"In 2³, the small number 3 is the ___ and it shows 2 is multiplied 3 times.",,,0,
1-1,notes,no,paragraph,"Mission Control needs to break the 60 supply crates into prime parts. Is 60 a prime number or a composite number, and how can you tell before you even start the factor tree?",,,0,
1-1,notes,no,paragraph,"Look at your factor tree for 60. How did you decide which numbers to break apart first, and how do you know when to stop?",,,0,
1-1,notes,no,paragraph,The party planner has 72 balloons. How could the prime factorization of 72 help her find every way to arrange the balloons in equal rows?,,,0,
1-1,notes,no,paragraph,"How is a prime number different from a composite number, and why can every composite number be written as a product of primes?",,,0,
1-1,notes,no,paragraph,How did you decide whether a number is prime or composite? What strategy did you use?,,,0,
1-1,notes,no,paragraph,How does prime factorization help the planner find all the ways to arrange the balloons?,,,0,
1-1,practice,no,mc,What is the prime factorization of 84?,2 × 2 × 3 × 7 | 2 × 42 | 4 × 21 | 2 × 2 × 21,,0,
1-1,practice,no,mc,Which number has the prime factorization 2³ × 5?,40 | 30 | 80 | 16,,0,
1-1,practice,no,mc,A number's prime factorization is 2² × 3 × 5. What is the number?,60 | 30 | 45 | 120,,0,
1-1,practice,no,mc,Which list shows ONLY prime numbers?,"2, 3, 11, 17 | 2, 4, 6, 9 | 3, 5, 9, 15 | 2, 7, 12, 13",,0,
1-1,practice,no,mc,Which of the following is a prime number?,17 | 15 | 21 | 9,,0,
1-1,practice,no,mc,What is the prime factorization of 30?,2 × 3 × 5 | 5 × 6 | 2 × 15 | 3 × 10,,0,
1-1,practice,no,mc,What is the prime factorization of 18?,2 × 3 × 3 | 2 × 9 | 3 × 6 | 6 × 3,,0,
1-1,practice,no,paragraph,"Sort each expression: is it a COMPLETE prime factorization, or does it still have composite factors?",,,0,
1-1,practice,no,mc,Which of these numbers is composite?,27 | 23 | 29 | 31,,0,
1-1,practice,no,paragraph,Match each number to its prime factorization.,,,0,
1-1,practice,no,paragraph,Build the factor tree. Write each number as a product of primes.,,,0,
1-1,practice,no,paragraph,"Sort each number: can it be expressed as a product of exactly TWO prime factors, or does it need THREE or more?",,,0,
1-1,practice,no,mc,Two students found different factor trees for 60. Student A started with 2 × 30. Student B started with 6 × 10. Which statement is true?,Both get the same prime factorization: 2 × 2 × 3 × 5 | Only Student A gets the correct prime factorization | Only Student B gets the correct prime factorization | They will get different prime factorizations,,0,
1-1,practice,no,paragraph,Find Marcus's Mistake,,,0,
1-1,practice,no,paragraph,Choose any two-digit composite number. Show TWO different factor trees that both lead to the same prime factorization. Explain why every composite number has only one prime factorization.,,,0,
1-1,practice,no,paragraph,Write the prime factorization using exponents.,,,0,
1-1,quiz,yes,mc,What is the prime factorization of 84?,2 × 2 × 3 × 7 | 2 × 42 | 4 × 21 | 2 × 2 × 21,2 × 2 × 3 × 7,1,84 = 2 × 42 = 2 × 2 × 21 = 2 × 2 × 3 × 7. All factors are prime.
1-1,quiz,yes,mc,Which number has the prime factorization 2³ × 5?,40 | 30 | 80 | 16,40,1,2³ × 5 = 8 × 5 = 40.
1-1,quiz,yes,mc,A number's prime factorization is 2² × 3 × 5. What is the number?,60 | 30 | 45 | 120,60,1,2² × 3 × 5 = 4 × 3 × 5 = 60.
1-1,quiz,yes,mc,Which list shows ONLY prime numbers?,"2, 3, 11, 17 | 2, 4, 6, 9 | 3, 5, 9, 15 | 2, 7, 12, 13","2, 3, 11, 17",1,"2, 3, 11, and 17 each have exactly two factors. The other lists contain composite numbers like 4, 9, or 12."
1-1,quiz,yes,mc,Which of the following is a prime number?,17 | 15 | 21 | 9,17,1,"17 has exactly two factors: 1 and 17. 15 = 3 × 5, 21 = 3 × 7, and 9 = 3 × 3, so they are all composite."
1-1,quiz,yes,mc,What is the prime factorization of 30?,2 × 3 × 5 | 5 × 6 | 2 × 15 | 3 × 10,2 × 3 × 5,1,"30 = 2 × 15 = 2 × 3 × 5. All three factors (2, 3, 5) are prime, so 2 × 3 × 5 is the prime factorization."
1-1,quiz,yes,mc,What is the prime factorization of 18?,2 × 3 × 3 | 2 × 9 | 3 × 6 | 6 × 3,2 × 3 × 3,1,"18 = 2 × 9 = 2 × 3 × 3. Both 2 and 3 are prime, so 2 × 3 × 3 is the prime factorization."
1-1,quiz,yes,mc,Which of these numbers is composite?,27 | 23 | 29 | 31,27,1,"27 = 3 × 9 = 3 × 3 × 3, so it has more than two factors. 23, 29, and 31 are all prime."
1-1,quiz,yes,mc,Two students found different factor trees for 60. Student A started with 2 × 30. Student B started with 6 × 10. Which statement is true?,Both get the same prime factorization: 2 × 2 × 3 × 5 | Only Student A gets the correct prime factorization | Only Student B gets the correct prime factorization | They will get different prime factorizations,Both get the same prime factorization: 2 × 2 × 3 × 5,1,"The Fundamental Theorem of Arithmetic says every composite number has exactly one prime factorization. No matter how you start the factor tree, you always end with 2 × 2 × 3 × 5."
1-1,quiz,yes,mc,"Sort each expression: is it a COMPLETE prime factorization, or does it still have composite factors? /  / Where does this belong?  2 × 2 × 3 (for 12)",Complete Prime Factorization | NOT Complete (Has Composite Factors),Complete Prime Factorization,1,
1-1,quiz,yes,mc,"Sort each expression: is it a COMPLETE prime factorization, or does it still have composite factors? /  / Where does this belong?  2 × 3 × 5 (for 30)",Complete Prime Factorization | NOT Complete (Has Composite Factors),Complete Prime Factorization,1,
1-1,quiz,yes,mc,"Sort each expression: is it a COMPLETE prime factorization, or does it still have composite factors? /  / Where does this belong?  2 × 2 × 2 × 3 (for 24)",Complete Prime Factorization | NOT Complete (Has Composite Factors),Complete Prime Factorization,1,
1-1,quiz,yes,mc,"Sort each expression: is it a COMPLETE prime factorization, or does it still have composite factors? /  / Where does this belong?  4 × 3 (for 12)",Complete Prime Factorization | NOT Complete (Has Composite Factors),NOT Complete (Has Composite Factors),1,
1-1,quiz,yes,mc,"Sort each expression: is it a COMPLETE prime factorization, or does it still have composite factors? /  / Where does this belong?  6 × 5 (for 30)",Complete Prime Factorization | NOT Complete (Has Composite Factors),NOT Complete (Has Composite Factors),1,
1-1,quiz,yes,mc,"Sort each expression: is it a COMPLETE prime factorization, or does it still have composite factors? /  / Where does this belong?  8 × 3 (for 24)",Complete Prime Factorization | NOT Complete (Has Composite Factors),NOT Complete (Has Composite Factors),1,
1-1,quiz,yes,mc,Match each number to its prime factorization. /  / 12,2 × 5 × 5 | 2 × 3 × 3 | 2 × 2 × 7 | 2 × 2 × 3 | 2 × 2 × 5 | 3 × 3 × 5,2 × 2 × 3,1,
1-1,quiz,yes,mc,Match each number to its prime factorization. /  / 18,3 × 3 × 5 | 2 × 2 × 7 | 2 × 2 × 3 | 2 × 3 × 3 | 2 × 5 × 5 | 2 × 2 × 5,2 × 3 × 3,1,
1-1,quiz,yes,mc,Match each number to its prime factorization. /  / 20,2 × 2 × 5 | 2 × 3 × 3 | 3 × 3 × 5 | 2 × 2 × 7 | 2 × 5 × 5 | 2 × 2 × 3,2 × 2 × 5,1,
1-1,quiz,yes,mc,Match each number to its prime factorization. /  / 28,2 × 2 × 7 | 2 × 3 × 3 | 2 × 2 × 3 | 2 × 5 × 5 | 3 × 3 × 5 | 2 × 2 × 5,2 × 2 × 7,1,
1-1,quiz,yes,mc,Match each number to its prime factorization. /  / 45,2 × 2 × 5 | 2 × 3 × 3 | 2 × 5 × 5 | 2 × 2 × 7 | 2 × 2 × 3 | 3 × 3 × 5,3 × 3 × 5,1,
1-1,quiz,yes,mc,Match each number to its prime factorization. /  / 50,2 × 3 × 3 | 2 × 2 × 3 | 2 × 2 × 7 | 2 × 2 × 5 | 3 × 3 × 5 | 2 × 5 × 5,2 × 5 × 5,1,
1-1,quiz,yes,mc,"Sort each number: can it be expressed as a product of exactly TWO prime factors, or does it need THREE or more? /  / Where does this belong?  6 (= 2 × 3)",Product of Exactly Two Primes | Product of Three or More Primes,Product of Exactly Two Primes,1,
1-1,quiz,yes,mc,"Sort each number: can it be expressed as a product of exactly TWO prime factors, or does it need THREE or more? /  / Where does this belong?  10 (= 2 × 5)",Product of Exactly Two Primes | Product of Three or More Primes,Product of Exactly Two Primes,1,
1-1,quiz,yes,mc,"Sort each number: can it be expressed as a product of exactly TWO prime factors, or does it need THREE or more? /  / Where does this belong?  15 (= 3 × 5)",Product of Exactly Two Primes | Product of Three or More Primes,Product of Exactly Two Primes,1,
1-1,quiz,yes,mc,"Sort each number: can it be expressed as a product of exactly TWO prime factors, or does it need THREE or more? /  / Where does this belong?  35 (= 5 × 7)",Product of Exactly Two Primes | Product of Three or More Primes,Product of Exactly Two Primes,1,
1-1,quiz,yes,mc,"Sort each number: can it be expressed as a product of exactly TWO prime factors, or does it need THREE or more? /  / Where does this belong?  12 (= 2 × 2 × 3)",Product of Exactly Two Primes | Product of Three or More Primes,Product of Three or More Primes,1,
1-1,quiz,yes,mc,"Sort each number: can it be expressed as a product of exactly TWO prime factors, or does it need THREE or more? /  / Where does this belong?  30 (= 2 × 3 × 5)",Product of Exactly Two Primes | Product of Three or More Primes,Product of Three or More Primes,1,
1-1,quiz,yes,mc,"Sort each number: can it be expressed as a product of exactly TWO prime factors, or does it need THREE or more? /  / Where does this belong?  24 (= 2 × 2 × 2 × 3)",Product of Exactly Two Primes | Product of Three or More Primes,Product of Three or More Primes,1,
1-1,quiz,yes,mc,"Sort each number: can it be expressed as a product of exactly TWO prime factors, or does it need THREE or more? /  / Where does this belong?  60 (= 2 × 2 × 3 × 5)",Product of Exactly Two Primes | Product of Three or More Primes,Product of Three or More Primes,1,
1-1,quiz,yes,mc,Exit Ticket: What is the prime factorization of 40?,2 × 2 × 2 × 5 | 4 × 10 | 5 × 8 | 2 × 20,2 × 2 × 2 × 5,1,"40 = 2 × 20 = 2 × 2 × 10 = 2 × 2 × 2 × 5. All factors (2, 2, 2, 5) are prime."
1-1-flagship,notes,no,short,"A whole number greater than 1 with exactly two factors, 1 and itself, is a ___ number.",,,0,
1-1-flagship,notes,no,short,A whole number greater than 1 that has more than two factors is a ___ number.,,,0,
1-1-flagship,notes,no,short,Prime factorization: ___,,,0,
1-1-flagship,notes,no,short,I can break a number into its prime factors step by step using a ___.,,,0,
1-1-flagship,notes,no,short,"In 2³, the small number 3 is the ___ and it shows 2 is multiplied 3 times.",,,0,
1-1-flagship,notes,no,paragraph,"The freighter docks with 48 cargo containers, and each storage pod only holds groups built from prime-numbered units. Is 48 prime or composite, and how can you tell before building a factor tree?",,,0,
1-1-flagship,notes,no,paragraph,"Look at your factor tree for 48. How did you decide which numbers to break apart first, and how did you know when to stop?",,,0,
1-1-flagship,notes,no,paragraph,The cafeteria has 84 apples to arrange into equal rows. How does the prime factorization of 84 help the manager find every possible equal-row display?,,,0,
1-1-flagship,notes,no,paragraph,"Why does every composite number have exactly one prime factorization, no matter how you start the factor tree?",,,0,
1-1-flagship,notes,no,paragraph,How did you decide whether a number is prime or composite? What strategy did you use?,,,0,
1-1-flagship,notes,no,paragraph,How does prime factorization help the planner find all the ways to arrange the balloons?,,,0,
1-1-flagship,practice,no,mc,Which of the following is a prime number?,17 | 15 | 21 | 9,,0,
1-1-flagship,practice,no,mc,What is the prime factorization of 30?,2 × 3 × 5 | 5 × 6 | 2 × 15 | 3 × 10,,0,
1-1-flagship,practice,no,mc,What is the prime factorization of 18?,2 × 3 × 3 | 2 × 9 | 3 × 6 | 6 × 3,,0,
1-1-flagship,practice,no,paragraph,"Sort each expression: is it a COMPLETE prime factorization, or does it still have composite factors?",,,0,
1-1-flagship,practice,no,mc,Which of these numbers is composite?,27 | 23 | 29 | 31,,0,
1-1-flagship,practice,no,paragraph,Match each number to its prime factorization.,,,0,
1-1-flagship,practice,no,paragraph,Build the factor tree. Write each number as a product of primes.,,,0,
1-1-flagship,practice,no,paragraph,"Sort each number: can it be expressed as a product of exactly TWO prime factors, or does it need THREE or more?",,,0,
1-1-flagship,practice,no,mc,Two students found different factor trees for 60. Student A started with 2 × 30. Student B started with 6 × 10. Which statement is true?,Both get the same prime factorization: 2 × 2 × 3 × 5 | Only Student A gets the correct prime factorization | Only Student B gets the correct prime factorization | They will get different prime factorizations,,0,
1-1-flagship,practice,no,paragraph,Find Marcus's Mistake,,,0,
1-1-flagship,practice,no,paragraph,Choose any two-digit composite number. Show TWO different factor trees that both lead to the same prime factorization. Explain why every composite number has only one prime factorization.,,,0,
1-1-flagship,practice,no,paragraph,Write the prime factorization using exponents.,,,0,
1-1-flagship,quiz,yes,mc,Which of the following is a prime number?,17 | 15 | 21 | 9,17,1,"17 has exactly two factors: 1 and 17. 15 = 3 × 5, 21 = 3 × 7, and 9 = 3 × 3, so they are all composite."
1-1-flagship,quiz,yes,mc,What is the prime factorization of 30?,2 × 3 × 5 | 5 × 6 | 2 × 15 | 3 × 10,2 × 3 × 5,1,"30 = 2 × 15 = 2 × 3 × 5. All three factors (2, 3, 5) are prime, so 2 × 3 × 5 is the prime factorization."
1-1-flagship,quiz,yes,mc,What is the prime factorization of 18?,2 × 3 × 3 | 2 × 9 | 3 × 6 | 6 × 3,2 × 3 × 3,1,"18 = 2 × 9 = 2 × 3 × 3. Both 2 and 3 are prime, so 2 × 3 × 3 is the prime factorization."
1-1-flagship,quiz,yes,mc,Which of these numbers is composite?,27 | 23 | 29 | 31,27,1,"27 = 3 × 9 = 3 × 3 × 3, so it has more than two factors. 23, 29, and 31 are all prime."
1-1-flagship,quiz,yes,mc,Two students found different factor trees for 60. Student A started with 2 × 30. Student B started with 6 × 10. Which statement is true?,Both get the same prime factorization: 2 × 2 × 3 × 5 | Only Student A gets the correct prime factorization | Only Student B gets the correct prime factorization | They will get different prime factorizations,Both get the same prime factorization: 2 × 2 × 3 × 5,1,"The Fundamental Theorem of Arithmetic says every composite number has exactly one prime factorization. No matter how you start the factor tree, you always end with 2 × 2 × 3 × 5."
1-1-flagship,quiz,yes,mc,"Sort each expression: is it a COMPLETE prime factorization, or does it still have composite factors? /  / Where does this belong?  2 × 2 × 3 (for 12)",Complete Prime Factorization | NOT Complete (Has Composite Factors),Complete Prime Factorization,1,
1-1-flagship,quiz,yes,mc,"Sort each expression: is it a COMPLETE prime factorization, or does it still have composite factors? /  / Where does this belong?  2 × 3 × 5 (for 30)",Complete Prime Factorization | NOT Complete (Has Composite Factors),Complete Prime Factorization,1,
1-1-flagship,quiz,yes,mc,"Sort each expression: is it a COMPLETE prime factorization, or does it still have composite factors? /  / Where does this belong?  2 × 2 × 2 × 3 (for 24)",Complete Prime Factorization | NOT Complete (Has Composite Factors),Complete Prime Factorization,1,
1-1-flagship,quiz,yes,mc,"Sort each expression: is it a COMPLETE prime factorization, or does it still have composite factors? /  / Where does this belong?  4 × 3 (for 12)",Complete Prime Factorization | NOT Complete (Has Composite Factors),NOT Complete (Has Composite Factors),1,
1-1-flagship,quiz,yes,mc,"Sort each expression: is it a COMPLETE prime factorization, or does it still have composite factors? /  / Where does this belong?  6 × 5 (for 30)",Complete Prime Factorization | NOT Complete (Has Composite Factors),NOT Complete (Has Composite Factors),1,
1-1-flagship,quiz,yes,mc,"Sort each expression: is it a COMPLETE prime factorization, or does it still have composite factors? /  / Where does this belong?  8 × 3 (for 24)",Complete Prime Factorization | NOT Complete (Has Composite Factors),NOT Complete (Has Composite Factors),1,
1-1-flagship,quiz,yes,mc,Match each number to its prime factorization. /  / 12,2 × 2 × 7 | 2 × 3 × 3 | 2 × 2 × 5 | 3 × 3 × 5 | 2 × 2 × 3 | 2 × 5 × 5,2 × 2 × 3,1,
1-1-flagship,quiz,yes,mc,Match each number to its prime factorization. /  / 18,2 × 2 × 7 | 2 × 2 × 3 | 2 × 2 × 5 | 3 × 3 × 5 | 2 × 5 × 5 | 2 × 3 × 3,2 × 3 × 3,1,
1-1-flagship,quiz,yes,mc,Match each number to its prime factorization. /  / 20,2 × 2 × 7 | 2 × 3 × 3 | 2 × 2 × 5 | 2 × 2 × 3 | 3 × 3 × 5 | 2 × 5 × 5,2 × 2 × 5,1,
1-1-flagship,quiz,yes,mc,Match each number to its prime factorization. /  / 28,2 × 3 × 3 | 2 × 2 × 5 | 2 × 2 × 7 | 3 × 3 × 5 | 2 × 5 × 5 | 2 × 2 × 3,2 × 2 × 7,1,
1-1-flagship,quiz,yes,mc,Match each number to its prime factorization. /  / 45,2 × 3 × 3 | 2 × 2 × 7 | 2 × 2 × 5 | 2 × 2 × 3 | 2 × 5 × 5 | 3 × 3 × 5,3 × 3 × 5,1,
1-1-flagship,quiz,yes,mc,Match each number to its prime factorization. /  / 50,2 × 2 × 5 | 2 × 3 × 3 | 2 × 2 × 3 | 2 × 2 × 7 | 3 × 3 × 5 | 2 × 5 × 5,2 × 5 × 5,1,
1-1-flagship,quiz,yes,mc,"Sort each number: can it be expressed as a product of exactly TWO prime factors, or does it need THREE or more? /  / Where does this belong?  6 (= 2 × 3)",Product of Exactly Two Primes | Product of Three or More Primes,Product of Exactly Two Primes,1,
1-1-flagship,quiz,yes,mc,"Sort each number: can it be expressed as a product of exactly TWO prime factors, or does it need THREE or more? /  / Where does this belong?  10 (= 2 × 5)",Product of Exactly Two Primes | Product of Three or More Primes,Product of Exactly Two Primes,1,
1-1-flagship,quiz,yes,mc,"Sort each number: can it be expressed as a product of exactly TWO prime factors, or does it need THREE or more? /  / Where does this belong?  15 (= 3 × 5)",Product of Exactly Two Primes | Product of Three or More Primes,Product of Exactly Two Primes,1,
1-1-flagship,quiz,yes,mc,"Sort each number: can it be expressed as a product of exactly TWO prime factors, or does it need THREE or more? /  / Where does this belong?  35 (= 5 × 7)",Product of Exactly Two Primes | Product of Three or More Primes,Product of Exactly Two Primes,1,
1-1-flagship,quiz,yes,mc,"Sort each number: can it be expressed as a product of exactly TWO prime factors, or does it need THREE or more? /  / Where does this belong?  12 (= 2 × 2 × 3)",Product of Exactly Two Primes | Product of Three or More Primes,Product of Three or More Primes,1,
1-1-flagship,quiz,yes,mc,"Sort each number: can it be expressed as a product of exactly TWO prime factors, or does it need THREE or more? /  / Where does this belong?  30 (= 2 × 3 × 5)",Product of Exactly Two Primes | Product of Three or More Primes,Product of Three or More Primes,1,
1-1-flagship,quiz,yes,mc,"Sort each number: can it be expressed as a product of exactly TWO prime factors, or does it need THREE or more? /  / Where does this belong?  24 (= 2 × 2 × 2 × 3)",Product of Exactly Two Primes | Product of Three or More Primes,Product of Three or More Primes,1,
1-1-flagship,quiz,yes,mc,"Sort each number: can it be expressed as a product of exactly TWO prime factors, or does it need THREE or more? /  / Where does this belong?  60 (= 2 × 2 × 3 × 5)",Product of Exactly Two Primes | Product of Three or More Primes,Product of Three or More Primes,1,
1-1-flagship,quiz,yes,mc,Exit Ticket: What is the prime factorization of 40?,2 × 2 × 2 × 5 | 4 × 10 | 5 × 8 | 2 × 20,2 × 2 × 2 × 5,1,"40 = 2 × 20 = 2 × 2 × 10 = 2 × 2 × 2 × 5. All factors (2, 2, 2, 5) are prime."
1-2,notes,no,short,A number that divides evenly into another number with no remainder is a ___.,,,0,
1-2,notes,no,short,Greatest Common Factor: ___,,,0,
1-2,notes,no,short,A factor that two or more numbers share is a ___ factor.,,,0,
1-2,notes,no,short,A number that can be divided by another with no remainder is ___ by that number.,,,0,
1-2,notes,no,short,Prime factorization: ___,,,0,
1-2,notes,no,paragraph,"Mission Control must split 24 food packs and 36 water containers into equal crew pods, with each pod getting the same of each. Why won't the answer just be 24 or 36?",,,0,
1-2,notes,no,paragraph,"How did you find the factors that 24 and 36 share, and how did you decide which one is the GCF?",,,0,
1-2,notes,no,paragraph,The baker has 48 cookies and 32 brownies and wants identical boxes with none left over. How does the GCF tell her the most boxes she can make?,,,0,
1-2,notes,no,paragraph,"How is the greatest common factor different from the least common multiple, and how can you tell which one a problem needs?",,,0,
1-2,notes,no,paragraph,What is the greatest common factor of 24 and 36? How did sorting the factors help you find it?,,,0,
1-2,notes,no,paragraph,How does the GCF help the baker? How many boxes can she make?,,,0,
1-2,practice,no,mc,What is the GCF of 24 and 36?,12 | 6 | 8 | 24,,0,
1-2,practice,no,mc,What is the GCF of 18 and 30?,6 | 3 | 9 | 2,,0,
1-2,practice,no,mc,A baker has 16 muffins and 24 cookies. She makes identical gift boxes using all the treats. What is the greatest number of boxes?,8 | 4 | 6 | 12,,0,
1-2,practice,no,mc,Which pair of numbers has a GCF of 1?,8 and 15 | 8 and 12 | 9 and 15 | 10 and 25,,0,
1-2,practice,no,mc,What is the GCF of 8 and 12?,4 | 2 | 8 | 24,,0,
1-2,practice,no,mc,Which pair of numbers has a GCF of 5?,15 and 25 | 10 and 12 | 6 and 15 | 8 and 20,,0,
1-2,practice,no,mc,What is the GCF of 14 and 21?,7 | 14 | 3 | 1,,0,
1-2,practice,no,paragraph,"Sort these numbers: which are common factors of 16 and 20, and which are NOT?",,,0,
1-2,practice,no,mc,What is the GCF of 9 and 15?,3 | 1 | 9 | 45,,0,
1-2,practice,no,paragraph,Match each pair of numbers to their GCF.,,,0,
1-2,practice,no,paragraph,Use prime factorization to find the GCF.,,,0,
1-2,practice,no,mc,A teacher has 36 pencils and 48 erasers. She wants to make identical supply bags with no items left over. What is the greatest number of bags she can make?,12 bags | 6 bags | 4 bags | 36 bags,,0,
1-2,practice,no,paragraph,"Sort: which pairs have a GCF greater than 1, and which are relatively prime (GCF = 1)?",,,0,
1-2,practice,no,paragraph,Find Amara's Mistake,,,0,
1-2,practice,no,paragraph,"A farmer has 48 apples and 32 oranges. She wants to make gift baskets where every basket has the same number of apples and the same number of oranges, with none left over. Find the greatest number of baskets and explain how you used GCF to solve this.",,,0,
1-2,practice,no,paragraph,"Find the GCF of each pair, then use it to simplify the fraction.",,,0,
1-2,quiz,yes,mc,What is the GCF of 24 and 36?,12 | 6 | 8 | 24,12,1,24 = 2³ × 3 and 36 = 2² × 3². The common factors are 2² × 3 = 12.
1-2,quiz,yes,mc,What is the GCF of 18 and 30?,6 | 3 | 9 | 2,6,1,18 = 2 × 3² and 30 = 2 × 3 × 5. Common factors: 2 × 3 = 6.
1-2,quiz,yes,mc,A baker has 16 muffins and 24 cookies. She makes identical gift boxes using all the treats. What is the greatest number of boxes?,8 | 4 | 6 | 12,8,1,"GCF of 16 and 24 is 8, so she can make 8 equal boxes."
1-2,quiz,yes,mc,Which pair of numbers has a GCF of 1?,8 and 15 | 8 and 12 | 9 and 15 | 10 and 25,8 and 15,1,"8 = 2³ and 15 = 3 × 5 share no common prime factors, so the GCF is 1."
1-2,quiz,yes,mc,What is the GCF of 8 and 12?,4 | 2 | 8 | 24,4,1,"Factors of 8: 1, 2, 4, 8. Factors of 12: 1, 2, 3, 4, 6, 12. The largest common factor is 4."
1-2,quiz,yes,mc,Which pair of numbers has a GCF of 5?,15 and 25 | 10 and 12 | 6 and 15 | 8 and 20,15 and 25,1,"15 = 3 × 5, 25 = 5 × 5. Both share the factor 5, and 5 is the largest shared factor."
1-2,quiz,yes,mc,What is the GCF of 14 and 21?,7 | 14 | 3 | 1,7,1,"Factors of 14: 1, 2, 7, 14. Factors of 21: 1, 3, 7, 21. The largest common factor is 7."
1-2,quiz,yes,mc,What is the GCF of 9 and 15?,3 | 1 | 9 | 45,3,1,"Factors of 9: 1, 3, 9. Factors of 15: 1, 3, 5, 15. The largest common factor is 3."
1-2,quiz,yes,mc,A teacher has 36 pencils and 48 erasers. She wants to make identical supply bags with no items left over. What is the greatest number of bags she can make?,12 bags | 6 bags | 4 bags | 36 bags,12 bags,1,"GCF(36, 48) = 12. She can make 12 bags, each with 3 pencils and 4 erasers."
1-2,quiz,yes,mc,"Sort these numbers: which are common factors of 16 and 20, and which are NOT? /  / Where does this belong?  1",Common Factors of 16 and 20 | NOT Common Factors,Common Factors of 16 and 20,1,
1-2,quiz,yes,mc,"Sort these numbers: which are common factors of 16 and 20, and which are NOT? /  / Where does this belong?  2",Common Factors of 16 and 20 | NOT Common Factors,Common Factors of 16 and 20,1,
1-2,quiz,yes,mc,"Sort these numbers: which are common factors of 16 and 20, and which are NOT? /  / Where does this belong?  4",Common Factors of 16 and 20 | NOT Common Factors,Common Factors of 16 and 20,1,
1-2,quiz,yes,mc,"Sort these numbers: which are common factors of 16 and 20, and which are NOT? /  / Where does this belong?  5",Common Factors of 16 and 20 | NOT Common Factors,NOT Common Factors,1,
1-2,quiz,yes,mc,"Sort these numbers: which are common factors of 16 and 20, and which are NOT? /  / Where does this belong?  8",Common Factors of 16 and 20 | NOT Common Factors,NOT Common Factors,1,
1-2,quiz,yes,mc,"Sort these numbers: which are common factors of 16 and 20, and which are NOT? /  / Where does this belong?  10",Common Factors of 16 and 20 | NOT Common Factors,NOT Common Factors,1,
1-2,quiz,yes,mc,"Match each pair of numbers to their GCF. /  / GCF(6, 9)",6 | 10 | 8 | 5 | 3 | 7,3,1,
1-2,quiz,yes,mc,"Match each pair of numbers to their GCF. /  / GCF(12, 18)",7 | 10 | 5 | 6 | 3 | 8,6,1,
1-2,quiz,yes,mc,"Match each pair of numbers to their GCF. /  / GCF(16, 24)",5 | 6 | 3 | 7 | 10 | 8,8,1,
1-2,quiz,yes,mc,"Match each pair of numbers to their GCF. /  / GCF(20, 30)",5 | 3 | 10 | 7 | 6 | 8,10,1,
1-2,quiz,yes,mc,"Match each pair of numbers to their GCF. /  / GCF(15, 35)",8 | 10 | 3 | 7 | 6 | 5,5,1,
1-2,quiz,yes,mc,"Match each pair of numbers to their GCF. /  / GCF(14, 21)",3 | 7 | 5 | 6 | 8 | 10,7,1,
1-2,quiz,yes,mc,"Sort: which pairs have a GCF greater than 1, and which are relatively prime (GCF = 1)? /  / Where does this belong?  8 and 12 (GCF = 4)",GCF Greater Than 1 | Relatively Prime (GCF = 1),GCF Greater Than 1,1,
1-2,quiz,yes,mc,"Sort: which pairs have a GCF greater than 1, and which are relatively prime (GCF = 1)? /  / Where does this belong?  6 and 15 (GCF = 3)",GCF Greater Than 1 | Relatively Prime (GCF = 1),GCF Greater Than 1,1,
1-2,quiz,yes,mc,"Sort: which pairs have a GCF greater than 1, and which are relatively prime (GCF = 1)? /  / Where does this belong?  10 and 25 (GCF = 5)",GCF Greater Than 1 | Relatively Prime (GCF = 1),GCF Greater Than 1,1,
1-2,quiz,yes,mc,"Sort: which pairs have a GCF greater than 1, and which are relatively prime (GCF = 1)? /  / Where does this belong?  7 and 11 (GCF = 1)",GCF Greater Than 1 | Relatively Prime (GCF = 1),Relatively Prime (GCF = 1),1,
1-2,quiz,yes,mc,"Sort: which pairs have a GCF greater than 1, and which are relatively prime (GCF = 1)? /  / Where does this belong?  8 and 15 (GCF = 1)",GCF Greater Than 1 | Relatively Prime (GCF = 1),Relatively Prime (GCF = 1),1,
1-2,quiz,yes,mc,"Sort: which pairs have a GCF greater than 1, and which are relatively prime (GCF = 1)? /  / Where does this belong?  9 and 14 (GCF = 1)",GCF Greater Than 1 | Relatively Prime (GCF = 1),Relatively Prime (GCF = 1),1,
1-2,quiz,yes,mc,Exit Ticket: What is the GCF of 18 and 27?,9 | 3 | 6 | 18,9,1,"Factors of 18: 1, 2, 3, 6, 9, 18. Factors of 27: 1, 3, 9, 27. Common: 1, 3, 9. GCF = 9."
1-3,notes,no,short,The product of a number and any whole number is a ___ of that number.,,,0,
1-3,notes,no,short,Least common multiple: ___,,,0,
1-3,notes,no,short,A multiple that two or more numbers share is a ___ multiple.,,,0,
1-3,notes,no,short,"Counting forward by a number other than 1, like 6, 12, 18, is called ___.",,,0,
1-3,notes,no,short,Prime factorization: ___,,,0,
1-3,notes,no,paragraph,"Astronaut Reyes checks oxygen every 4 hours and Chen checks water every 6 hours, both starting at 6:00 AM. Why isn't the next shared check simply 10 hours later (4 + 6)?",,,0,
1-3,notes,no,paragraph,You skip counted the multiples of 4 and 6. How did you find the least common multiple from your lists?,,,0,
1-3,notes,no,paragraph,Hot dogs come in packs of 8 and buns in packs of 6. How does the LCM help you buy the fewest of each so none are left over?,,,0,
1-3,notes,no,paragraph,How do you decide whether a real-world problem needs the LCM or the GCF?,,,0,
1-3,notes,no,paragraph,What is the least common multiple of 4 and 6? How did sorting the multiples help you find it?,,,0,
1-3,notes,no,paragraph,How does the LCM help you figure out the fewest hot dogs and buns to buy so they come out even?,,,0,
1-3,practice,no,mc,What is the LCM of 6 and 8?,24 | 48 | 12 | 16,,0,
1-3,practice,no,mc,What is the LCM of 4 and 10?,20 | 40 | 30 | 12,,0,
1-3,practice,no,mc,One bus leaves every 12 minutes and another every 15 minutes. They leave together at 9:00. When do they next leave together?,After 60 minutes | After 30 minutes | After 45 minutes | After 27 minutes,,0,
1-3,practice,no,mc,What is the LCM of 9 and 12?,36 | 72 | 18 | 108,,0,
1-3,practice,no,mc,What is the LCM of 3 and 5?,15 | 3 | 5 | 30,,0,
1-3,practice,no,mc,What is the LCM of 6 and 8?,24 | 48 | 14 | 6,,0,
1-3,practice,no,mc,What is the LCM of 4 and 10?,20 | 40 | 10 | 2,,0,
1-3,practice,no,paragraph,Find the LCM of 5 and 6 on the number line,,,0,
1-3,practice,no,mc,What is the LCM of 2 and 7?,14 | 7 | 2 | 9,,0,
1-3,practice,no,paragraph,Match each pair of numbers to their LCM.,,,0,
1-3,practice,no,paragraph,List multiples of each number until you find the LCM.,,,0,
1-3,practice,no,mc,Two buses leave the station at 8:00 AM. Bus A returns every 15 minutes and Bus B returns every 20 minutes. When is the next time both buses are at the station together?,9:00 AM (60 minutes later) | 8:30 AM (30 minutes later) | 8:40 AM (40 minutes later) | 9:20 AM (80 minutes later),,0,
1-3,practice,no,paragraph,"Sort each pair: does the LCM equal the product of the two numbers, or is the LCM less than the product?",,,0,
1-3,practice,no,paragraph,Find Jaylen's Mistake,,,0,
1-3,practice,no,paragraph,Hot dogs come in packs of 8 and buns come in packs of 6. What is the fewest of each you can buy so you have the same number of hot dogs and buns with none left over? Explain how the LCM solves this problem.,,,0,
1-3,practice,no,paragraph,Use prime factorization to find the LCM. Take the highest power of each prime factor.,,,0,
1-3,quiz,yes,mc,What is the LCM of 6 and 8?,24 | 48 | 12 | 16,24,1,"6 = 2 × 3, 8 = 2³. LCM = 2³ × 3 = 24."
1-3,quiz,yes,mc,What is the LCM of 4 and 10?,20 | 40 | 30 | 12,20,1,"4 = 2², 10 = 2 × 5. LCM = 2² × 5 = 20."
1-3,quiz,yes,mc,One bus leaves every 12 minutes and another every 15 minutes. They leave together at 9:00. When do they next leave together?,After 60 minutes | After 30 minutes | After 45 minutes | After 27 minutes,After 60 minutes,1,"LCM of 12 and 15 is 60, so they leave together again 60 minutes later."
1-3,quiz,yes,mc,What is the LCM of 9 and 12?,36 | 72 | 18 | 108,36,1,"9 = 3², 12 = 2² × 3. LCM = 2² × 3² = 36."
1-3,quiz,yes,mc,What is the LCM of 3 and 5?,15 | 3 | 5 | 30,15,1,"Multiples of 3: 3, 6, 9, 12, 15, ... Multiples of 5: 5, 10, 15, ... The smallest common multiple is 15."
1-3,quiz,yes,mc,What is the LCM of 6 and 8?,24 | 48 | 14 | 6,24,1,"Multiples of 6: 6, 12, 18, 24, ... Multiples of 8: 8, 16, 24, ... The smallest common multiple is 24."
1-3,quiz,yes,mc,What is the LCM of 4 and 10?,20 | 40 | 10 | 2,20,1,"Multiples of 4: 4, 8, 12, 16, 20, ... Multiples of 10: 10, 20, ... The smallest common multiple is 20."
1-3,quiz,yes,mc,What is the LCM of 2 and 7?,14 | 7 | 2 | 9,14,1,"Since 2 and 7 share no common factors (they are relatively prime), LCM = 2 × 7 = 14."
1-3,quiz,yes,mc,Two buses leave the station at 8:00 AM. Bus A returns every 15 minutes and Bus B returns every 20 minutes. When is the next time both buses are at the station together?,9:00 AM (60 minutes later) | 8:30 AM (30 minutes later) | 8:40 AM (40 minutes later) | 9:20 AM (80 minutes later),9:00 AM (60 minutes later),1,"LCM(15, 20) = 60 minutes. Both buses return together 60 minutes after 8:00 AM, at 9:00 AM."
1-3,quiz,yes,mc,"Match each pair of numbers to their LCM. /  / LCM(2, 5)",18 | 24 | 35 | 12 | 20 | 10,10,1,
1-3,quiz,yes,mc,"Match each pair of numbers to their LCM. /  / LCM(4, 10)",35 | 18 | 12 | 20 | 10 | 24,20,1,
1-3,quiz,yes,mc,"Match each pair of numbers to their LCM. /  / LCM(3, 8)",10 | 12 | 24 | 35 | 18 | 20,24,1,
1-3,quiz,yes,mc,"Match each pair of numbers to their LCM. /  / LCM(6, 9)",35 | 18 | 10 | 12 | 24 | 20,18,1,
1-3,quiz,yes,mc,"Match each pair of numbers to their LCM. /  / LCM(5, 7)",10 | 20 | 24 | 18 | 35 | 12,35,1,
1-3,quiz,yes,mc,"Match each pair of numbers to their LCM. /  / LCM(4, 6)",10 | 18 | 12 | 35 | 20 | 24,12,1,
1-3,quiz,yes,mc,"Sort each pair: does the LCM equal the product of the two numbers, or is the LCM less than the product? /  / Where does this belong?  3 and 7 → LCM = 21 = 3 × 7",LCM = Product (no shared factors) | LCM < Product (shared factors),LCM = Product (no shared factors),1,
1-3,quiz,yes,mc,"Sort each pair: does the LCM equal the product of the two numbers, or is the LCM less than the product? /  / Where does this belong?  5 and 11 → LCM = 55 = 5 × 11",LCM = Product (no shared factors) | LCM < Product (shared factors),LCM = Product (no shared factors),1,
1-3,quiz,yes,mc,"Sort each pair: does the LCM equal the product of the two numbers, or is the LCM less than the product? /  / Where does this belong?  2 and 9 → LCM = 18 = 2 × 9",LCM = Product (no shared factors) | LCM < Product (shared factors),LCM = Product (no shared factors),1,
1-3,quiz,yes,mc,"Sort each pair: does the LCM equal the product of the two numbers, or is the LCM less than the product? /  / Where does this belong?  4 and 6 → LCM = 12 < 4 × 6 = 24",LCM = Product (no shared factors) | LCM < Product (shared factors),LCM < Product (shared factors),1,
1-3,quiz,yes,mc,"Sort each pair: does the LCM equal the product of the two numbers, or is the LCM less than the product? /  / Where does this belong?  6 and 8 → LCM = 24 < 6 × 8 = 48",LCM = Product (no shared factors) | LCM < Product (shared factors),LCM < Product (shared factors),1,
1-3,quiz,yes,mc,"Sort each pair: does the LCM equal the product of the two numbers, or is the LCM less than the product? /  / Where does this belong?  10 and 15 → LCM = 30 < 10 × 15 = 150",LCM = Product (no shared factors) | LCM < Product (shared factors),LCM < Product (shared factors),1,
1-3,quiz,yes,mc,Exit Ticket: What is the LCM of 9 and 12?,36 | 108 | 3 | 72,36,1,"Multiples of 9: 9, 18, 27, 36, ... Multiples of 12: 12, 24, 36, ... The smallest common multiple is 36."
1-4,notes,no,short,"In 84 ÷ 7, the number 84 being divided is the ___.",,,0,
1-4,notes,no,short,"In 84 ÷ 7, the number 7 that we divide by is the ___.",,,0,
1-4,notes,no,short,The answer to a division problem is called the ___.,,,0,
1-4,notes,no,short,"When a number does not divide evenly, the amount left over is the ___.",,,0,
1-4,notes,no,short,Breaking division into easier chunks and adding the pieces uses ___.,,,0,
1-4,notes,no,paragraph,"The station must divide 1,344 nutrition bars equally among 12 crew sections. Before dividing, about how many bars should each section get, and how do you know?",,,0,
1-4,notes,no,paragraph,"You used partial quotients for 1,344 ÷ 12. What steps did you use, and how do they build to the final quotient?",,,0,
1-4,notes,no,paragraph,"A school divides 1,680 pencils equally among 24 classrooms. How does multi-digit division tell each classroom's share, and how can you check it?",,,0,
1-4,notes,no,paragraph,"In a division problem, what is the difference between the quotient and the remainder, and what does each one tell you?",,,0,
1-4,notes,no,paragraph,"How do partial quotients help you divide large numbers? What is 1,344 ÷ 12?",,,0,
1-4,notes,no,paragraph,How does multi-digit division help the school figure out how many pencils each classroom gets?,,,0,
1-4,practice,no,mc,"What is 4,896 ÷ 12?",408 | 48 | 480 | 380,,0,
1-4,practice,no,mc,"What is 7,225 ÷ 25?","289 | 29 | 2,890 | 389",,0,
1-4,practice,no,mc,"A school orders 3,648 pencils packed 24 to a box. How many boxes are there?",152 | 148 | 160 | 144,,0,
1-4,practice,no,mc,"What is 5,084 ÷ 31?",164 | 154 | 174 | 164 r2,,0,
1-4,practice,no,mc,What is 936 ÷ 12?,78 | 87 | 68 | 76,,0,
1-4,practice,no,mc,"What is 2,485 ÷ 5?",497 | 487 | 507 | 496,,0,
1-4,practice,no,mc,What is 756 ÷ 9?,84 | 83 | 94 | 86,,0,
1-4,practice,no,paragraph,Use partial quotients to divide. Fill in the blanks.,,,0,
1-4,practice,no,mc,"What is 1,125 ÷ 9?",125 | 115 | 135 | 124,,0,
1-4,practice,no,paragraph,Complete each division problem.,,,0,
1-4,practice,no,paragraph,Match each division problem to its quotient.,,,0,
1-4,practice,no,mc,"A warehouse has 2,184 items to pack into boxes of 14. How many boxes are needed?",156 boxes | 146 boxes | 166 boxes | 155 boxes,,0,
1-4,practice,no,paragraph,"Sort each division problem: does it divide evenly (no remainder), or does it have a remainder?",,,0,
1-4,practice,no,paragraph,Find Sonia's Mistake,,,0,
1-4,practice,no,paragraph,"A school has 1,680 pencils to distribute equally to 24 classrooms. Show how to solve this using partial quotients. Explain each step and check your answer by multiplying.",,,0,
1-4,practice,no,paragraph,Solve each problem using long division. Show the quotient and any remainder.,,,0,
1-4,quiz,yes,mc,"What is 4,896 ÷ 12?",408 | 48 | 480 | 380,408,1,"12 × 408 = 4,896."
1-4,quiz,yes,mc,"What is 7,225 ÷ 25?","289 | 29 | 2,890 | 389",289,1,"25 × 289 = 7,225."
1-4,quiz,yes,mc,"A school orders 3,648 pencils packed 24 to a box. How many boxes are there?",152 | 148 | 160 | 144,152,1,"3,648 ÷ 24 = 152 boxes."
1-4,quiz,yes,mc,"What is 5,084 ÷ 31?",164 | 154 | 174 | 164 r2,164,1,"31 × 164 = 5,084 exactly, so there is no remainder."
1-4,quiz,yes,mc,What is 936 ÷ 12?,78 | 87 | 68 | 76,78,1,"12 × 78 = 936. You can verify: 12 × 70 = 840, 12 × 8 = 96, 840 + 96 = 936."
1-4,quiz,yes,mc,"What is 2,485 ÷ 5?",497 | 487 | 507 | 496,497,1,"5 × 497 = 2,485. Check: 5 × 400 = 2,000, 5 × 90 = 450, 5 × 7 = 35. 2,000 + 450 + 35 = 2,485."
1-4,quiz,yes,mc,What is 756 ÷ 9?,84 | 83 | 94 | 86,84,1,"9 × 84 = 756. Check: 9 × 80 = 720, 9 × 4 = 36, 720 + 36 = 756."
1-4,quiz,yes,mc,"What is 1,125 ÷ 9?",125 | 115 | 135 | 124,125,1,"9 × 125 = 1,125. Check: 9 × 100 = 900, 9 × 25 = 225, 900 + 225 = 1,125."
1-4,quiz,yes,mc,"A warehouse has 2,184 items to pack into boxes of 14. How many boxes are needed?",156 boxes | 146 boxes | 166 boxes | 155 boxes,156 boxes,1,"2,184 ÷ 14 = 156. Check: 14 × 156 = 14 × 150 + 14 × 6 = 2,100 + 84 = 2,184."
1-4,quiz,yes,mc,Match each division problem to its quotient. /  / 450 ÷ 18,63 | 60 | 140 | 72 | 63 | 25,25,1,
1-4,quiz,yes,mc,"Match each division problem to its quotient. /  / 1,008 ÷ 16",72 | 60 | 63 | 25 | 140 | 63,63,1,
1-4,quiz,yes,mc,"Match each division problem to its quotient. /  / 1,440 ÷ 24",63 | 25 | 63 | 60 | 140 | 72,60,1,
1-4,quiz,yes,mc,"Match each division problem to its quotient. /  / 2,100 ÷ 15",72 | 63 | 140 | 60 | 25 | 63,140,1,
1-4,quiz,yes,mc,Match each division problem to its quotient. /  / 864 ÷ 12,72 | 63 | 63 | 140 | 60 | 25,72,1,
1-4,quiz,yes,mc,"Match each division problem to its quotient. /  / 1,575 ÷ 25",140 | 63 | 72 | 63 | 60 | 25,63,1,
1-4,quiz,yes,mc,"Sort each division problem: does it divide evenly (no remainder), or does it have a remainder? /  / Where does this belong?  144 ÷ 12 = 12",Divides Evenly | Has a Remainder,Divides Evenly,1,
1-4,quiz,yes,mc,"Sort each division problem: does it divide evenly (no remainder), or does it have a remainder? /  / Where does this belong?  480 ÷ 16 = 30",Divides Evenly | Has a Remainder,Divides Evenly,1,
1-4,quiz,yes,mc,"Sort each division problem: does it divide evenly (no remainder), or does it have a remainder? /  / Where does this belong?  1,000 ÷ 8 = 125",Divides Evenly | Has a Remainder,Divides Evenly,1,
1-4,quiz,yes,mc,"Sort each division problem: does it divide evenly (no remainder), or does it have a remainder? /  / Where does this belong?  100 ÷ 7 = 14 R 2",Divides Evenly | Has a Remainder,Has a Remainder,1,
1-4,quiz,yes,mc,"Sort each division problem: does it divide evenly (no remainder), or does it have a remainder? /  / Where does this belong?  500 ÷ 13 = 38 R 6",Divides Evenly | Has a Remainder,Has a Remainder,1,
1-4,quiz,yes,mc,"Sort each division problem: does it divide evenly (no remainder), or does it have a remainder? /  / Where does this belong?  250 ÷ 9 = 27 R 7",Divides Evenly | Has a Remainder,Has a Remainder,1,
1-4,quiz,yes,mc,"Exit Ticket: What is 2,352 ÷ 16?",147 | 137 | 157 | 146,147,1,"16 × 147 = 2,352. Check: 16 × 100 = 1,600, 16 × 40 = 640, 16 × 7 = 112. 1,600 + 640 + 112 = 2,352."
1-5,notes,no,short,A number that uses a point to show a value less than one whole is a ___.,,,0,
1-5,notes,no,short,The value a digit has based on its position in a number is its ___.,,,0,
1-5,notes,no,short,The first place to the right of the decimal point is the ___ place.,,,0,
1-5,notes,no,short,The second place to the right of the decimal point is the ___ place.,,,0,
1-5,notes,no,short,Writing extra zeros at the end of a decimal so the places line up is called ___.,,,0,
1-5,notes,no,paragraph,"The fuel tank reads 128.75 liters, a shuttle delivers 46.8 liters, and docking thrusters used 19.35 liters. Why must you line up the decimal points before adding or subtracting these amounts?",,,0,
1-5,notes,no,paragraph,"When you added 128.75 and 46.8, how did you handle 46.8 having fewer decimal places, and when did you need to regroup?",,,0,
1-5,notes,no,paragraph,"A runner's three laps are 2.45, 2.6, and 2.38 minutes. How do you add decimals with different numbers of places to find her total time?",,,0,
1-5,notes,no,paragraph,"Why does lining up place values matter MORE with decimals than with whole numbers, where you can just line up the right edge?",,,0,
1-5,notes,no,paragraph,How does a number line help you see what happens when you add or subtract decimals?,,,0,
1-5,notes,no,paragraph,How do you add decimals with different numbers of decimal places to find her total time?,,,0,
1-5,practice,no,mc,What is 12.45 + 7.8?,20.25 | 19.25 | 20.5 | 12.53,,0,
1-5,practice,no,mc,What is 30 − 14.6?,15.4 | 16.4 | 15.6 | 14.6,,0,
1-5,practice,no,mc,Maya buys items for $8.75 and $3.40. She pays with $20. How much change does she get?,$7.85 | $7.15 | $11.85 | $8.15,,0,
1-5,practice,no,mc,What is 9.07 + 0.93?,10 | 9.10 | 10.1 | 9.97,,0,
1-5,practice,no,mc,What is 14.6 + 3.85?,18.45 | 18.35 | 17.45 | 18.55,,0,
1-5,practice,no,mc,What is 20.3 − 7.48?,12.82 | 13.82 | 12.92 | 12.18,,0,
1-5,practice,no,mc,What is 9.05 + 4.7?,13.75 | 13.12 | 14.75 | 13.57,,0,
1-5,practice,no,paragraph,Show 6.5 − 2.8 and 3.25 + 1.5 on the number line,,,0,
1-5,practice,no,mc,What is 50 − 23.47?,26.53 | 27.53 | 26.63 | 27.47,,0,
1-5,practice,no,paragraph,Compute each decimal sum or difference.,,,0,
1-5,practice,no,paragraph,"Estimate each sum or difference by rounding to the nearest whole number, then sort: is the result greater than 10 or less than 10?",,,0,
1-5,practice,no,mc,"A student buys items costing $4.59, $12.75, and $3.80. What is the total cost?",$21.14 | $20.14 | $21.04 | $21.24,,0,
1-5,practice,no,paragraph,Match each expression to its answer.,,,0,
1-5,practice,no,paragraph,Find Tasha's Mistake,,,0,
1-5,practice,no,paragraph,"A runner's lap times are 2.45 minutes, 2.6 minutes, and 2.38 minutes. Her personal record is 7.5 minutes total. Did she beat her record? Show all your work with decimal alignment and explain.",,,0,
1-5,practice,no,paragraph,Find the missing number in each equation.,,,0,
1-5,quiz,yes,mc,What is 12.45 + 7.8?,20.25 | 19.25 | 20.5 | 12.53,20.25,1,Line up decimal points: 12.45 + 7.80 = 20.25.
1-5,quiz,yes,mc,What is 30 − 14.6?,15.4 | 16.4 | 15.6 | 14.6,15.4,1,30.0 − 14.6 = 15.4.
1-5,quiz,yes,mc,Maya buys items for $8.75 and $3.40. She pays with $20. How much change does she get?,$7.85 | $7.15 | $11.85 | $8.15,$7.85,1,8.75 + 3.40 = 12.15; 20.00 − 12.15 = 7.85.
1-5,quiz,yes,mc,What is 9.07 + 0.93?,10 | 9.10 | 10.1 | 9.97,10,1,9.07 + 0.93 = 10.00.
1-5,quiz,yes,mc,What is 14.6 + 3.85?,18.45 | 18.35 | 17.45 | 18.55,18.45,1,"Line up decimals: 14.60 + 3.85. Hundredths: 0 + 5 = 5. Tenths: 6 + 8 = 14, write 4 carry 1. Ones: 4 + 3 + 1 = 8. Tens: 1. Answer: 18.45."
1-5,quiz,yes,mc,What is 20.3 − 7.48?,12.82 | 13.82 | 12.92 | 12.18,12.82,1,Rewrite as 20.30 − 7.48. Annex a zero so both have two decimal places. Work carefully with borrowing: 20.30 − 7.48 = 12.82.
1-5,quiz,yes,mc,What is 9.05 + 4.7?,13.75 | 13.12 | 14.75 | 13.57,13.75,1,Line up decimals: 9.05 + 4.70. Hundredths: 5 + 0 = 5. Tenths: 0 + 7 = 7. Ones: 9 + 4 = 13. Answer: 13.75.
1-5,quiz,yes,mc,What is 50 − 23.47?,26.53 | 27.53 | 26.63 | 27.47,26.53,1,Rewrite 50 as 50.00. Then 50.00 − 23.47 = 26.53. You must borrow across multiple places.
1-5,quiz,yes,mc,"A student buys items costing $4.59, $12.75, and $3.80. What is the total cost?",$21.14 | $20.14 | $21.04 | $21.24,$21.14,1,4.59 + 12.75 + 3.80 = 21.14. Line up decimal points and add column by column.
1-5,quiz,yes,mc,"Estimate each sum or difference by rounding to the nearest whole number, then sort: is the result greater than 10 or less than 10? /  / Where does this belong?  7.8 + 3.45 = 11.25",Result Greater Than 10 | Result Less Than 10,Result Greater Than 10,1,
1-5,quiz,yes,mc,"Estimate each sum or difference by rounding to the nearest whole number, then sort: is the result greater than 10 or less than 10? /  / Where does this belong?  6.25 + 5.9 = 12.15",Result Greater Than 10 | Result Less Than 10,Result Greater Than 10,1,
1-5,quiz,yes,mc,"Estimate each sum or difference by rounding to the nearest whole number, then sort: is the result greater than 10 or less than 10? /  / Where does this belong?  15.3 − 4.7 = 10.6",Result Greater Than 10 | Result Less Than 10,Result Greater Than 10,1,
1-5,quiz,yes,mc,"Estimate each sum or difference by rounding to the nearest whole number, then sort: is the result greater than 10 or less than 10? /  / Where does this belong?  8.4 − 2.15 = 6.25",Result Greater Than 10 | Result Less Than 10,Result Less Than 10,1,
1-5,quiz,yes,mc,"Estimate each sum or difference by rounding to the nearest whole number, then sort: is the result greater than 10 or less than 10? /  / Where does this belong?  5.6 + 3.82 = 9.42",Result Greater Than 10 | Result Less Than 10,Result Less Than 10,1,
1-5,quiz,yes,mc,"Estimate each sum or difference by rounding to the nearest whole number, then sort: is the result greater than 10 or less than 10? /  / Where does this belong?  12.1 − 4.95 = 7.15",Result Greater Than 10 | Result Less Than 10,Result Less Than 10,1,
1-5,quiz,yes,mc,Match each expression to its answer. /  / 8.5 + 3.75,10 | 6.55 | 12.25 | 8.4 | 12 | 6.55,12.25,1,
1-5,quiz,yes,mc,Match each expression to its answer. /  / 15.2 − 6.8,6.55 | 6.55 | 12 | 12.25 | 10 | 8.4,8.4,1,
1-5,quiz,yes,mc,Match each expression to its answer. /  / 4.06 + 7.94,6.55 | 12 | 8.4 | 10 | 12.25 | 6.55,12,1,
1-5,quiz,yes,mc,Match each expression to its answer. /  / 20 − 13.45,6.55 | 10 | 12 | 6.55 | 12.25 | 8.4,6.55,1,
1-5,quiz,yes,mc,Match each expression to its answer. /  / 9.99 + 0.01,8.4 | 10 | 12 | 6.55 | 6.55 | 12.25,10,1,
1-5,quiz,yes,mc,Match each expression to its answer. /  / 11.3 − 4.75,12.25 | 12 | 10 | 6.55 | 6.55 | 8.4,6.55,1,
1-5,quiz,yes,mc,Exit Ticket: What is 32.6 − 14.85?,17.75 | 18.75 | 17.85 | 17.25,17.75,1,Rewrite as 32.60 − 14.85. Hundredths: 0 − 5 → borrow → 10 − 5 = 5. Tenths: 5 − 8 → borrow → 15 − 8 = 7. Ones: 1 − 4 → borrow → 11 − 4 = 7. Tens: 2 − 1 = 1. Answer: 17.75.
1-6,notes,no,short,The answer to a multiplication problem is the ___.,,,0,
1-6,notes,no,short,The dot that separates whole numbers from parts of a whole is the ___.,,,0,
1-6,notes,no,short,"Finding an answer that is close but not exact, to check if a product is reasonable, is to ___.",,,0,
1-6,notes,no,short,The value a digit has based on its position is its ___.,,,0,
1-6,notes,no,short,"To place the point in a product, I count the total number of ___ in both factors.",,,0,
1-6,notes,no,paragraph,"The station needs 4.5 meters of heat shielding at $12.60 per meter. About how much will it cost, and how did you estimate before multiplying?",,,0,
1-6,notes,no,paragraph,"When you multiplied 4.5 × 12.60, how did you decide where to put the decimal point in the product?",,,0,
1-6,notes,no,paragraph,"A family buys 3.5 pounds of deli meat at $6.80 per pound. How do you multiply the decimals to find the total cost, and how can estimating check it?",,,0,
1-6,notes,no,paragraph,How is placing the decimal point in a product different from lining up decimals when adding? Why don't you line up the points to multiply?,,,0,
1-6,notes,no,paragraph,How did estimating by rounding help you sort the products? How do you decide where to place the decimal in the exact product?,,,0,
1-6,notes,no,paragraph,How do you multiply decimals to find the total cost? How can estimation help you check?,,,0,
1-6,practice,no,mc,What is 3.5 × 0.4?,1.4 | 14 | 0.14 | 1.40 with 1 decimal,,0,
1-6,practice,no,mc,What is 0.6 × 0.07?,0.042 | 0.42 | 0.0042 | 4.2,,0,
1-6,practice,no,mc,A juice costs $1.25. How much do 6 juices cost?,$7.50 | $6.25 | $7.25 | $8.50,,0,
1-6,practice,no,mc,What is 2.4 × 1.5?,3.6 | 36 | 0.36 | 3.9,,0,
1-6,practice,no,mc,What is 3.4 × 2.6?,8.84 | 88.4 | 0.884 | 8.48,,0,
1-6,practice,no,mc,What is 0.7 × 1.5?,1.05 | 10.5 | 0.105 | 1.50,,0,
1-6,practice,no,mc,What is 5.3 × 4?,21.2 | 2.12 | 212 | 20.12,,0,
1-6,practice,no,paragraph,"Multiply as whole numbers, then place the decimal point.",,,0,
1-6,practice,no,mc,Which estimate is closest to 4.8 × 3.2?,"5 × 3 = 15 | 4 × 3 = 12 | 5 × 4 = 20 | 48 × 32 = 1,536",,0,
1-6,practice,no,paragraph,Match each expression to its product.,,,0,
1-6,practice,no,paragraph,Complete each decimal multiplication.,,,0,
1-6,practice,no,mc,A car travels 55.5 miles per hour for 2.4 hours. How far does it go?,"133.2 miles | 13.32 miles | 1,332 miles | 57.9 miles",,0,
1-6,practice,no,paragraph,"Sort: when you multiply two decimals, is the product GREATER than both factors, or LESS than at least one factor?",,,0,
1-6,practice,no,paragraph,Find Kai's Mistake,,,0,
1-6,practice,no,paragraph,A family buys 3.5 pounds of deli meat at $6.80 per pound. Show how to find the total cost. Use estimation to check if your answer is reasonable.,,,0,
1-6,practice,no,paragraph,Find the missing factor.,,,0,
1-6,quiz,yes,mc,What is 3.5 × 0.4?,1.4 | 14 | 0.14 | 1.40 with 1 decimal,1.4,1,35 × 4 = 140; total of 2 decimal places gives 1.40 = 1.4.
1-6,quiz,yes,mc,What is 0.6 × 0.07?,0.042 | 0.42 | 0.0042 | 4.2,0.042,1,6 × 7 = 42; with 3 decimal places it is 0.042.
1-6,quiz,yes,mc,A juice costs $1.25. How much do 6 juices cost?,$7.50 | $6.25 | $7.25 | $8.50,$7.50,1,1.25 × 6 = 7.50.
1-6,quiz,yes,mc,What is 2.4 × 1.5?,3.6 | 36 | 0.36 | 3.9,3.6,1,24 × 15 = 360; with 2 decimal places it is 3.60 = 3.6.
1-6,quiz,yes,mc,What is 3.4 × 2.6?,8.84 | 88.4 | 0.884 | 8.48,8.84,1,"34 × 26 = 884. There are 2 total decimal places (1 + 1), so place the decimal to get 8.84."
1-6,quiz,yes,mc,What is 0.7 × 1.5?,1.05 | 10.5 | 0.105 | 1.50,1.05,1,"7 × 15 = 105. There are 2 total decimal places (1 + 1), so place the decimal to get 1.05."
1-6,quiz,yes,mc,What is 5.3 × 4?,21.2 | 2.12 | 212 | 20.12,21.2,1,"53 × 4 = 212. There is 1 total decimal place, so place the decimal to get 21.2."
1-6,quiz,yes,mc,Which estimate is closest to 4.8 × 3.2?,"5 × 3 = 15 | 4 × 3 = 12 | 5 × 4 = 20 | 48 × 32 = 1,536",5 × 3 = 15,1,Round 4.8 to 5 and 3.2 to 3. The estimate 5 × 3 = 15 is closest to the exact answer 15.36.
1-6,quiz,yes,mc,A car travels 55.5 miles per hour for 2.4 hours. How far does it go?,"133.2 miles | 13.32 miles | 1,332 miles | 57.9 miles",133.2 miles,1,"555 × 24 = 13,320. Total decimal places: 1 + 1 = 2. Answer: 133.20 = 133.2 miles."
1-6,quiz,yes,mc,Match each expression to its product. /  / 2.5 × 4,10 | 12 | 1.8 | 9 | 0.48 | 0.36,10,1,
1-6,quiz,yes,mc,Match each expression to its product. /  / 1.2 × 0.3,10 | 0.36 | 0.48 | 9 | 1.8 | 12,0.36,1,
1-6,quiz,yes,mc,Match each expression to its product. /  / 3.6 × 0.5,1.8 | 12 | 9 | 0.48 | 0.36 | 10,1.8,1,
1-6,quiz,yes,mc,Match each expression to its product. /  / 4.8 × 2.5,12 | 9 | 1.8 | 0.36 | 0.48 | 10,12,1,
1-6,quiz,yes,mc,Match each expression to its product. /  / 0.6 × 0.8,0.36 | 1.8 | 12 | 0.48 | 9 | 10,0.48,1,
1-6,quiz,yes,mc,Match each expression to its product. /  / 7.5 × 1.2,0.36 | 12 | 0.48 | 9 | 1.8 | 10,9,1,
1-6,quiz,yes,mc,"Sort: when you multiply two decimals, is the product GREATER than both factors, or LESS than at least one factor? /  / Where does this belong?  3.5 × 4 = 14 (greater than both)",Product Greater Than Both Factors | Product Less Than at Least One Factor,Product Greater Than Both Factors,1,
1-6,quiz,yes,mc,"Sort: when you multiply two decimals, is the product GREATER than both factors, or LESS than at least one factor? /  / Where does this belong?  6 × 2.5 = 15 (greater than both)",Product Greater Than Both Factors | Product Less Than at Least One Factor,Product Greater Than Both Factors,1,
1-6,quiz,yes,mc,"Sort: when you multiply two decimals, is the product GREATER than both factors, or LESS than at least one factor? /  / Where does this belong?  10 × 1.5 = 15 (greater than both)",Product Greater Than Both Factors | Product Less Than at Least One Factor,Product Greater Than Both Factors,1,
1-6,quiz,yes,mc,"Sort: when you multiply two decimals, is the product GREATER than both factors, or LESS than at least one factor? /  / Where does this belong?  0.5 × 8 = 4 (less than 8)",Product Greater Than Both Factors | Product Less Than at Least One Factor,Product Less Than at Least One Factor,1,
1-6,quiz,yes,mc,"Sort: when you multiply two decimals, is the product GREATER than both factors, or LESS than at least one factor? /  / Where does this belong?  0.3 × 0.4 = 0.12 (less than both)",Product Greater Than Both Factors | Product Less Than at Least One Factor,Product Less Than at Least One Factor,1,
1-6,quiz,yes,mc,"Sort: when you multiply two decimals, is the product GREATER than both factors, or LESS than at least one factor? /  / Where does this belong?  0.7 × 6 = 4.2 (less than 6)",Product Greater Than Both Factors | Product Less Than at Least One Factor,Product Less Than at Least One Factor,1,
1-6,quiz,yes,mc,Exit Ticket: What is 4.6 × 2.3?,10.58 | 105.8 | 1.058 | 10.48,10.58,1,"46 × 23 = 1,058. There are 2 total decimal places (1 + 1), so the answer is 10.58."
1-7,notes,no,short,"In a division problem, the number being divided is the ___.",,,0,
1-7,notes,no,short,"In a division problem, the number we divide by is the ___.",,,0,
1-7,notes,no,short,The answer to a division problem is the ___.,,,0,
1-7,notes,no,short,Dividing numbers that include a decimal point is called ___.,,,0,
1-7,notes,no,short,Multiplying both the dividend and divisor by the same power of 10 creates an ___ that is easier to solve.,,,0,
1-7,notes,no,paragraph,The station has 18.9 kilograms of mineral to divide into 6.3-kilogram pods. Why can't you divide by the decimal 6.3 directly the same way you divide by a whole number?,,,0,
1-7,notes,no,paragraph,"When you divided 18.9 by 6.3, how did you use equivalent division to make the divisor a whole number?",,,0,
1-7,notes,no,paragraph,A ribbon is 16.8 feet long and you cut pieces that are each 2.4 feet. How does decimal division tell you how many pieces you can cut?,,,0,
1-7,notes,no,paragraph,Why does making the divisor a whole number first make dividing by a decimal so much easier?,,,0,
1-7,notes,no,paragraph,Why does multiplying both the dividend and divisor by the same power of 10 give you the same quotient?,,,0,
1-7,notes,no,paragraph,How does decimal division help you figure out how many pieces you can cut?,,,0,
1-7,practice,no,mc,What is 4.8 ÷ 0.6?,8 | 0.8 | 80 | 4.2,,0,
1-7,practice,no,mc,What is 9.45 ÷ 0.9?,10.5 | 1.05 | 105 | 9.5,,0,
1-7,practice,no,mc,A ribbon is 7.2 meters long and is cut into 0.8-meter pieces. How many pieces are there?,9 | 8 | 7 | 10,,0,
1-7,practice,no,mc,What is 15 ÷ 0.25?,60 | 6 | 1.5 | 0.6,,0,
1-7,practice,no,mc,What is 14.4 ÷ 1.2?,12 | 1.2 | 120 | 0.12,,0,
1-7,practice,no,mc,What is 3.78 ÷ 0.6?,6.3 | 63 | 0.63 | 0.063,,0,
1-7,practice,no,mc,What is 8.4 ÷ 0.7?,12 | 1.2 | 120 | 0.12,,0,
1-7,practice,no,paragraph,"Rewrite each problem by making the divisor a whole number, then solve.",,,0,
1-7,practice,no,mc,What is 15.6 ÷ 1.3?,12 | 1.2 | 120 | 13,,0,
1-7,practice,no,paragraph,Solve each decimal division problem.,,,0,
1-7,practice,no,paragraph,Match each decimal division to its quotient.,,,0,
1-7,practice,no,mc,A ribbon is 16.8 feet long. You cut it into pieces that are each 2.4 feet long. How many pieces do you get?,7 pieces | 8 pieces | 6 pieces | 14.4 pieces,,0,
1-7,practice,no,paragraph,Sort: should you multiply both numbers by 10 or by 100 to make the divisor a whole number?,,,0,
1-7,practice,no,paragraph,Find Derek's Mistake,,,0,
1-7,practice,no,paragraph,"A gas station sells fuel at $3.45 per gallon. A customer pays $27.60 total. How many gallons did the customer buy? Set up the decimal division, show how to convert it to whole-number division, and solve.",,,0,
1-7,practice,no,paragraph,Verify each division by showing that quotient × divisor = dividend. Are the two sides balanced?,,,0,
1-7,quiz,yes,mc,What is 4.8 ÷ 0.6?,8 | 0.8 | 80 | 4.2,8,1,Multiply both by 10: 48 ÷ 6 = 8.
1-7,quiz,yes,mc,What is 9.45 ÷ 0.9?,10.5 | 1.05 | 105 | 9.5,10.5,1,Multiply both by 10: 94.5 ÷ 9 = 10.5.
1-7,quiz,yes,mc,A ribbon is 7.2 meters long and is cut into 0.8-meter pieces. How many pieces are there?,9 | 8 | 7 | 10,9,1,7.2 ÷ 0.8 = 72 ÷ 8 = 9 pieces.
1-7,quiz,yes,mc,What is 15 ÷ 0.25?,60 | 6 | 1.5 | 0.6,60,1,Dividing by 0.25 is like multiplying by 4: 15 × 4 = 60.
1-7,quiz,yes,mc,What is 14.4 ÷ 1.2?,12 | 1.2 | 120 | 0.12,12,1,Multiply both by 10: 144 ÷ 12 = 12.
1-7,quiz,yes,mc,What is 3.78 ÷ 0.6?,6.3 | 63 | 0.63 | 0.063,6.3,1,Multiply both by 10: 37.8 ÷ 6 = 6.3.
1-7,quiz,yes,mc,What is 8.4 ÷ 0.7?,12 | 1.2 | 120 | 0.12,12,1,8.4 ÷ 0.7 = 84 ÷ 7 = 12.
1-7,quiz,yes,mc,What is 15.6 ÷ 1.3?,12 | 1.2 | 120 | 13,12,1,Multiply both by 10: 156 ÷ 13 = 12.
1-7,quiz,yes,mc,A ribbon is 16.8 feet long. You cut it into pieces that are each 2.4 feet long. How many pieces do you get?,7 pieces | 8 pieces | 6 pieces | 14.4 pieces,7 pieces,1,16.8 ÷ 2.4: multiply both by 10 → 168 ÷ 24 = 7 pieces.
1-7,quiz,yes,mc,Match each decimal division to its quotient. /  / 7.2 ÷ 0.8,7 | 9 | 1.2 | 7.6 | 30 | 7,9,1,
1-7,quiz,yes,mc,Match each decimal division to its quotient. /  / 4.56 ÷ 0.6,7 | 7.6 | 9 | 30 | 7 | 1.2,7.6,1,
1-7,quiz,yes,mc,Match each decimal division to its quotient. /  / 16.8 ÷ 2.4,7 | 7 | 1.2 | 9 | 7.6 | 30,7,1,
1-7,quiz,yes,mc,Match each decimal division to its quotient. /  / 3.6 ÷ 0.12,1.2 | 9 | 7.6 | 7 | 30 | 7,30,1,
1-7,quiz,yes,mc,Match each decimal division to its quotient. /  / 10.5 ÷ 1.5,30 | 7 | 7.6 | 7 | 9 | 1.2,7,1,
1-7,quiz,yes,mc,Match each decimal division to its quotient. /  / 0.96 ÷ 0.8,7 | 30 | 1.2 | 7 | 7.6 | 9,1.2,1,
1-7,quiz,yes,mc,Sort: should you multiply both numbers by 10 or by 100 to make the divisor a whole number? /  / Where does this belong?  6.3 ÷ 0.7 → multiply by 10,Multiply Both by 10 | Multiply Both by 100,Multiply Both by 10,1,
1-7,quiz,yes,mc,Sort: should you multiply both numbers by 10 or by 100 to make the divisor a whole number? /  / Where does this belong?  8.4 ÷ 2.1 → multiply by 10,Multiply Both by 10 | Multiply Both by 100,Multiply Both by 10,1,
1-7,quiz,yes,mc,Sort: should you multiply both numbers by 10 or by 100 to make the divisor a whole number? /  / Where does this belong?  15.6 ÷ 1.3 → multiply by 10,Multiply Both by 10 | Multiply Both by 100,Multiply Both by 10,1,
1-7,quiz,yes,mc,Sort: should you multiply both numbers by 10 or by 100 to make the divisor a whole number? /  / Where does this belong?  7.56 ÷ 0.12 → multiply by 100,Multiply Both by 10 | Multiply Both by 100,Multiply Both by 100,1,
1-7,quiz,yes,mc,Sort: should you multiply both numbers by 10 or by 100 to make the divisor a whole number? /  / Where does this belong?  5.76 ÷ 0.24 → multiply by 100,Multiply Both by 10 | Multiply Both by 100,Multiply Both by 100,1,
1-7,quiz,yes,mc,Sort: should you multiply both numbers by 10 or by 100 to make the divisor a whole number? /  / Where does this belong?  9.45 ÷ 0.15 → multiply by 100,Multiply Both by 10 | Multiply Both by 100,Multiply Both by 100,1,
1-7,quiz,yes,mc,Verify each division by showing that quotient × divisor = dividend. Are the two sides balanced? /  / 9.6 ÷ 0.8   ↔   12 × 0.8 = 9.6,Balanced ⚖️ | Not balanced,Balanced ⚖️,1,
1-7,quiz,yes,mc,Verify each division by showing that quotient × divisor = dividend. Are the two sides balanced? /  / 7.56 ÷ 0.12   ↔   63 × 0.12 = 7.56,Balanced ⚖️ | Not balanced,Balanced ⚖️,1,
1-7,quiz,yes,mc,Verify each division by showing that quotient × divisor = dividend. Are the two sides balanced? /  / 5.4 ÷ 0.9   ↔   5 × 0.9 = 4.5,Balanced ⚖️ | Not balanced,Not balanced,1,"5.4 ÷ 0.9 = 6, not 5. 6 × 0.9 = 5.4"
1-7,quiz,yes,mc,Exit Ticket: What is 19.2 ÷ 0.8?,24 | 2.4 | 240 | 0.24,24,1,Multiply both by 10: 192 ÷ 8 = 24.
2-1,notes,no,short,"In 6 ÷ 1/2, the number 6 being divided is the ___.",,,0,
2-1,notes,no,short,"In 6 ÷ 1/2, the number 1/2 we divide by is the ___.",,,0,
2-1,notes,no,short,The answer to a division problem is the ___.,,,0,
2-1,notes,no,short,The fraction you get by flipping the numerator and denominator is the ___.,,,0,
2-1,notes,no,short,"A fraction with a numerator of 1, like 1/5, is a ___.",,,0,
2-1,notes,no,paragraph,"Agent Reyes cuts a 3-foot strip of tape into 1/4-foot sections. Before calculating, will the number of sections be more or less than 3? Why?",,,0,
2-1,notes,no,paragraph,What does 3 ÷ 1/4 actually mean? Show your partner with the bar model.,,,0,
2-1,notes,no,paragraph,"Where in cooking, sharing, or building might you divide a whole by a fraction?",,,0,
2-1,notes,no,paragraph,Why does dividing by a unit fraction always give a number larger than the dividend?,,,0,
2-1,notes,no,paragraph,How does interpreting fraction division help the detective?,,,0,
2-1,practice,no,mc,What does 6 ÷ (1/3) mean?,How many thirds are in 6 | One third of 6 | 6 minus a third | 6 times 3 then minus,,0,
2-1,practice,no,mc,A teacher has 4 cups of juice and pours 1/2 cup per serving. How many servings?,8 | 2 | 4 | 6,,0,
2-1,practice,no,mc,Which division does this picture show: a length of 3 split into 1/4-size pieces?,3 ÷ (1/4) = 12 | 3 ÷ 4 = 3/4 | 1/4 ÷ 3 | 3 × 4 = 7,,0,
2-1,practice,no,mc,How many 2/3-cup scoops are in 4 cups?,6 | 8 | 3 | 2,,0,
2-1,practice,no,mc,What does 3 ÷ 1/4 mean?,How many 1/4-size pieces fit into 3 | 3 groups of 1/4 | 3 minus 1/4 | 1/4 of 3,,0,
2-1,practice,no,mc,Which expression means 'how many 1/3-size pieces are in 2'?,2 ÷ 1/3 | 2 × 1/3 | 1/3 ÷ 2 | 2 + 1/3,,0,
2-1,practice,no,mc,A rope is 4 feet long. How many 1/2-foot pieces can be cut from it?,8 pieces | 2 pieces | 4 pieces | 1/2 piece,,0,
2-1,practice,no,paragraph,"Sort each statement: does dividing by the fraction give a result GREATER than the dividend, or LESS than the dividend?",,,0,
2-1,practice,no,mc,What is 6 ÷ 1/5?,30 | 6/5 | 5/6 | 1,,0,
2-1,practice,no,paragraph,Match each division expression to its quotient.,,,0,
2-1,practice,no,short,Model 3 ÷ 1/6 with a bar model  How many 1/6-size pieces fit into 3 wholes?,,,0,
2-1,practice,no,paragraph,Place each result on the number line,,,0,
2-1,practice,no,mc,A shelf is 5 feet long. Books are each 1/4 foot wide. How many books fit on the shelf? Which expression represents this?,5 ÷ 1/4 = 20 books | 5 × 1/4 = 1 1/4 books | 1/4 ÷ 5 = 1/20 book | 5 + 1/4 = 5 1/4 books,,0,
2-1,practice,no,paragraph,Find the Interpretation Error,,,0,
2-1,practice,no,paragraph,"Dividing 6 by 1/2 gives 12, but dividing 6 by 2 gives 3. How can dividing by a smaller number (1/2) give a bigger answer than dividing by a larger number (2)? Explain using a real-world example.",,,0,
2-1,practice,no,paragraph,"Complete the pattern: as the unit fraction divisor gets smaller, what happens to the quotient?",,,0,
2-1,quiz,yes,mc,What does 6 ÷ (1/3) mean?,How many thirds are in 6 | One third of 6 | 6 minus a third | 6 times 3 then minus,How many thirds are in 6,1,Dividing by 1/3 asks how many one-third pieces fit into 6. The answer is 18.
2-1,quiz,yes,mc,A teacher has 4 cups of juice and pours 1/2 cup per serving. How many servings?,8 | 2 | 4 | 6,8,1,4 ÷ (1/2) = 4 × 2 = 8 servings.
2-1,quiz,yes,mc,Which division does this picture show: a length of 3 split into 1/4-size pieces?,3 ÷ (1/4) = 12 | 3 ÷ 4 = 3/4 | 1/4 ÷ 3 | 3 × 4 = 7,3 ÷ (1/4) = 12,1,"Each whole holds 4 fourths, so 3 wholes hold 12 fourths."
2-1,quiz,yes,mc,How many 2/3-cup scoops are in 4 cups?,6 | 8 | 3 | 2,6,1,4 ÷ (2/3) = 4 × (3/2) = 12/2 = 6 scoops.
2-1,quiz,yes,mc,What does 3 ÷ 1/4 mean?,How many 1/4-size pieces fit into 3 | 3 groups of 1/4 | 3 minus 1/4 | 1/4 of 3,How many 1/4-size pieces fit into 3,1,"3 ÷ 1/4 asks: how many 1/4-size pieces fit into 3? The answer is 12, because each whole has 4 fourths, and 3 × 4 = 12."
2-1,quiz,yes,mc,Which expression means 'how many 1/3-size pieces are in 2'?,2 ÷ 1/3 | 2 × 1/3 | 1/3 ÷ 2 | 2 + 1/3,2 ÷ 1/3,1,Finding how many 1/3-size pieces fit into 2 is represented by 2 ÷ 1/3. The answer is 6.
2-1,quiz,yes,mc,A rope is 4 feet long. How many 1/2-foot pieces can be cut from it?,8 pieces | 2 pieces | 4 pieces | 1/2 piece,8 pieces,1,"4 ÷ 1/2 = 4 × 2 = 8 pieces. Each whole foot contains 2 halves, and 4 × 2 = 8."
2-1,quiz,yes,mc,What is 6 ÷ 1/5?,30 | 6/5 | 5/6 | 1,30,1,"6 ÷ 1/5 means how many 1/5-size pieces fit into 6. Each whole has 5 fifths, so 6 × 5 = 30."
2-1,quiz,yes,mc,A shelf is 5 feet long. Books are each 1/4 foot wide. How many books fit on the shelf? Which expression represents this?,5 ÷ 1/4 = 20 books | 5 × 1/4 = 1 1/4 books | 1/4 ÷ 5 = 1/20 book | 5 + 1/4 = 5 1/4 books,5 ÷ 1/4 = 20 books,1,"You are finding how many 1/4-foot pieces fit into 5 feet, which is 5 ÷ 1/4 = 5 × 4 = 20 books."
2-1,quiz,yes,mc,"Sort each statement: does dividing by the fraction give a result GREATER than the dividend, or LESS than the dividend? /  / Where does this belong?  5 ÷ 1/3 = 15 (greater than 5)",Quotient GREATER Than Dividend | Quotient LESS Than Dividend,Quotient GREATER Than Dividend,1,
2-1,quiz,yes,mc,"Sort each statement: does dividing by the fraction give a result GREATER than the dividend, or LESS than the dividend? /  / Where does this belong?  8 ÷ 1/2 = 16 (greater than 8)",Quotient GREATER Than Dividend | Quotient LESS Than Dividend,Quotient GREATER Than Dividend,1,
2-1,quiz,yes,mc,"Sort each statement: does dividing by the fraction give a result GREATER than the dividend, or LESS than the dividend? /  / Where does this belong?  6 ÷ 1/4 = 24 (greater than 6)",Quotient GREATER Than Dividend | Quotient LESS Than Dividend,Quotient GREATER Than Dividend,1,
2-1,quiz,yes,mc,"Sort each statement: does dividing by the fraction give a result GREATER than the dividend, or LESS than the dividend? /  / Where does this belong?  4 ÷ 2 = 2 (less than 4)",Quotient GREATER Than Dividend | Quotient LESS Than Dividend,Quotient LESS Than Dividend,1,
2-1,quiz,yes,mc,"Sort each statement: does dividing by the fraction give a result GREATER than the dividend, or LESS than the dividend? /  / Where does this belong?  10 ÷ 5 = 2 (less than 10)",Quotient GREATER Than Dividend | Quotient LESS Than Dividend,Quotient LESS Than Dividend,1,
2-1,quiz,yes,mc,"Sort each statement: does dividing by the fraction give a result GREATER than the dividend, or LESS than the dividend? /  / Where does this belong?  12 ÷ 3 = 4 (less than 12)",Quotient GREATER Than Dividend | Quotient LESS Than Dividend,Quotient LESS Than Dividend,1,
2-1,quiz,yes,mc,Match each division expression to its quotient. /  / 5 ÷ 1/2,10 | 15 | 14 | 16 | 18 | 12,10,1,
2-1,quiz,yes,mc,Match each division expression to its quotient. /  / 6 ÷ 1/3,16 | 18 | 12 | 10 | 14 | 15,18,1,
2-1,quiz,yes,mc,Match each division expression to its quotient. /  / 2 ÷ 1/6,12 | 15 | 16 | 18 | 10 | 14,12,1,
2-1,quiz,yes,mc,Match each division expression to its quotient. /  / 4 ÷ 1/4,14 | 12 | 16 | 18 | 15 | 10,16,1,
2-1,quiz,yes,mc,Match each division expression to its quotient. /  / 3 ÷ 1/5,16 | 14 | 10 | 12 | 18 | 15,15,1,
2-1,quiz,yes,mc,Match each division expression to its quotient. /  / 7 ÷ 1/2,18 | 14 | 10 | 12 | 16 | 15,14,1,
2-1,quiz,yes,mc,"Exit Ticket: What does 5 ÷ 1/4 mean, and what is the quotient?",How many 1/4-size pieces fit into 5; quotient is 20 | 5 groups of 1/4; quotient is 5/4 | 1/4 of 5; quotient is 5/4 | 5 minus 1/4; quotient is 4 3/4,How many 1/4-size pieces fit into 5; quotient is 20,1,"5 ÷ 1/4 means 'how many 1/4-size pieces fit into 5.' Since each whole has 4 fourths, 5 × 4 = 20."
2-1-flagship,notes,no,short,"In 6 ÷ 1/2, the number 6 being divided is the ___.",,,0,
2-1-flagship,notes,no,short,"In 6 ÷ 1/2, the number 1/2 we divide by is the ___.",,,0,
2-1-flagship,notes,no,short,The answer to a division problem is the ___.,,,0,
2-1-flagship,notes,no,short,The fraction you get by flipping the numerator and denominator is the ___.,,,0,
2-1-flagship,notes,no,short,"A fraction with a numerator of 1, like 1/5, is a ___.",,,0,
2-1-flagship,notes,no,paragraph,"A 3-foot strip of evidence tape must be cut into 1/4-foot sections. Before calculating, will the number of pieces be more or fewer than 3? Explain your thinking.",,,0,
2-1-flagship,notes,no,paragraph,"On your fraction bar, how many 1/4-foot sections fit into one whole foot? Point to where you see the pieces.",,,0,
2-1-flagship,notes,no,paragraph,"Where else outside the lab would you divide a whole number by a unit fraction, and how would you set it up?",,,0,
2-1-flagship,notes,no,paragraph,Why does dividing by a unit fraction always give a number larger than the dividend?,,,0,
2-1-flagship,notes,no,paragraph,How does interpreting fraction division help the detective?,,,0,
2-1-flagship,practice,no,mc,What does 3 ÷ 1/4 mean?,How many 1/4-size pieces fit into 3 | 3 groups of 1/4 | 3 minus 1/4 | 1/4 of 3,,0,
2-1-flagship,practice,no,mc,Which expression means 'how many 1/3-size pieces are in 2'?,2 ÷ 1/3 | 2 × 1/3 | 1/3 ÷ 2 | 2 + 1/3,,0,
2-1-flagship,practice,no,mc,A rope is 4 feet long. How many 1/2-foot pieces can be cut from it?,8 pieces | 2 pieces | 4 pieces | 1/2 piece,,0,
2-1-flagship,practice,no,paragraph,"Sort each statement: does dividing by the fraction give a result GREATER than the dividend, or LESS than the dividend?",,,0,
2-1-flagship,practice,no,mc,What is 6 ÷ 1/5?,30 | 6/5 | 5/6 | 1,,0,
2-1-flagship,practice,no,paragraph,Match each division expression to its quotient.,,,0,
2-1-flagship,practice,no,short,Model 3 ÷ 1/6 with a bar model  How many 1/6-size pieces fit into 3 wholes?,,,0,
2-1-flagship,practice,no,paragraph,Place each result on the number line,,,0,
2-1-flagship,practice,no,mc,A shelf is 5 feet long. Books are each 1/4 foot wide. How many books fit on the shelf? Which expression represents this?,5 ÷ 1/4 = 20 books | 5 × 1/4 = 1 1/4 books | 1/4 ÷ 5 = 1/20 book | 5 + 1/4 = 5 1/4 books,,0,
2-1-flagship,practice,no,paragraph,Find the Interpretation Error,,,0,
2-1-flagship,practice,no,paragraph,"Dividing 6 by 1/2 gives 12, but dividing 6 by 2 gives 3. How can dividing by a smaller number (1/2) give a bigger answer than dividing by a larger number (2)? Explain using a real-world example.",,,0,
2-1-flagship,practice,no,paragraph,"Complete the pattern: as the unit fraction divisor gets smaller, what happens to the quotient?",,,0,
2-1-flagship,quiz,yes,mc,What does 3 ÷ 1/4 mean?,How many 1/4-size pieces fit into 3 | 3 groups of 1/4 | 3 minus 1/4 | 1/4 of 3,How many 1/4-size pieces fit into 3,1,"3 ÷ 1/4 asks: how many 1/4-size pieces fit into 3? The answer is 12, because each whole has 4 fourths, and 3 × 4 = 12."
2-1-flagship,quiz,yes,mc,Which expression means 'how many 1/3-size pieces are in 2'?,2 ÷ 1/3 | 2 × 1/3 | 1/3 ÷ 2 | 2 + 1/3,2 ÷ 1/3,1,Finding how many 1/3-size pieces fit into 2 is represented by 2 ÷ 1/3. The answer is 6.
2-1-flagship,quiz,yes,mc,A rope is 4 feet long. How many 1/2-foot pieces can be cut from it?,8 pieces | 2 pieces | 4 pieces | 1/2 piece,8 pieces,1,"4 ÷ 1/2 = 4 × 2 = 8 pieces. Each whole foot contains 2 halves, and 4 × 2 = 8."
2-1-flagship,quiz,yes,mc,What is 6 ÷ 1/5?,30 | 6/5 | 5/6 | 1,30,1,"6 ÷ 1/5 means how many 1/5-size pieces fit into 6. Each whole has 5 fifths, so 6 × 5 = 30."
2-1-flagship,quiz,yes,mc,A shelf is 5 feet long. Books are each 1/4 foot wide. How many books fit on the shelf? Which expression represents this?,5 ÷ 1/4 = 20 books | 5 × 1/4 = 1 1/4 books | 1/4 ÷ 5 = 1/20 book | 5 + 1/4 = 5 1/4 books,5 ÷ 1/4 = 20 books,1,"You are finding how many 1/4-foot pieces fit into 5 feet, which is 5 ÷ 1/4 = 5 × 4 = 20 books."
2-1-flagship,quiz,yes,mc,"Sort each statement: does dividing by the fraction give a result GREATER than the dividend, or LESS than the dividend? /  / Where does this belong?  5 ÷ 1/3 = 15 (greater than 5)",Quotient GREATER Than Dividend | Quotient LESS Than Dividend,Quotient GREATER Than Dividend,1,
2-1-flagship,quiz,yes,mc,"Sort each statement: does dividing by the fraction give a result GREATER than the dividend, or LESS than the dividend? /  / Where does this belong?  8 ÷ 1/2 = 16 (greater than 8)",Quotient GREATER Than Dividend | Quotient LESS Than Dividend,Quotient GREATER Than Dividend,1,
2-1-flagship,quiz,yes,mc,"Sort each statement: does dividing by the fraction give a result GREATER than the dividend, or LESS than the dividend? /  / Where does this belong?  6 ÷ 1/4 = 24 (greater than 6)",Quotient GREATER Than Dividend | Quotient LESS Than Dividend,Quotient GREATER Than Dividend,1,
2-1-flagship,quiz,yes,mc,"Sort each statement: does dividing by the fraction give a result GREATER than the dividend, or LESS than the dividend? /  / Where does this belong?  4 ÷ 2 = 2 (less than 4)",Quotient GREATER Than Dividend | Quotient LESS Than Dividend,Quotient LESS Than Dividend,1,
2-1-flagship,quiz,yes,mc,"Sort each statement: does dividing by the fraction give a result GREATER than the dividend, or LESS than the dividend? /  / Where does this belong?  10 ÷ 5 = 2 (less than 10)",Quotient GREATER Than Dividend | Quotient LESS Than Dividend,Quotient LESS Than Dividend,1,
2-1-flagship,quiz,yes,mc,"Sort each statement: does dividing by the fraction give a result GREATER than the dividend, or LESS than the dividend? /  / Where does this belong?  12 ÷ 3 = 4 (less than 12)",Quotient GREATER Than Dividend | Quotient LESS Than Dividend,Quotient LESS Than Dividend,1,
2-1-flagship,quiz,yes,mc,Match each division expression to its quotient. /  / 5 ÷ 1/2,14 | 18 | 12 | 16 | 10 | 15,10,1,
2-1-flagship,quiz,yes,mc,Match each division expression to its quotient. /  / 6 ÷ 1/3,16 | 15 | 10 | 14 | 18 | 12,18,1,
2-1-flagship,quiz,yes,mc,Match each division expression to its quotient. /  / 2 ÷ 1/6,10 | 14 | 15 | 12 | 18 | 16,12,1,
2-1-flagship,quiz,yes,mc,Match each division expression to its quotient. /  / 4 ÷ 1/4,18 | 15 | 12 | 16 | 14 | 10,16,1,
2-1-flagship,quiz,yes,mc,Match each division expression to its quotient. /  / 3 ÷ 1/5,14 | 16 | 12 | 18 | 15 | 10,15,1,
2-1-flagship,quiz,yes,mc,Match each division expression to its quotient. /  / 7 ÷ 1/2,15 | 14 | 16 | 10 | 12 | 18,14,1,
2-1-flagship,quiz,yes,mc,"Exit Ticket: What does 5 ÷ 1/4 mean, and what is the quotient?",How many 1/4-size pieces fit into 5; quotient is 20 | 5 groups of 1/4; quotient is 5/4 | 1/4 of 5; quotient is 5/4 | 5 minus 1/4; quotient is 4 3/4,How many 1/4-size pieces fit into 5; quotient is 20,1,"5 ÷ 1/4 means 'how many 1/4-size pieces fit into 5.' Since each whole has 4 fourths, 5 × 4 = 20."
2-2,notes,no,short,"A counting number like 0, 1, 2, or 3 with no fraction or decimal part is a ___.",,,0,
2-2,notes,no,short,"A number that shows part of a whole, like 3/4, is a ___.",,,0,
2-2,notes,no,short,The fraction you get by flipping a fraction upside down is its ___.,,,0,
2-2,notes,no,short,"To divide by a fraction, I ___: keep the first number, change ÷ to ×, and flip the second fraction.",,,0,
2-2,notes,no,short,The answer to a division problem is the ___.,,,0,
2-2,notes,no,paragraph,"Agent Park has 4 pounds of evidence powder and fills bags that hold 1/2 pound each. How many bags can he fill, and how do you know?",,,0,
2-2,notes,no,paragraph,"How does 'Keep, Change, Flip' turn 6 ÷ 1/3 into a multiplication problem?",,,0,
2-2,notes,no,paragraph,When would dividing a whole number by a fraction help you in real life?,,,0,
2-2,notes,no,paragraph,Why does 4 ÷ 1/2 = 8? How does the number line show this?,,,0,
2-2,notes,no,paragraph,How does dividing a whole number by a fraction help the detective?,,,0,
2-2,practice,no,mc,What is 5 ÷ (1/4)?,20 | 5/4 | 1.25 | 9,,0,
2-2,practice,no,mc,What is 8 ÷ (2/3)?,12 | 16/3 | 5 | 6,,0,
2-2,practice,no,mc,A 6-foot board is cut into 3/4-foot pieces. How many pieces?,8 | 4 | 9 | 18,,0,
2-2,practice,no,mc,What is 10 ÷ (5/6)?,12 | 2 | 60 | 8,,0,
2-2,practice,no,mc,What is 6 ÷ 1/3?,18 | 2 | 6/3 | 3,,0,
2-2,practice,no,mc,What is 3 ÷ 1/5?,15 | 3/5 | 5/3 | 8,,0,
2-2,practice,no,mc,What is 10 ÷ 1/4?,40 | 2.5 | 14 | 10/4,,0,
2-2,practice,no,paragraph,Model 2 ÷ 1/3 on the number line,,,0,
2-2,practice,no,mc,What is 5 ÷ 1/2?,10 | 5/2 | 2.5 | 7,,0,
2-2,practice,no,paragraph,"Complete the table: Whole Number ÷ Fraction. Use Keep, Change, Flip.",,,0,
2-2,practice,no,paragraph,Match each division expression to its quotient.,,,0,
2-2,practice,no,short,Model 3 ÷ 2/3  How many groups of 2/3 fit into 3?,,,0,
2-2,practice,no,mc,What is 6 ÷ 2/3?,9 | 4 | 12 | 2/18,,0,
2-2,practice,no,paragraph,Find the Division Error,,,0,
2-2,practice,no,paragraph,"A pizza shop has 8 whole pizzas. Each serving is 2/3 of a pizza. How many servings can they make? Write and solve an equation, then explain why the answer is greater than 8.",,,0,
2-2,practice,no,paragraph,Compare: what happens when you divide the same whole number by different fractions?,,,0,
2-2,quiz,yes,mc,What is 5 ÷ (1/4)?,20 | 5/4 | 1.25 | 9,20,1,Dividing by 1/4 means multiplying by 4: 5 × 4 = 20.
2-2,quiz,yes,mc,What is 8 ÷ (2/3)?,12 | 16/3 | 5 | 6,12,1,8 ÷ (2/3) = 8 × (3/2) = 24/2 = 12.
2-2,quiz,yes,mc,A 6-foot board is cut into 3/4-foot pieces. How many pieces?,8 | 4 | 9 | 18,8,1,6 ÷ (3/4) = 6 × (4/3) = 24/3 = 8 pieces.
2-2,quiz,yes,mc,What is 10 ÷ (5/6)?,12 | 2 | 60 | 8,12,1,10 ÷ (5/6) = 10 × (6/5) = 60/5 = 12.
2-2,quiz,yes,mc,What is 6 ÷ 1/3?,18 | 2 | 6/3 | 3,18,1,6 ÷ 1/3 = 6 × 3/1 = 18. There are 18 thirds in 6 wholes.
2-2,quiz,yes,mc,What is 3 ÷ 1/5?,15 | 3/5 | 5/3 | 8,15,1,3 ÷ 1/5 = 3 × 5/1 = 15. There are 15 fifths in 3 wholes.
2-2,quiz,yes,mc,What is 10 ÷ 1/4?,40 | 2.5 | 14 | 10/4,40,1,10 ÷ 1/4 = 10 × 4/1 = 40. There are 40 quarter-size pieces in 10 wholes.
2-2,quiz,yes,mc,What is 5 ÷ 1/2?,10 | 5/2 | 2.5 | 7,10,1,5 ÷ 1/2 = 5 × 2/1 = 10. There are 10 halves in 5 wholes.
2-2,quiz,yes,mc,What is 6 ÷ 2/3?,9 | 4 | 12 | 2/18,9,1,"6 ÷ 2/3 = 6 × 3/2 = 18/2 = 9. Keep 6, change ÷ to ×, flip 2/3 to 3/2."
2-2,quiz,yes,mc,Match each division expression to its quotient. /  / 4 ÷ 1/3,14 | 36 | 12 | 30 | 16 | 30,12,1,
2-2,quiz,yes,mc,Match each division expression to its quotient. /  / 7 ÷ 1/2,16 | 36 | 12 | 30 | 14 | 30,14,1,
2-2,quiz,yes,mc,Match each division expression to its quotient. /  / 5 ÷ 1/6,14 | 30 | 30 | 12 | 16 | 36,30,1,
2-2,quiz,yes,mc,Match each division expression to its quotient. /  / 2 ÷ 1/8,30 | 16 | 36 | 12 | 14 | 30,16,1,
2-2,quiz,yes,mc,Match each division expression to its quotient. /  / 9 ÷ 1/4,30 | 30 | 36 | 12 | 14 | 16,36,1,
2-2,quiz,yes,mc,Match each division expression to its quotient. /  / 6 ÷ 1/5,16 | 30 | 36 | 14 | 30 | 12,30,1,
2-2,quiz,yes,mc,Exit Ticket: What is 9 ÷ 1/3?,27 | 3 | 9/3 | 1/27,27,1,9 ÷ 1/3 = 9 × 3/1 = 27. There are 27 thirds in 9 wholes.
2-3,notes,no,short,"In 3/4 ÷ 1/2, the fraction 3/4 being divided is the ___.",,,0,
2-3,notes,no,short,"In 3/4 ÷ 1/2, the fraction 1/2 we divide by is the ___.",,,0,
2-3,notes,no,short,"To divide by 1/2, I multiply by its ___, which is 2.",,,0,
2-3,notes,no,short,The answer to a division problem is the ___.,,,0,
2-3,notes,no,short,"Writing a fraction in its smallest equal form, like 4/8 = 1/2, is to ___ it.",,,0,
2-3,notes,no,paragraph,Agent Rivera splits a 3/4-pound evidence bag into 1/8-pound portions. Will she get more or fewer than 1 portion? Estimate before solving.,,,0,
2-3,notes,no,paragraph,Why do we multiply by the reciprocal when we divide one fraction by another?,,,0,
2-3,notes,no,paragraph,How could dividing fractions help you share food or materials fairly?,,,0,
2-3,notes,no,paragraph,Why does 3/4 ÷ 1/8 = 6? How does the bar model show this?,,,0,
2-3,notes,no,paragraph,How does dividing fractions help the carpenter?,,,0,
2-3,practice,no,mc,What is (3/4) ÷ (1/2)?,3/2 | 3/8 | 1/2 | 2/3,,0,
2-3,practice,no,mc,What is (2/3) ÷ (4/9)?,3/2 | 8/27 | 2/3 | 9/4,,0,
2-3,practice,no,mc,What is (5/6) ÷ (5/12)?,2 | 1/2 | 25/72 | 12/5,,0,
2-3,practice,no,mc,What is (7/8) ÷ (1/4)?,7/2 | 7/32 | 1/2 | 4/7,,0,
2-3,practice,no,mc,What is the reciprocal of 3/5?,5/3 | 3/5 | 5/5 | 1/3,,0,
2-3,practice,no,mc,What is 1/2 ÷ 1/4?,2 | 1/8 | 4 | 1/2,,0,
2-3,practice,no,mc,What is 3/4 ÷ 1/8?,6 | 3/32 | 8/3 | 24,,0,
2-3,practice,no,paragraph,Sort each division: will the quotient be GREATER than 1 or LESS than 1?,,,0,
2-3,practice,no,mc,What is 2/3 ÷ 1/3?,2 | 2/9 | 1/2 | 6,,0,
2-3,practice,no,paragraph,"Divide each pair of fractions using Keep, Change, Flip.",,,0,
2-3,practice,no,paragraph,Match each fraction division to its quotient.,,,0,
2-3,practice,no,mc,A recipe needs 2/3 cup of sugar. You only have a 1/6-cup scoop. How many scoops do you need?,4 scoops | 3 scoops | 6 scoops | 2 scoops,,0,
2-3,practice,no,paragraph,Place each quotient on the number line.,,,0,
2-3,practice,no,paragraph,Find the Division Error,,,0,
2-3,practice,no,paragraph,Is 3/4 ÷ 1/2 the same as 1/2 ÷ 3/4? Solve both and explain why or why not. What does this tell you about the order in division?,,,0,
2-3,practice,no,paragraph,"Divide, then check your answer by multiplying: quotient × divisor should equal the dividend.",,,0,
2-3,quiz,yes,mc,What is (3/4) ÷ (1/2)?,3/2 | 3/8 | 1/2 | 2/3,3/2,1,(3/4) ÷ (1/2) = (3/4) × (2/1) = 6/4 = 3/2.
2-3,quiz,yes,mc,What is (2/3) ÷ (4/9)?,3/2 | 8/27 | 2/3 | 9/4,3/2,1,(2/3) × (9/4) = 18/12 = 3/2.
2-3,quiz,yes,mc,What is (5/6) ÷ (5/12)?,2 | 1/2 | 25/72 | 12/5,2,1,(5/6) × (12/5) = 60/30 = 2.
2-3,quiz,yes,mc,What is (7/8) ÷ (1/4)?,7/2 | 7/32 | 1/2 | 4/7,7/2,1,(7/8) × (4/1) = 28/8 = 7/2.
2-3,quiz,yes,mc,What is the reciprocal of 3/5?,5/3 | 3/5 | 5/5 | 1/3,5/3,1,"To find the reciprocal, flip the fraction. The reciprocal of 3/5 is 5/3."
2-3,quiz,yes,mc,What is 1/2 ÷ 1/4?,2 | 1/8 | 4 | 1/2,2,1,1/2 ÷ 1/4 = 1/2 × 4/1 = 4/2 = 2. Two 1/4-size pieces fit into 1/2.
2-3,quiz,yes,mc,What is 3/4 ÷ 1/8?,6 | 3/32 | 8/3 | 24,6,1,3/4 ÷ 1/8 = 3/4 × 8/1 = 24/4 = 6. Six 1/8-size pieces fit into 3/4.
2-3,quiz,yes,mc,What is 2/3 ÷ 1/3?,2 | 2/9 | 1/2 | 6,2,1,2/3 ÷ 1/3 = 2/3 × 3/1 = 6/3 = 2. Two 1/3-size pieces fit into 2/3.
2-3,quiz,yes,mc,A recipe needs 2/3 cup of sugar. You only have a 1/6-cup scoop. How many scoops do you need?,4 scoops | 3 scoops | 6 scoops | 2 scoops,4 scoops,1,2/3 ÷ 1/6 = 2/3 × 6/1 = 12/3 = 4 scoops.
2-3,quiz,yes,mc,Sort each division: will the quotient be GREATER than 1 or LESS than 1? /  / Where does this belong?  3/4 ÷ 1/4 = 3 (greater),Quotient Greater Than 1 | Quotient Less Than 1,Quotient Greater Than 1,1,
2-3,quiz,yes,mc,Sort each division: will the quotient be GREATER than 1 or LESS than 1? /  / Where does this belong?  5/6 ÷ 1/3 = 5/2 (greater),Quotient Greater Than 1 | Quotient Less Than 1,Quotient Greater Than 1,1,
2-3,quiz,yes,mc,Sort each division: will the quotient be GREATER than 1 or LESS than 1? /  / Where does this belong?  2/3 ÷ 1/6 = 4 (greater),Quotient Greater Than 1 | Quotient Less Than 1,Quotient Greater Than 1,1,
2-3,quiz,yes,mc,Sort each division: will the quotient be GREATER than 1 or LESS than 1? /  / Where does this belong?  1/4 ÷ 1/2 = 1/2 (less),Quotient Greater Than 1 | Quotient Less Than 1,Quotient Less Than 1,1,
2-3,quiz,yes,mc,Sort each division: will the quotient be GREATER than 1 or LESS than 1? /  / Where does this belong?  1/3 ÷ 2/3 = 1/2 (less),Quotient Greater Than 1 | Quotient Less Than 1,Quotient Less Than 1,1,
2-3,quiz,yes,mc,Sort each division: will the quotient be GREATER than 1 or LESS than 1? /  / Where does this belong?  2/5 ÷ 4/5 = 1/2 (less),Quotient Greater Than 1 | Quotient Less Than 1,Quotient Less Than 1,1,
2-3,quiz,yes,mc,Match each fraction division to its quotient. /  / 4/5 ÷ 2/5,3 1/2 | 2 | 4 | 2 1/2 | 2 | 2/3,2,1,
2-3,quiz,yes,mc,Match each fraction division to its quotient. /  / 3/4 ÷ 3/8,4 | 2 1/2 | 2 | 2/3 | 2 | 3 1/2,2,1,
2-3,quiz,yes,mc,Match each fraction division to its quotient. /  / 5/6 ÷ 1/3,3 1/2 | 2/3 | 2 1/2 | 2 | 2 | 4,2 1/2,1,
2-3,quiz,yes,mc,Match each fraction division to its quotient. /  / 2/3 ÷ 1/6,3 1/2 | 2/3 | 2 | 2 1/2 | 2 | 4,4,1,
2-3,quiz,yes,mc,Match each fraction division to its quotient. /  / 7/8 ÷ 1/4,2 | 2 1/2 | 3 1/2 | 2/3 | 2 | 4,3 1/2,1,
2-3,quiz,yes,mc,Match each fraction division to its quotient. /  / 1/2 ÷ 3/4,2 | 2/3 | 2 | 3 1/2 | 2 1/2 | 4,2/3,1,
2-3,quiz,yes,mc,Exit Ticket: What is 4/5 ÷ 2/5?,2 | 8/25 | 2/5 | 10/5,2,1,4/5 ÷ 2/5 = 4/5 × 5/2 = 20/10 = 2. Two groups of 2/5 fit into 4/5.
2-4,notes,no,short,"A number with a whole number and a fraction, like 2 1/3, is a ___.",,,0,
2-4,notes,no,short,"A fraction whose numerator is greater than or equal to its denominator, like 7/3, is an ___.",,,0,
2-4,notes,no,short,Changing a mixed number into an improper fraction is to ___ it.,,,0,
2-4,notes,no,short,Writing a fraction in its smallest equal form is to ___ it.,,,0,
2-4,notes,no,short,"To divide by a fraction, I multiply by its ___.",,,0,
2-4,notes,no,paragraph,Agent Chen maps a 3 1/2-mile route divided into 1/4-mile segments. Why can't she just divide 3 1/2 by 1/4 while it is still a mixed number?,,,0,
2-4,notes,no,paragraph,Walk your partner through how you changed the mixed numbers before dividing.,,,0,
2-4,notes,no,paragraph,"When would dividing mixed numbers come up in a real project, like building or cooking?",,,0,
2-4,notes,no,paragraph,Why is converting to an improper fraction the first step when dividing mixed numbers?,,,0,
2-4,notes,no,paragraph,How does dividing mixed numbers help the detective?,,,0,
2-4,practice,no,mc,What is 2½ ÷ ½?,5 | 1¼ | 1¼ doubled | 2,,0,
2-4,practice,no,mc,What is 3¾ ÷ 1¼?,3 | 2 | 4¾ | 5,,0,
2-4,practice,no,mc,A recipe needs 1½ cups of flour. How many full recipes can you make with 6 cups?,4 | 3 | 5 | 9,,0,
2-4,practice,no,mc,What is 2⅓ ÷ ⅔?,3½ | 1⅔ | 2 | 3,,0,
2-4,practice,no,mc,What is 1 1/2 ÷ 3/4?,2 | 1 1/8 | 3/4 | 9/8,,0,
2-4,practice,no,mc,Convert 3 2/5 to an improper fraction.,17/5 | 15/5 | 6/5 | 32/5,,0,
2-4,practice,no,mc,What is 2 1/4 ÷ 3/4?,3 | 1 1/2 | 9/16 | 2 1/3,,0,
2-4,practice,no,paragraph,Convert each mixed number to an improper fraction.,,,0,
2-4,practice,no,mc,What is 3 1/2 ÷ 1/4?,14 | 3 1/8 | 7/8 | 13/4,,0,
2-4,practice,no,paragraph,"Convert each mixed number to an improper fraction, then divide.",,,0,
2-4,practice,no,paragraph,Match each mixed number division to its quotient.,,,0,
2-4,practice,no,short,Model 2 1/2 ÷ 1/2  How many 1/2-size pieces fit into 2 1/2?,,,0,
2-4,practice,no,mc,A recipe makes 2 1/4 batches of cookies. Each batch uses 3/4 cup of butter. How many cups of butter are needed in total?,3 cups | 1 1/2 cups | 2 cups | 6 cups,,0,
2-4,practice,no,paragraph,Find the Mixed Number Error,,,0,
2-4,practice,no,paragraph,"A detective has a rope that is 5 1/4 feet long. She needs to cut it into pieces that are each 3/4 foot for tying evidence tags. How many pieces can she cut? Write the equation, show each step (convert, keep-change-flip, multiply, simplify), and verify your answer.",,,0,
2-4,practice,no,paragraph,Find Liam's Mistake,,,0,
2-4,quiz,yes,mc,What is 2½ ÷ ½?,5 | 1¼ | 1¼ doubled | 2,5,1,2½ = 5/2. (5/2) ÷ (1/2) = (5/2) × (2/1) = 5.
2-4,quiz,yes,mc,What is 3¾ ÷ 1¼?,3 | 2 | 4¾ | 5,3,1,15/4 ÷ 5/4 = 15/4 × 4/5 = 60/20 = 3.
2-4,quiz,yes,mc,A recipe needs 1½ cups of flour. How many full recipes can you make with 6 cups?,4 | 3 | 5 | 9,4,1,6 ÷ (3/2) = 6 × (2/3) = 12/3 = 4 recipes.
2-4,quiz,yes,mc,What is 2⅓ ÷ ⅔?,3½ | 1⅔ | 2 | 3,3½,1,7/3 ÷ 2/3 = 7/3 × 3/2 = 21/6 = 7/2 = 3½.
2-4,quiz,yes,mc,What is 1 1/2 ÷ 3/4?,2 | 1 1/8 | 3/4 | 9/8,2,1,1 1/2 = 3/2. Then 3/2 ÷ 3/4 = 3/2 × 4/3 = 12/6 = 2.
2-4,quiz,yes,mc,Convert 3 2/5 to an improper fraction.,17/5 | 15/5 | 6/5 | 32/5,17/5,1,"3 × 5 = 15, then 15 + 2 = 17. So 3 2/5 = 17/5."
2-4,quiz,yes,mc,What is 2 1/4 ÷ 3/4?,3 | 1 1/2 | 9/16 | 2 1/3,3,1,2 1/4 = 9/4. Then 9/4 ÷ 3/4 = 9/4 × 4/3 = 36/12 = 3.
2-4,quiz,yes,mc,What is 3 1/2 ÷ 1/4?,14 | 3 1/8 | 7/8 | 13/4,14,1,3 1/2 = 7/2. Then 7/2 ÷ 1/4 = 7/2 × 4/1 = 28/2 = 14.
2-4,quiz,yes,mc,A recipe makes 2 1/4 batches of cookies. Each batch uses 3/4 cup of butter. How many cups of butter are needed in total?,3 cups | 1 1/2 cups | 2 cups | 6 cups,3 cups,1,"This is multiplication: 2 1/4 × 3/4 = 9/4 × 3/4 = 27/16. Wait — re-read: we need 2 1/4 batches at 3/4 cup each, but the question for division practice should be: if you have 2 1/4 cups and each batch needs 3/4 cup, how many batches? 2 1/4 ÷ 3/4 = 9/4 × 4/3 = 36/12 = 3."
2-4,quiz,yes,mc,Match each mixed number division to its quotient. /  / 2 1/4 ÷ 3/4,6 | 2 | 3 | 5 | 3 | 3,3,1,
2-4,quiz,yes,mc,Match each mixed number division to its quotient. /  / 4 1/2 ÷ 3/2,6 | 3 | 5 | 3 | 2 | 3,3,1,
2-4,quiz,yes,mc,Match each mixed number division to its quotient. /  / 1 2/3 ÷ 5/6,3 | 5 | 3 | 2 | 3 | 6,2,1,
2-4,quiz,yes,mc,Match each mixed number division to its quotient. /  / 3 1/3 ÷ 2/3,3 | 5 | 3 | 6 | 3 | 2,5,1,
2-4,quiz,yes,mc,Match each mixed number division to its quotient. /  / 2 1/2 ÷ 5/6,3 | 3 | 6 | 2 | 5 | 3,3,1,
2-4,quiz,yes,mc,Match each mixed number division to its quotient. /  / 1 1/2 ÷ 1/4,2 | 6 | 3 | 3 | 3 | 5,6,1,
2-4,quiz,yes,mc,Exit Ticket: What is 2 2/3 ÷ 2/3?,4 | 2/3 | 8/3 | 1 7/9,4,1,2 2/3 = 8/3. Then 8/3 ÷ 2/3 = 8/3 × 3/2 = 24/6 = 4.
2-5,notes,no,short,A drawing or diagram that shows a math situation is a ___.,,,0,
2-5,notes,no,short,"A math sentence that says two amounts are equal, with an = sign, is an ___.",,,0,
2-5,notes,no,short,The value that makes an equation true is the ___.,,,0,
2-5,notes,no,short,Checking whether an answer makes sense for the problem is checking its ___.,,,0,
2-5,notes,no,short,"Operations that undo each other, like multiplication and division, are ___.",,,0,
2-5,notes,no,paragraph,Agent Torres has 2/3 gallon of fingerprint dust and each test uses 1/6 gallon. How do you decide which number is the dividend and which is the divisor?,,,0,
2-5,notes,no,paragraph,What clue in a word problem tells you to divide fractions instead of multiply?,,,0,
2-5,notes,no,paragraph,How can you check that a fraction-division answer is reasonable?,,,0,
2-5,notes,no,paragraph,How do you decide which value is the dividend and which is the divisor in a word problem?,,,0,
2-5,notes,no,paragraph,How does setting up a fraction division equation help solve this real-world problem?,,,0,
2-5,practice,no,mc,A 3/4-liter bottle fills cups that hold 1/8 liter. How many cups can it fill?,6 | 4 | 8 | 3,,0,
2-5,practice,no,mc,Tom has 4½ yards of rope and cuts ¾-yard pieces. How many pieces?,6 | 5 | 7 | 9,,0,
2-5,practice,no,mc,A trail is 7½ miles. A hiker rests every 1¼ miles. How many rest stops (not counting the start)?,6 | 5 | 7 | 8,,0,
2-5,practice,no,mc,You have 2/3 of a pizza and split it into 1/6-pizza slices. How many slices?,4 | 3 | 6 | 2,,0,
2-5,practice,no,mc,A ribbon is 4/5 of a yard long. Each bow uses 1/10 of a yard. Which equation finds how many bows can be made?,4/5 ÷ 1/10 | 1/10 ÷ 4/5 | 4/5 × 1/10 | 4/5 + 1/10,,0,
2-5,practice,no,mc,A detective has 1/2 gallon of solution. Each test uses 1/8 gallon. How many tests can be run?,4 | 1/16 | 16 | 1/4,,0,
2-5,practice,no,mc,A trail is 3/4 mile long. A jogger runs laps of 1/4 mile each. How many laps does the jogger complete?,3 laps | 1/3 lap | 4 laps | 3/16 lap,,0,
2-5,practice,no,paragraph,Sort each word problem: should you DIVIDE or MULTIPLY to solve it?,,,0,
2-5,practice,no,mc,A board is 5/6 foot long. Each shelf bracket needs 1/6 foot. How many brackets fit?,5 | 1/36 | 6 | 5/36,,0,
2-5,practice,no,paragraph,Solve each word problem by writing and solving an equation.,,,0,
2-5,practice,no,paragraph,"Sort: is the equation and solution CORRECT, or is there an error?",,,0,
2-5,practice,no,short,Model 3/4 ÷ 1/8  How many 1/8-pound molds can be made from 3/4 pound?,,,0,
2-5,practice,no,mc,Marcus solved 2/3 ÷ 1/4 and got 8/3 = 2 2/3. He says 'That can't be right because I started with less than 1.' Is Marcus's math correct? Is his reasoning correct?,"His math is correct (2 2/3), but his reasoning is wrong — dividing by a small fraction gives a larger result | His math and reasoning are both correct — the answer should be less than 1 | His math is wrong — the answer should be 1/6 | His math is wrong — the answer should be 8/12",,0,
2-5,practice,no,paragraph,Find the Problem-Solving Error,,,0,
2-5,practice,no,paragraph,"Write your own fraction division word problem where the answer is 8. Then show the equation, solve it step by step, and explain how you know your answer is reasonable.",,,0,
2-5,practice,no,paragraph,Solve each multi-step problem. Show the equation and verify with multiplication.,,,0,
2-5,quiz,yes,mc,A 3/4-liter bottle fills cups that hold 1/8 liter. How many cups can it fill?,6 | 4 | 8 | 3,6,1,(3/4) ÷ (1/8) = (3/4) × 8 = 24/4 = 6 cups.
2-5,quiz,yes,mc,Tom has 4½ yards of rope and cuts ¾-yard pieces. How many pieces?,6 | 5 | 7 | 9,6,1,(9/2) ÷ (3/4) = (9/2) × (4/3) = 36/6 = 6 pieces.
2-5,quiz,yes,mc,A trail is 7½ miles. A hiker rests every 1¼ miles. How many rest stops (not counting the start)?,6 | 5 | 7 | 8,6,1,(15/2) ÷ (5/4) = (15/2) × (4/5) = 60/10 = 6 rest stops.
2-5,quiz,yes,mc,You have 2/3 of a pizza and split it into 1/6-pizza slices. How many slices?,4 | 3 | 6 | 2,4,1,(2/3) ÷ (1/6) = (2/3) × 6 = 12/3 = 4 slices.
2-5,quiz,yes,mc,A ribbon is 4/5 of a yard long. Each bow uses 1/10 of a yard. Which equation finds how many bows can be made?,4/5 ÷ 1/10 | 1/10 ÷ 4/5 | 4/5 × 1/10 | 4/5 + 1/10,4/5 ÷ 1/10,1,The total (4/5 yard) is divided into groups of 1/10 yard each. The equation is 4/5 ÷ 1/10 = 4/5 × 10/1 = 40/5 = 8 bows.
2-5,quiz,yes,mc,A detective has 1/2 gallon of solution. Each test uses 1/8 gallon. How many tests can be run?,4 | 1/16 | 16 | 1/4,4,1,1/2 ÷ 1/8 = 1/2 × 8/1 = 8/2 = 4 tests.
2-5,quiz,yes,mc,A trail is 3/4 mile long. A jogger runs laps of 1/4 mile each. How many laps does the jogger complete?,3 laps | 1/3 lap | 4 laps | 3/16 lap,3 laps,1,3/4 ÷ 1/4 = 3/4 × 4/1 = 12/4 = 3 laps. This is reasonable: three 1/4-mile pieces fit into 3/4 mile.
2-5,quiz,yes,mc,A board is 5/6 foot long. Each shelf bracket needs 1/6 foot. How many brackets fit?,5 | 1/36 | 6 | 5/36,5,1,5/6 ÷ 1/6 = 5/6 × 6/1 = 30/6 = 5 brackets.
2-5,quiz,yes,mc,Marcus solved 2/3 ÷ 1/4 and got 8/3 = 2 2/3. He says 'That can't be right because I started with less than 1.' Is Marcus's math correct? Is his reasoning correct?,"His math is correct (2 2/3), but his reasoning is wrong — dividing by a small fraction gives a larger result | His math and reasoning are both correct — the answer should be less than 1 | His math is wrong — the answer should be 1/6 | His math is wrong — the answer should be 8/12","His math is correct (2 2/3), but his reasoning is wrong — dividing by a small fraction gives a larger result",1,"2/3 ÷ 1/4 = 2/3 × 4/1 = 8/3 = 2 2/3. This IS correct. When you divide by a number less than 1, the quotient is greater than the dividend."
2-5,quiz,yes,mc,Sort each word problem: should you DIVIDE or MULTIPLY to solve it? /  / Where does this belong?  How many 1/3-cup scoops fit into 2 cups? (2 ÷ 1/3),Division Problem | Multiplication Problem,Division Problem,1,
2-5,quiz,yes,mc,Sort each word problem: should you DIVIDE or MULTIPLY to solve it? /  / Where does this belong?  A ribbon is 3/4 yard. Each piece is 1/8 yard. How many pieces? (3/4 ÷ 1/8),Division Problem | Multiplication Problem,Division Problem,1,
2-5,quiz,yes,mc,"Sort each word problem: should you DIVIDE or MULTIPLY to solve it? /  / Where does this belong?  You run 1/2 mile, 3 times. How far total? (1/2 × 3)",Division Problem | Multiplication Problem,Multiplication Problem,1,
2-5,quiz,yes,mc,Sort each word problem: should you DIVIDE or MULTIPLY to solve it? /  / Where does this belong?  A recipe uses 2/3 cup. You make half a recipe. How much? (2/3 × 1/2),Division Problem | Multiplication Problem,Multiplication Problem,1,
2-5,quiz,yes,mc,"Sort: is the equation and solution CORRECT, or is there an error? /  / Where does this belong?  A tank has 5/6 gallon. Each bucket holds 1/3 gallon. → 5/6 ÷ 1/3 = 2 1/2 buckets",Correct Equation and Solution | Incorrect Equation or Solution,Correct Equation and Solution,1,
2-5,quiz,yes,mc,"Sort: is the equation and solution CORRECT, or is there an error? /  / Where does this belong?  A pipe is 2/3 foot long. Each piece is 1/6 foot. → 2/3 ÷ 1/6 = 4 pieces",Correct Equation and Solution | Incorrect Equation or Solution,Correct Equation and Solution,1,
2-5,quiz,yes,mc,"Sort: is the equation and solution CORRECT, or is there an error? /  / Where does this belong?  A bag has 3/4 lb. Each scoop is 1/8 lb. → 3/4 ÷ 1/8 = 6 scoops",Correct Equation and Solution | Incorrect Equation or Solution,Correct Equation and Solution,1,
2-5,quiz,yes,mc,"Sort: is the equation and solution CORRECT, or is there an error? /  / Where does this belong?  A rope is 1/2 yard. Each section is 1/4 yard. → 1/4 ÷ 1/2 = 1/2 section",Correct Equation and Solution | Incorrect Equation or Solution,Incorrect Equation or Solution,1,
2-5,quiz,yes,mc,"Sort: is the equation and solution CORRECT, or is there an error? /  / Where does this belong?  A jug has 4/5 liter. Each cup is 2/5 liter. → 4/5 × 2/5 = 8/25 cups",Correct Equation and Solution | Incorrect Equation or Solution,Incorrect Equation or Solution,1,
2-5,quiz,yes,mc,"Sort: is the equation and solution CORRECT, or is there an error? /  / Where does this belong?  A shelf is 7/8 foot. Each book is 1/4 foot. → 7/8 ÷ 1/4 = 7/32 books",Correct Equation and Solution | Incorrect Equation or Solution,Incorrect Equation or Solution,1,
2-5,quiz,yes,mc,Exit Ticket: A pipe is 3/4 meter long. Each connector piece is 3/8 meter. How many connectors fit on the pipe?,2 | 9/32 | 3/2 | 6,2,1,3/4 ÷ 3/8 = 3/4 × 8/3 = 24/12 = 2. Two connector pieces fit on the pipe.
3-1,notes,no,short,"A comparison of two quantities, like 3 to 5, is a ___.",,,0,
3-1,notes,no,short,Showing how two amounts relate to each other is a ___.,,,0,
3-1,notes,no,short,A ratio that compares one part of a group to another part is a ___ ratio.,,,0,
3-1,notes,no,short,A ratio that compares one part of a group to the total is a ___ ratio.,,,0,
3-1,notes,no,short,"Writing a ratio with a colon, like 3:5, is using ___.",,,0,
3-1,notes,no,paragraph,Chef Reyes's cookie recipe uses 3 cups of flour for every 2 cups of sugar. How would you describe how these two ingredient amounts compare?,,,0,
3-1,notes,no,paragraph,"When you sorted the board statements, what made something a ratio instead of NOT a ratio (like '12 cookies on the tray')?",,,0,
3-1,notes,no,paragraph,The cafeteria wants 3 main dishes for every 2 side dishes. How is this the same kind of thinking as Chef Reyes's flour-to-sugar ratio?,,,0,
3-1,notes,no,paragraph,What makes something a ratio? How did you decide which statements to sort into each group?,,,0,
3-1,notes,no,paragraph,Apply what you learned.,,,0,
3-1,practice,no,mc,A bag has 5 red and 3 blue marbles. What is the ratio of blue to total marbles?,3 to 8 | 3 to 5 | 5 to 3 | 8 to 3,,0,
3-1,practice,no,mc,In a class the ratio of boys to girls is 4:5. Which statement must be true?,For every 4 boys there are 5 girls | There are exactly 9 students | There are more boys than girls | Half the class is boys,,0,
3-1,practice,no,mc,A recipe uses 2 cups of rice to 3 cups of water. What is the ratio of rice to water?,2:3 | 3:2 | 2:5 | 5:3,,0,
3-1,practice,no,mc,There are 6 cats and 9 dogs. What is the ratio of cats to dogs in simplest form?,2:3 | 6:9 | 3:2 | 2:5,,0,
3-1,practice,no,mc,A recipe uses 4 cups of milk and 1 cup of cream. What is the ratio of milk to cream?,4:1 | 1:4 | 4:5 | 5:1,,0,
3-1,practice,no,mc,Chef Reyes uses 6 strawberries and 2 bananas in a smoothie. What is the part-to-whole ratio of bananas to total fruit?,2:8 | 6:2 | 2:6 | 8:2,,0,
3-1,practice,no,mc,"In a class of 30 students, 18 are girls. What is the part-to-part ratio of boys to girls?",12:18 | 18:12 | 18:30 | 12:30,,0,
3-1,practice,no,mc,A pet store has 5 dogs and 9 cats. What is the ratio of dogs to cats?,5:9 | 9:5 | 5:14 | 14:5,,0,
3-1,practice,no,paragraph,Sort each statement: does it describe a ratio or NOT describe a ratio?,,,0,
3-1,practice,no,paragraph,Sort each statement — is it a part-to-part ratio or a part-to-whole ratio?,,,0,
3-1,practice,no,mc,"A fruit salad has 5 pieces of melon, 3 pieces of pineapple, and 2 grapes. What is the ratio of pineapple to melon?",3:5 | 5:3 | 3:10 | 3:2,,0,
3-1,practice,no,paragraph,Complete the table.,,,0,
3-1,practice,no,mc,A parking lot has 10 cars and 6 trucks. What is the part-to-whole ratio of trucks to total vehicles?,6:16 | 10:6 | 6:10 | 16:6,,0,
3-1,practice,no,paragraph,Find Aliya's Mistake,,,0,
3-1,practice,no,paragraph,"A bag of marbles has 8 red, 6 blue, and 4 green marbles. Write three different ratios using these quantities: one part-to-part ratio, one part-to-whole ratio, and explain the difference.",,,0,
3-1,practice,no,paragraph,A classroom has 12 boys and 8 girls. Sort each ratio statement as either CORRECT or INCORRECT.,,,0,
3-1,quiz,yes,mc,A bag has 5 red and 3 blue marbles. What is the ratio of blue to total marbles?,3 to 8 | 3 to 5 | 5 to 3 | 8 to 3,3 to 8,1,"There are 3 blue and 5 + 3 = 8 total, so blue to total is 3 to 8."
3-1,quiz,yes,mc,In a class the ratio of boys to girls is 4:5. Which statement must be true?,For every 4 boys there are 5 girls | There are exactly 9 students | There are more boys than girls | Half the class is boys,For every 4 boys there are 5 girls,1,"A 4:5 ratio means 4 boys for every 5 girls. The actual totals could be 8:10, 12:15, etc."
3-1,quiz,yes,mc,A recipe uses 2 cups of rice to 3 cups of water. What is the ratio of rice to water?,2:3 | 3:2 | 2:5 | 5:3,2:3,1,"Rice to water is 2 to 3, written 2:3."
3-1,quiz,yes,mc,There are 6 cats and 9 dogs. What is the ratio of cats to dogs in simplest form?,2:3 | 6:9 | 3:2 | 2:5,2:3,1,6:9 divides by 3 to give 2:3.
3-1,quiz,yes,mc,A recipe uses 4 cups of milk and 1 cup of cream. What is the ratio of milk to cream?,4:1 | 1:4 | 4:5 | 5:1,4:1,1,"A ratio compares quantities in the order given. Milk to cream = 4 to 1, or 4:1."
3-1,quiz,yes,mc,Chef Reyes uses 6 strawberries and 2 bananas in a smoothie. What is the part-to-whole ratio of bananas to total fruit?,2:8 | 6:2 | 2:6 | 8:2,2:8,1,Total fruit = 6 + 2 = 8. The part-to-whole ratio of bananas to total fruit is 2:8.
3-1,quiz,yes,mc,"In a class of 30 students, 18 are girls. What is the part-to-part ratio of boys to girls?",12:18 | 18:12 | 18:30 | 12:30,12:18,1,Boys = 30 − 18 = 12. Part-to-part ratio of boys to girls = 12:18. (Order matters!)
3-1,quiz,yes,mc,A pet store has 5 dogs and 9 cats. What is the ratio of dogs to cats?,5:9 | 9:5 | 5:14 | 14:5,5:9,1,"The ratio of dogs to cats compares dogs first, then cats: 5 to 9, or 5:9."
3-1,quiz,yes,mc,"A fruit salad has 5 pieces of melon, 3 pieces of pineapple, and 2 grapes. What is the ratio of pineapple to melon?",3:5 | 5:3 | 3:10 | 3:2,3:5,1,"The ratio of pineapple to melon compares pineapple (3) to melon (5), so the ratio is 3:5."
3-1,quiz,yes,mc,A parking lot has 10 cars and 6 trucks. What is the part-to-whole ratio of trucks to total vehicles?,6:16 | 10:6 | 6:10 | 16:6,6:16,1,Total vehicles = 10 + 6 = 16. The ratio of trucks to total is 6:16.
3-1,quiz,yes,mc,Sort each statement: does it describe a ratio or NOT describe a ratio? /  / Where does this belong?  7 pencils for every 3 erasers,IS a Ratio | NOT a Ratio,IS a Ratio,1,
3-1,quiz,yes,mc,Sort each statement: does it describe a ratio or NOT describe a ratio? /  / Where does this belong?  10 red beads to 4 blue beads,IS a Ratio | NOT a Ratio,IS a Ratio,1,
3-1,quiz,yes,mc,Sort each statement: does it describe a ratio or NOT describe a ratio? /  / Where does this belong?  There are 15 chairs in the room,IS a Ratio | NOT a Ratio,NOT a Ratio,1,
3-1,quiz,yes,mc,Sort each statement: does it describe a ratio or NOT describe a ratio? /  / Where does this belong?  The pizza was delicious,IS a Ratio | NOT a Ratio,NOT a Ratio,1,
3-1,quiz,yes,mc,Sort each statement — is it a part-to-part ratio or a part-to-whole ratio? /  / Where does this belong?  3 boys to 5 girls in cooking class,Part-to-Part | Part-to-Whole,Part-to-Part,1,
3-1,quiz,yes,mc,Sort each statement — is it a part-to-part ratio or a part-to-whole ratio? /  / Where does this belong?  5 girls out of 8 students total,Part-to-Part | Part-to-Whole,Part-to-Whole,1,
3-1,quiz,yes,mc,Sort each statement — is it a part-to-part ratio or a part-to-whole ratio? /  / Where does this belong?  2 cups sugar to 3 cups flour,Part-to-Part | Part-to-Whole,Part-to-Part,1,
3-1,quiz,yes,mc,Sort each statement — is it a part-to-part ratio or a part-to-whole ratio? /  / Where does this belong?  4 vegetarian dishes out of 10 total dishes,Part-to-Part | Part-to-Whole,Part-to-Whole,1,
3-1,quiz,yes,mc,Sort each statement — is it a part-to-part ratio or a part-to-whole ratio? /  / Where does this belong?  7 savory items to 3 sweet items,Part-to-Part | Part-to-Whole,Part-to-Part,1,
3-1,quiz,yes,mc,Sort each statement — is it a part-to-part ratio or a part-to-whole ratio? /  / Where does this belong?  3 sweet items out of 10 total items,Part-to-Part | Part-to-Whole,Part-to-Whole,1,
3-1,quiz,yes,mc,A classroom has 12 boys and 8 girls. Sort each ratio statement as either CORRECT or INCORRECT. /  / Where does this belong?  Boys to girls = 12:8,Correct Ratio | Incorrect Ratio,Correct Ratio,1,
3-1,quiz,yes,mc,A classroom has 12 boys and 8 girls. Sort each ratio statement as either CORRECT or INCORRECT. /  / Where does this belong?  Girls to total = 8:20,Correct Ratio | Incorrect Ratio,Correct Ratio,1,
3-1,quiz,yes,mc,A classroom has 12 boys and 8 girls. Sort each ratio statement as either CORRECT or INCORRECT. /  / Where does this belong?  Boys to total = 12:8,Correct Ratio | Incorrect Ratio,Incorrect Ratio,1,
3-1,quiz,yes,mc,A classroom has 12 boys and 8 girls. Sort each ratio statement as either CORRECT or INCORRECT. /  / Where does this belong?  Girls to boys = 12:8,Correct Ratio | Incorrect Ratio,Incorrect Ratio,1,
3-1,quiz,yes,mc,Exit Ticket: A bag of trail mix contains 8 peanuts and 5 raisins. What is the ratio of raisins to total pieces?,5:13 | 8:5 | 5:8 | 13:5,5:13,1,Total pieces = 8 + 5 = 13. The ratio of raisins to total is 5:13.
3-1-flagship,notes,no,short,"A comparison of two quantities, like 3 to 5, is a ___.",,,0,
3-1-flagship,notes,no,short,Showing how two amounts relate to each other is a ___.,,,0,
3-1-flagship,notes,no,short,A ratio that compares one part of a group to another part is a ___ ratio.,,,0,
3-1-flagship,notes,no,short,A ratio that compares one part of a group to the total is a ___ ratio.,,,0,
3-1-flagship,notes,no,short,"Writing a ratio with a colon, like 3:5, is using ___.",,,0,
3-1-flagship,notes,no,paragraph,Chef Reyes's signature cookie recipe uses 3 cups of flour for every 2 cups of sugar. How would you describe how these two ingredient amounts compare?,,,0,
3-1-flagship,notes,no,paragraph,At the Prep Station you sorted the chef's statements. What made something a ratio instead of NOT a ratio (like '12 cookies on the tray')?,,,0,
3-1-flagship,notes,no,paragraph,In Menu Planning the cafeteria wants 3 main dishes for every 2 side dishes. How is this the same kind of thinking as Chef Reyes's flour-to-sugar ratio?,,,0,
3-1-flagship,notes,no,paragraph,What makes something a ratio? How did you decide which statements to sort into each group?,,,0,
3-1-flagship,notes,no,paragraph,Apply what you learned.,,,0,
3-1-flagship,practice,no,mc,A recipe uses 4 cups of milk and 1 cup of cream. What is the ratio of milk to cream?,4:1 | 1:4 | 4:5 | 5:1,,0,
3-1-flagship,practice,no,mc,Chef Reyes uses 6 strawberries and 2 bananas in a smoothie. What is the part-to-whole ratio of bananas to total fruit?,2:8 | 6:2 | 2:6 | 8:2,,0,
3-1-flagship,practice,no,mc,"In a class of 30 students, 18 are girls. What is the part-to-part ratio of boys to girls?",12:18 | 18:12 | 18:30 | 12:30,,0,
3-1-flagship,practice,no,mc,A pet store has 5 dogs and 9 cats. What is the ratio of dogs to cats?,5:9 | 9:5 | 5:14 | 14:5,,0,
3-1-flagship,practice,no,paragraph,Sort each statement: does it describe a ratio or NOT describe a ratio?,,,0,
3-1-flagship,practice,no,paragraph,Sort each statement — is it a part-to-part ratio or a part-to-whole ratio?,,,0,
3-1-flagship,practice,no,mc,"A fruit salad has 5 pieces of melon, 3 pieces of pineapple, and 2 grapes. What is the ratio of pineapple to melon?",3:5 | 5:3 | 3:10 | 3:2,,0,
3-1-flagship,practice,no,paragraph,Complete the table.,,,0,
3-1-flagship,practice,no,mc,A parking lot has 10 cars and 6 trucks. What is the part-to-whole ratio of trucks to total vehicles?,6:16 | 10:6 | 6:10 | 16:6,,0,
3-1-flagship,practice,no,paragraph,Find Aliya's Mistake,,,0,
3-1-flagship,practice,no,paragraph,"A bag of marbles has 8 red, 6 blue, and 4 green marbles. Write three different ratios using these quantities: one part-to-part ratio, one part-to-whole ratio, and explain the difference.",,,0,
3-1-flagship,practice,no,paragraph,A classroom has 12 boys and 8 girls. Sort each ratio statement as either CORRECT or INCORRECT.,,,0,
3-1-flagship,quiz,yes,mc,A recipe uses 4 cups of milk and 1 cup of cream. What is the ratio of milk to cream?,4:1 | 1:4 | 4:5 | 5:1,4:1,1,"A ratio compares quantities in the order given. Milk to cream = 4 to 1, or 4:1."
3-1-flagship,quiz,yes,mc,Chef Reyes uses 6 strawberries and 2 bananas in a smoothie. What is the part-to-whole ratio of bananas to total fruit?,2:8 | 6:2 | 2:6 | 8:2,2:8,1,Total fruit = 6 + 2 = 8. The part-to-whole ratio of bananas to total fruit is 2:8.
3-1-flagship,quiz,yes,mc,"In a class of 30 students, 18 are girls. What is the part-to-part ratio of boys to girls?",12:18 | 18:12 | 18:30 | 12:30,12:18,1,Boys = 30 − 18 = 12. Part-to-part ratio of boys to girls = 12:18. (Order matters!)
3-1-flagship,quiz,yes,mc,A pet store has 5 dogs and 9 cats. What is the ratio of dogs to cats?,5:9 | 9:5 | 5:14 | 14:5,5:9,1,"The ratio of dogs to cats compares dogs first, then cats: 5 to 9, or 5:9."
3-1-flagship,quiz,yes,mc,"A fruit salad has 5 pieces of melon, 3 pieces of pineapple, and 2 grapes. What is the ratio of pineapple to melon?",3:5 | 5:3 | 3:10 | 3:2,3:5,1,"The ratio of pineapple to melon compares pineapple (3) to melon (5), so the ratio is 3:5."
3-1-flagship,quiz,yes,mc,A parking lot has 10 cars and 6 trucks. What is the part-to-whole ratio of trucks to total vehicles?,6:16 | 10:6 | 6:10 | 16:6,6:16,1,Total vehicles = 10 + 6 = 16. The ratio of trucks to total is 6:16.
3-1-flagship,quiz,yes,mc,Sort each statement: does it describe a ratio or NOT describe a ratio? /  / Where does this belong?  7 pencils for every 3 erasers,IS a Ratio | NOT a Ratio,IS a Ratio,1,
3-1-flagship,quiz,yes,mc,Sort each statement: does it describe a ratio or NOT describe a ratio? /  / Where does this belong?  10 red beads to 4 blue beads,IS a Ratio | NOT a Ratio,IS a Ratio,1,
3-1-flagship,quiz,yes,mc,Sort each statement: does it describe a ratio or NOT describe a ratio? /  / Where does this belong?  There are 15 chairs in the room,IS a Ratio | NOT a Ratio,NOT a Ratio,1,
3-1-flagship,quiz,yes,mc,Sort each statement: does it describe a ratio or NOT describe a ratio? /  / Where does this belong?  The pizza was delicious,IS a Ratio | NOT a Ratio,NOT a Ratio,1,
3-1-flagship,quiz,yes,mc,Sort each statement — is it a part-to-part ratio or a part-to-whole ratio? /  / Where does this belong?  3 boys to 5 girls in cooking class,Part-to-Part | Part-to-Whole,Part-to-Part,1,
3-1-flagship,quiz,yes,mc,Sort each statement — is it a part-to-part ratio or a part-to-whole ratio? /  / Where does this belong?  5 girls out of 8 students total,Part-to-Part | Part-to-Whole,Part-to-Whole,1,
3-1-flagship,quiz,yes,mc,Sort each statement — is it a part-to-part ratio or a part-to-whole ratio? /  / Where does this belong?  2 cups sugar to 3 cups flour,Part-to-Part | Part-to-Whole,Part-to-Part,1,
3-1-flagship,quiz,yes,mc,Sort each statement — is it a part-to-part ratio or a part-to-whole ratio? /  / Where does this belong?  4 vegetarian dishes out of 10 total dishes,Part-to-Part | Part-to-Whole,Part-to-Whole,1,
3-1-flagship,quiz,yes,mc,Sort each statement — is it a part-to-part ratio or a part-to-whole ratio? /  / Where does this belong?  7 savory items to 3 sweet items,Part-to-Part | Part-to-Whole,Part-to-Part,1,
3-1-flagship,quiz,yes,mc,Sort each statement — is it a part-to-part ratio or a part-to-whole ratio? /  / Where does this belong?  3 sweet items out of 10 total items,Part-to-Part | Part-to-Whole,Part-to-Whole,1,
3-1-flagship,quiz,yes,mc,A classroom has 12 boys and 8 girls. Sort each ratio statement as either CORRECT or INCORRECT. /  / Where does this belong?  Boys to girls = 12:8,Correct Ratio | Incorrect Ratio,Correct Ratio,1,
3-1-flagship,quiz,yes,mc,A classroom has 12 boys and 8 girls. Sort each ratio statement as either CORRECT or INCORRECT. /  / Where does this belong?  Girls to total = 8:20,Correct Ratio | Incorrect Ratio,Correct Ratio,1,
3-1-flagship,quiz,yes,mc,A classroom has 12 boys and 8 girls. Sort each ratio statement as either CORRECT or INCORRECT. /  / Where does this belong?  Boys to total = 12:8,Correct Ratio | Incorrect Ratio,Incorrect Ratio,1,
3-1-flagship,quiz,yes,mc,A classroom has 12 boys and 8 girls. Sort each ratio statement as either CORRECT or INCORRECT. /  / Where does this belong?  Girls to boys = 12:8,Correct Ratio | Incorrect Ratio,Incorrect Ratio,1,
3-1-flagship,quiz,yes,mc,Exit Ticket: A bag of trail mix contains 8 peanuts and 5 raisins. What is the ratio of raisins to total pieces?,5:13 | 8:5 | 5:8 | 13:5,5:13,1,Total pieces = 8 + 5 = 13. The ratio of raisins to total is 5:13.
3-2,notes,no,short,A table that lists equivalent ratios in rows or columns is a ___.,,,0,
3-2,notes,no,short,Equivalent ratio: ___,,,0,
3-2,notes,no,short,The number you multiply a ratio by to get an equivalent ratio is the ___.,,,0,
3-2,notes,no,short,A rule that the numbers in a table follow is a ___.,,,0,
3-2,notes,no,short,A pattern where you add the same amount each step is an ___.,,,0,
3-2,notes,no,paragraph,"Chef Reyes's pancake batter uses 2 cups of mix for every 3 cups of milk. To feed 4 times as many people, what happens to BOTH ingredient amounts?",,,0,
3-2,notes,no,paragraph,"In your pancake ratio table, how did you find each new row from the 2:3 starting row?",,,0,
3-2,notes,no,paragraph,The juice bar makes a smoothie with 3 scoops of berries for every 2 cups of yogurt and needs enough for 20 people. How is this the same as our pancake table?,,,0,
3-2,notes,no,paragraph,Apply what you learned.,,,0,
3-2,practice,no,paragraph,Complete the table.,,,0,
3-2,practice,no,mc,A ratio table shows 3 tickets cost $12. How much do 7 tickets cost?,$28 | $24 | $21 | $36,,0,
3-2,practice,no,mc,"In a ratio table, 4 maps to 10. What does 12 map to?",30 | 24 | 36 | 18,,0,
3-2,practice,no,mc,"A ratio table keeps the ratio 5:8. If one row is 15, what is its partner value?",24 | 20 | 23 | 40,,0,
3-2,practice,no,mc,A recipe uses 3 eggs for every 5 cups of flour. How many eggs are needed for 15 cups of flour?,9 | 6 | 10 | 12,,0,
3-2,practice,no,mc,Which row does NOT belong in a ratio table for 4:5?,6:10 | 8:10 | 12:15 | 16:20,,0,
3-2,practice,no,mc,"A ratio table shows 3:7, 6:14, and 9:21. What is the next row?",12:28 | 10:24 | 12:24 | 15:28,,0,
3-2,practice,no,mc,"A ratio table for 2:5 starts with 2:5, 4:10. What is the third row?",6:15 | 6:12 | 8:15 | 5:10,,0,
3-2,practice,no,paragraph,Complete the table.,,,0,
3-2,practice,no,paragraph,Complete the table.,,,0,
3-2,practice,no,mc,"In a ratio table, the ratio of sugar to butter is 3:2. If you use 12 cups of sugar, how many cups of butter do you need?",8 | 6 | 10 | 9,,0,
3-2,practice,no,paragraph,Which rows belong in a ratio table for 3:4? Sort them into correct and incorrect.,,,0,
3-2,practice,no,mc,"A ratio table shows 5:8, 10:16, 15:24. What scale factor was used from the first row to the third row?",3 | 2 | 5 | 8,,0,
3-2,practice,no,paragraph,Find Devon's Mistake,,,0,
3-2,practice,no,paragraph,"A recipe uses 4 cups of flour for every 3 cups of sugar. A student filled in a ratio table: 4:3, 8:6, 12:9, 14:12. Find and fix the error in the last row. Explain what went wrong.",,,0,
3-2,practice,no,paragraph,Complete the table.,,,0,
3-2,quiz,yes,mc,A ratio table shows 3 tickets cost $12. How much do 7 tickets cost?,$28 | $24 | $21 | $36,$28,1,"Each ticket costs $12 ÷ 3 = $4, so 7 tickets cost 7 × $4 = $28."
3-2,quiz,yes,mc,"In a ratio table, 4 maps to 10. What does 12 map to?",30 | 24 | 36 | 18,30,1,"12 is 3 times 4, so multiply 10 by 3 to get 30."
3-2,quiz,yes,mc,"A ratio table keeps the ratio 5:8. If one row is 15, what is its partner value?",24 | 20 | 23 | 40,24,1,"15 is 3 times 5, so the partner is 3 times 8 = 24."
3-2,quiz,yes,mc,A recipe uses 3 eggs for every 5 cups of flour. How many eggs are needed for 15 cups of flour?,9 | 6 | 10 | 12,9,1,The scale factor is 15 ÷ 5 = 3. Multiply the eggs by 3: 3 × 3 = 9 eggs.
3-2,quiz,yes,mc,Which row does NOT belong in a ratio table for 4:5?,6:10 | 8:10 | 12:15 | 16:20,6:10,1,"6:10 simplifies to 3:5, not 4:5. The other ratios (8:10, 12:15, 16:20) all simplify to 4:5."
3-2,quiz,yes,mc,"A ratio table shows 3:7, 6:14, and 9:21. What is the next row?",12:28 | 10:24 | 12:24 | 15:28,12:28,1,The pattern adds 3 to the first value and 7 to the second each time. After 9:21: 9+3=12 and 21+7=28. The next row is 12:28.
3-2,quiz,yes,mc,"A ratio table for 2:5 starts with 2:5, 4:10. What is the third row?",6:15 | 6:12 | 8:15 | 5:10,6:15,1,The additive pattern adds 2 to the first value and 5 to the second. 4+2=6 and 10+5=15. The third row is 6:15.
3-2,quiz,yes,mc,"In a ratio table, the ratio of sugar to butter is 3:2. If you use 12 cups of sugar, how many cups of butter do you need?",8 | 6 | 10 | 9,8,1,Scale factor: 12 ÷ 3 = 4. Multiply butter by 4: 2 × 4 = 8 cups of butter.
3-2,quiz,yes,mc,"A ratio table shows 5:8, 10:16, 15:24. What scale factor was used from the first row to the third row?",3 | 2 | 5 | 8,3,1,From 5 to 15: 15 ÷ 5 = 3. From 8 to 24: 24 ÷ 8 = 3. The scale factor is 3.
3-2,quiz,yes,mc,Which rows belong in a ratio table for 3:4? Sort them into correct and incorrect. /  / Where does this belong?  6:8,Belongs in 3:4 Table | Does NOT Belong,Belongs in 3:4 Table,1,
3-2,quiz,yes,mc,Which rows belong in a ratio table for 3:4? Sort them into correct and incorrect. /  / Where does this belong?  9:12,Belongs in 3:4 Table | Does NOT Belong,Belongs in 3:4 Table,1,
3-2,quiz,yes,mc,Which rows belong in a ratio table for 3:4? Sort them into correct and incorrect. /  / Where does this belong?  15:20,Belongs in 3:4 Table | Does NOT Belong,Belongs in 3:4 Table,1,
3-2,quiz,yes,mc,Which rows belong in a ratio table for 3:4? Sort them into correct and incorrect. /  / Where does this belong?  6:10,Belongs in 3:4 Table | Does NOT Belong,Does NOT Belong,1,
3-2,quiz,yes,mc,Which rows belong in a ratio table for 3:4? Sort them into correct and incorrect. /  / Where does this belong?  12:14,Belongs in 3:4 Table | Does NOT Belong,Does NOT Belong,1,
3-2,quiz,yes,mc,Which rows belong in a ratio table for 3:4? Sort them into correct and incorrect. /  / Where does this belong?  9:16,Belongs in 3:4 Table | Does NOT Belong,Does NOT Belong,1,
3-2,quiz,yes,mc,Exit Ticket: A salad dressing recipe uses 2 tablespoons of oil for every 5 tablespoons of vinegar. How many tablespoons of oil are needed for 20 tablespoons of vinegar?,8 | 10 | 7 | 12,8,1,Scale factor: 20 ÷ 5 = 4. Multiply oil by 4: 2 × 4 = 8 tablespoons of oil.
3-3,notes,no,short,The flat grid formed by a horizontal and a vertical number line is the ___.,,,0,
3-3,notes,no,short,"A set of two numbers (x, y) that names a point is an ___.",,,0,
3-3,notes,no,short,"When graphed points form a straight line, they show a ___.",,,0,
3-3,notes,no,short,Two quantities that always keep the same ratio are ___.,,,0,
3-3,notes,no,short,"The point (0, 0) where the two axes meet is the ___.",,,0,
3-3,notes,no,paragraph,"The sundae recipe uses 2 ounces of chocolate sauce for every 1 sundae. Before you graph, what do you predict the points will look like, and which quantity goes on each axis?",,,0,
3-3,notes,no,paragraph,"After plotting (1,2), (2,4), (3,6)... what pattern do you notice, and how does it show the chocolate-sauce ratio?",,,0,
3-3,notes,no,paragraph,The food truck plots tacos vs. salsa and gets a straight line. What does that graph tell the owner about preparing salsa for ANY number of tacos?,,,0,
3-3,notes,no,paragraph,Apply what you learned.,,,0,
3-3,practice,no,mc,"A graph of a ratio passes through (0,0) and (2,6). What point also lies on the line?","(4, 12) | (4, 8) | (3, 6) | (6, 2)",,0,
3-3,practice,no,mc,On a ratio graph each apple costs $2. Which point shows 5 apples?,"(5, 10) | (5, 5) | (10, 5) | (2, 5)",,0,
3-3,practice,no,mc,"A line through the origin contains (3, 9). What is the unit rate (y per 1 x)?",3 | 1/3 | 6 | 9,,0,
3-3,practice,no,mc,"Why do graphs of equivalent ratios start at the origin (0,0)?",Because 0 of one quantity pairs with 0 of the other | Because every line starts at zero | Because ratios are always negative | Because the y-axis is longer,,0,
3-3,practice,no,mc,"A ratio table shows (2, 6), (4, 12), and (6, 18). Which ordered pair comes next if the pattern continues?","(8, 24) | (7, 20) | (8, 22) | (10, 24)",,0,
3-3,practice,no,mc,"When you graph equivalent ratios, the points will always form what shape?",A straight line through the origin | A curved line | A zigzag | A circle,,0,
3-3,practice,no,mc,"A ratio table shows (2, 8), (3, 12), and (5, 20). What is the y-value when x = 7?",28 | 24 | 21 | 35,,0,
3-3,practice,no,mc,Which point would NOT be on the graph of the ratio 1:5?,"(3, 10) | (2, 10) | (4, 20) | (5, 25)",,0,
3-3,practice,no,paragraph,"Coordinate grid: A recipe uses 1 cup of sugar for every 2 cups of flour. Plot the ordered pairs: (1, 2), (2, 4), (3, 6).",,,0,
3-3,practice,no,paragraph,"Coordinate grid: Chef Reyes uses 3 cups of flour for every 1 cup of sugar. Plot the ordered pairs from the ratio table: (1,3), (2,6), (3,9), (4,12).",,,0,
3-3,practice,no,mc,"Points from a ratio table are plotted at (1, 4), (2, 8), and (3, 12). What is the ratio of y to x for each point?",4:1 | 1:4 | 2:8 | 3:4,,0,
3-3,practice,no,paragraph,Complete the table.,,,0,
3-3,practice,no,mc,"Two students graph ratio tables. Student A plots (1,2), (2,4), (3,6). Student B plots (1,3), (2,6), (3,9). Whose line is steeper?",Student B | Student A | Same steepness | Cannot tell,,0,
3-3,practice,no,paragraph,Find Jada's Mistake,,,0,
3-3,practice,no,paragraph,"A student plots the points (1, 3), (2, 6), (3, 9), and (4, 15) from a ratio table. She says they form a straight line because they go up. Is she correct? Explain how to check.",,,0,
3-3,practice,no,paragraph,"Coordinate grid: Two recipes are graphed: Recipe A uses 2 cups of mix per 1 serving, and Recipe B uses 3 cups of mix per 2 servings. Plot both sets of points and determine which recipe uses more mix per serving.",,,0,
3-3,quiz,yes,mc,"A graph of a ratio passes through (0,0) and (2,6). What point also lies on the line?","(4, 12) | (4, 8) | (3, 6) | (6, 2)","(4, 12)",1,"The ratio is 6 to 2 = 3 to 1, so (4, 12) follows the same pattern."
3-3,quiz,yes,mc,On a ratio graph each apple costs $2. Which point shows 5 apples?,"(5, 10) | (5, 5) | (10, 5) | (2, 5)","(5, 10)",1,"5 apples at $2 each is $10, so the point is (5, 10)."
3-3,quiz,yes,mc,"A line through the origin contains (3, 9). What is the unit rate (y per 1 x)?",3 | 1/3 | 6 | 9,3,1,"9 ÷ 3 = 3, so y increases by 3 for each 1 unit of x."
3-3,quiz,yes,mc,"Why do graphs of equivalent ratios start at the origin (0,0)?",Because 0 of one quantity pairs with 0 of the other | Because every line starts at zero | Because ratios are always negative | Because the y-axis is longer,Because 0 of one quantity pairs with 0 of the other,1,"When you have 0 of one amount you have 0 of the other, so the line passes through (0,0)."
3-3,quiz,yes,mc,"A ratio table shows (2, 6), (4, 12), and (6, 18). Which ordered pair comes next if the pattern continues?","(8, 24) | (7, 20) | (8, 22) | (10, 24)","(8, 24)",1,"The pattern adds 2 to x and 6 to y each time. After (6, 18): x = 6+2 = 8, y = 18+6 = 24. The next point is (8, 24)."
3-3,quiz,yes,mc,"When you graph equivalent ratios, the points will always form what shape?",A straight line through the origin | A curved line | A zigzag | A circle,A straight line through the origin,1,"Equivalent ratios are proportional, so their graph is always a straight line that passes through the origin (0, 0)."
3-3,quiz,yes,mc,"A ratio table shows (2, 8), (3, 12), and (5, 20). What is the y-value when x = 7?",28 | 24 | 21 | 35,28,1,"The ratio is y/x = 8/2 = 4. For every x, y = 4x. When x = 7: y = 4 × 7 = 28."
3-3,quiz,yes,mc,Which point would NOT be on the graph of the ratio 1:5?,"(3, 10) | (2, 10) | (4, 20) | (5, 25)","(3, 10)",1,"For the ratio 1:5, every y-value should be 5 times the x-value. (3, 10): 5 × 3 = 15, not 10. So (3, 10) does not belong."
3-3,quiz,yes,mc,"Points from a ratio table are plotted at (1, 4), (2, 8), and (3, 12). What is the ratio of y to x for each point?",4:1 | 1:4 | 2:8 | 3:4,4:1,1,"For each point: 4÷1 = 4, 8÷2 = 4, 12÷3 = 4. The ratio of y to x is always 4:1."
3-3,quiz,yes,mc,"Two students graph ratio tables. Student A plots (1,2), (2,4), (3,6). Student B plots (1,3), (2,6), (3,9). Whose line is steeper?",Student B | Student A | Same steepness | Cannot tell,Student B,1,"Student A's ratio is 1:2 (y goes up 2 for each 1 in x). Student B's ratio is 1:3 (y goes up 3 for each 1 in x). A higher rate of change means a steeper line, so Student B's is steeper."
3-3,quiz,yes,mc,"Exit Ticket: A ratio table shows cups of rice to cups of water: (1, 2), (2, 4), (3, 6). If you plot these points, the line passes through which point?","(5, 10) | (4, 6) | (5, 8) | (6, 10)","(5, 10)",1,"The ratio is 1:2, so for 5 cups of rice you need 5 × 2 = 10 cups of water. The point (5, 10) continues the pattern."
3-4,notes,no,short,A comparison of two quantities is a ___.,,,0,
3-4,notes,no,short,Equivalent ratios: ___,,,0,
3-4,notes,no,short,"A ratio that compares two quantities with different units, like miles per hour, is a ___.",,,0,
3-4,notes,no,short,An equation showing that two ratios are equal is a ___.,,,0,
3-4,notes,no,short,"Writing a ratio in its smallest equal form, like 6:9 = 2:3, is to ___ it.",,,0,
3-4,notes,no,paragraph,"Chef Montoya's soup serves 8 people, but she needs to serve 32. How many times bigger is the recipe, and what must she do to BOTH ingredients to keep the flavor?",,,0,
3-4,notes,no,paragraph,"Looking at the tomatoes-to-broth table (3:2, 6:4, 9:6, 12:8), how can you PROVE these ratios are all equivalent?",,,0,
3-4,notes,no,paragraph,The smoothie shop uses 2 cups of strawberries for every 3 cups of yogurt and needs 15 cups of yogurt. How is this the same as scaling Chef Montoya's soup?,,,0,
3-4,notes,no,paragraph,Apply what you learned.,,,0,
3-4,practice,no,mc,Which ratio is equivalent to 3:4?,9:12 | 4:3 | 3:8 | 6:7,,0,
3-4,practice,no,mc,Which ratio is NOT equivalent to 2:5?,4:9 | 4:10 | 6:15 | 8:20,,0,
3-4,practice,no,mc,"If 12:18 is written in simplest form, what is it?",2:3 | 6:9 | 3:2 | 4:6,,0,
3-4,practice,no,mc,"A paint mix uses 3:5 blue to white. To keep the same color with 15 parts white, how much blue?",9 | 12 | 5 | 8,,0,
3-4,practice,no,mc,Which ratio is equivalent to 2:5?,4:10 | 3:6 | 2:10 | 5:2,,0,
3-4,practice,no,mc,A recipe uses 4 eggs for every 6 cups of flour. Which ratio is equivalent?,2:3 | 8:10 | 4:3 | 6:4,,0,
3-4,practice,no,mc,Which ratio is NOT equivalent to 6:9?,3:5 | 2:3 | 12:18 | 18:27,,0,
3-4,practice,no,mc,What is the simplest form of the ratio 15:25?,3:5 | 5:3 | 1:5 | 15:25,,0,
3-4,practice,no,paragraph,Sort each pair of ratios: are they equivalent or not equivalent?,,,0,
3-4,practice,no,paragraph,Sort these ratios — which are equivalent to 3:4 and which are not?,,,0,
3-4,practice,no,mc,Marcus earns $45 for every 3 hours of work. How much does he earn in 8 hours?,$120 | $90 | $135 | $105,,0,
3-4,practice,no,paragraph,Complete the table.,,,0,
3-4,practice,no,short,Each part = 25 ÷ 5 = 5 cups. Juice = 3 × 5 = 15 cups. Water = 2 × 5 = 10 cups.  ,,,0,
3-4,practice,no,paragraph,Find Marcus's Mistake,,,0,
3-4,practice,no,paragraph,"A store sells 3 pens for $2. Another store sells 9 pens for $6. Are these equivalent ratios? If so, prove it using at least two different methods (simplifying, scaling, or cross-multiplying).",,,0,
3-4,practice,no,paragraph,Complete the table.,,,0,
3-4,quiz,yes,mc,Which ratio is equivalent to 3:4?,9:12 | 4:3 | 3:8 | 6:7,9:12,1,Multiply both parts of 3:4 by 3 to get 9:12.
3-4,quiz,yes,mc,Which ratio is NOT equivalent to 2:5?,4:9 | 4:10 | 6:15 | 8:20,4:9,1,4:9 is not 2:5 doubled (that would be 4:10). The others all reduce to 2:5.
3-4,quiz,yes,mc,"If 12:18 is written in simplest form, what is it?",2:3 | 6:9 | 3:2 | 4:6,2:3,1,12:18 divides by 6 to give 2:3.
3-4,quiz,yes,mc,"A paint mix uses 3:5 blue to white. To keep the same color with 15 parts white, how much blue?",9 | 12 | 5 | 8,9,1,"15 white is 3 times 5, so blue is 3 times 3 = 9."
3-4,quiz,yes,mc,Which ratio is equivalent to 2:5?,4:10 | 3:6 | 2:10 | 5:2,4:10,1,"Multiply both parts by 2: 2×2 = 4 and 5×2 = 10, so 4:10 is equivalent to 2:5."
3-4,quiz,yes,mc,A recipe uses 4 eggs for every 6 cups of flour. Which ratio is equivalent?,2:3 | 8:10 | 4:3 | 6:4,2:3,1,Divide both by 2: 4÷2 = 2 and 6÷2 = 3. The ratio 2:3 is equivalent to 4:6.
3-4,quiz,yes,mc,Which ratio is NOT equivalent to 6:9?,3:5 | 2:3 | 12:18 | 18:27,3:5,1,"6:9 simplifies to 2:3. Check each: 2:3 ✓, 12:18 = 2:3 ✓, 18:27 = 2:3 ✓. But 3:5 does not simplify to 2:3."
3-4,quiz,yes,mc,What is the simplest form of the ratio 15:25?,3:5 | 5:3 | 1:5 | 15:25,3:5,1,The GCF of 15 and 25 is 5. Divide both by 5: 15÷5 = 3 and 25÷5 = 5. The simplest form is 3:5.
3-4,quiz,yes,mc,Marcus earns $45 for every 3 hours of work. How much does he earn in 8 hours?,$120 | $90 | $135 | $105,$120,1,Unit rate: $45 ÷ 3 = $15/hour. In 8 hours: $15 × 8 = $120.
3-4,quiz,yes,mc,Sort each pair of ratios: are they equivalent or not equivalent? /  / Where does this belong?  2:4 and 3:6,Equivalent Ratios | NOT Equivalent,Equivalent Ratios,1,
3-4,quiz,yes,mc,Sort each pair of ratios: are they equivalent or not equivalent? /  / Where does this belong?  5:10 and 1:2,Equivalent Ratios | NOT Equivalent,Equivalent Ratios,1,
3-4,quiz,yes,mc,Sort each pair of ratios: are they equivalent or not equivalent? /  / Where does this belong?  3:7 and 6:12,Equivalent Ratios | NOT Equivalent,NOT Equivalent,1,
3-4,quiz,yes,mc,Sort each pair of ratios: are they equivalent or not equivalent? /  / Where does this belong?  4:9 and 8:16,Equivalent Ratios | NOT Equivalent,NOT Equivalent,1,
3-4,quiz,yes,mc,Sort these ratios — which are equivalent to 3:4 and which are not? /  / Where does this belong?  6:8,Equivalent to 3:4 | NOT Equivalent to 3:4,Equivalent to 3:4,1,
3-4,quiz,yes,mc,Sort these ratios — which are equivalent to 3:4 and which are not? /  / Where does this belong?  9:12,Equivalent to 3:4 | NOT Equivalent to 3:4,Equivalent to 3:4,1,
3-4,quiz,yes,mc,Sort these ratios — which are equivalent to 3:4 and which are not? /  / Where does this belong?  15:20,Equivalent to 3:4 | NOT Equivalent to 3:4,Equivalent to 3:4,1,
3-4,quiz,yes,mc,Sort these ratios — which are equivalent to 3:4 and which are not? /  / Where does this belong?  3:5,Equivalent to 3:4 | NOT Equivalent to 3:4,NOT Equivalent to 3:4,1,
3-4,quiz,yes,mc,Sort these ratios — which are equivalent to 3:4 and which are not? /  / Where does this belong?  4:3,Equivalent to 3:4 | NOT Equivalent to 3:4,NOT Equivalent to 3:4,1,
3-4,quiz,yes,mc,Sort these ratios — which are equivalent to 3:4 and which are not? /  / Where does this belong?  6:12,Equivalent to 3:4 | NOT Equivalent to 3:4,NOT Equivalent to 3:4,1,
3-4,quiz,yes,mc,"Exit Ticket: A store sells 5 notebooks for $8. At this rate, how much would 15 notebooks cost?",$24 | $18 | $20 | $40,$24,1,"15 is 3 times 5, so the cost is 3 × $8 = $24. The ratio 5:8 scales to 15:24."
3-5,notes,no,short,"A rate that tells the amount for exactly one unit, like 5 miles per 1 hour, is a ___.",,,0,
3-5,notes,no,short,Equivalent ratio: ___,,,0,
3-5,notes,no,short,To decide which ratio is greater or if they are equal is to ___ them.,,,0,
3-5,notes,no,short,Writing a ratio in its smallest equal form is to ___ it.,,,0,
3-5,notes,no,short,A denominator shared by two fractions so they can be compared is a ___.,,,0,
3-5,notes,no,paragraph,"Chef Reyes uses 3 tbsp cocoa for every 5 oz of milk, and Chef Tran uses 4 tbsp for every 7 oz. Can you tell whose cocoa is more chocolatey just by looking at the numbers? Why or why not?",,,0,
3-5,notes,no,paragraph,You scaled both recipes to 35 oz of milk: Chef Reyes became 21:35 and Chef Tran became 20:35. How does scaling to a common denominator let you compare the recipes fairly?,,,0,
3-5,notes,no,paragraph,"Two pizza shops have deals: Mario's sells 2 large pizzas for $18, and Sal's sells 3 for $25. How would you compare these to find the best price per pizza?",,,0,
3-5,notes,no,paragraph,Apply what you learned.,,,0,
3-5,practice,no,mc,Store A sells 3 pens for $6. Store B sells 5 pens for $9. Which is the better buy?,Store B | Store A | They are equal | Cannot tell,,0,
3-5,practice,no,mc,Which ratio is greater: 4:5 or 7:10?,4:5 | 7:10 | They are equal | Cannot compare,,0,
3-5,practice,no,mc,Recipe X uses 2 cups sugar per 8 cookies. Recipe Y uses 3 cups per 10 cookies. Which is sweeter per cookie?,Recipe Y | Recipe X | Same sweetness | Cannot tell,,0,
3-5,practice,no,mc,Team A won 6 of 10 games. Team B won 9 of 15 games. Which team has the better win ratio?,They are equal | Team A | Team B | Cannot tell,,0,
3-5,practice,no,mc,Chef A uses 2 cups of cheese for every 8 crackers. Chef B uses 3 cups of cheese for every 9 crackers. Who uses more cheese per cracker?,Chef B | Chef A | They use the same amount | Cannot determine,,0,
3-5,practice,no,mc,Which ratio is greater: 3:4 or 5:8?,3:4 | 5:8 | They are equal | Cannot determine,,0,
3-5,practice,no,mc,Which lemonade recipe is more lemony? Recipe A: 2 lemons for 6 cups of water. Recipe B: 3 lemons for 7 cups of water.,Recipe B | Recipe A | They are the same | Cannot determine,,0,
3-5,practice,no,mc,Which is the better deal: 4 apples for $3 or 6 apples for $5?,4 apples for $3 | 6 apples for $5 | They cost the same | Cannot determine,,0,
3-5,practice,no,paragraph,Complete the table.,,,0,
3-5,practice,no,paragraph,Match each scenario to the correct answer: Which ratio is greater?,,,0,
3-5,practice,no,mc,Store A sells 3 mangoes for $6. Store B sells 5 mangoes for $9. Which store offers a better price per mango?,Store B | Store A | Same price | Cannot determine,,0,
3-5,practice,no,paragraph,Complete the table.,,,0,
3-5,practice,no,paragraph,"Place each unit rate on the number line to compare: A = $0.60/oz, B = $0.75/oz, C = $0.50/oz",,,0,
3-5,practice,no,paragraph,Find Kai's Mistake,,,0,
3-5,practice,no,paragraph,"Store A sells 5 notebooks for $12. Store B sells 8 notebooks for $20. Without calculating, a student says Store B must be cheaper because you get more notebooks. Is the student's reasoning valid? Find the unit rates to prove your answer.",,,0,
3-5,practice,no,short,"Chef A: 2:3 → with 15 tbsp vinegar, oil = 10 tbsp. Chef B: 3:5 → with 15 tbsp vinegar, oil = 9 tbsp. Chef A uses more oil.  ",,,0,
3-5,quiz,yes,mc,Store A sells 3 pens for $6. Store B sells 5 pens for $9. Which is the better buy?,Store B | Store A | They are equal | Cannot tell,Store B,1,Store A is $2 per pen; Store B is $1.80 per pen. Store B is cheaper.
3-5,quiz,yes,mc,Which ratio is greater: 4:5 or 7:10?,4:5 | 7:10 | They are equal | Cannot compare,4:5,1,"4:5 = 8:10, which is greater than 7:10."
3-5,quiz,yes,mc,Recipe X uses 2 cups sugar per 8 cookies. Recipe Y uses 3 cups per 10 cookies. Which is sweeter per cookie?,Recipe Y | Recipe X | Same sweetness | Cannot tell,Recipe Y,1,X = 0.25 cup/cookie; Y = 0.30 cup/cookie. Y has more sugar per cookie.
3-5,quiz,yes,mc,Team A won 6 of 10 games. Team B won 9 of 15 games. Which team has the better win ratio?,They are equal | Team A | Team B | Cannot tell,They are equal,1,"6:10 = 3:5 and 9:15 = 3:5, so the win ratios are equal."
3-5,quiz,yes,mc,Chef A uses 2 cups of cheese for every 8 crackers. Chef B uses 3 cups of cheese for every 9 crackers. Who uses more cheese per cracker?,Chef B | Chef A | They use the same amount | Cannot determine,Chef B,1,Chef A: 2÷8 = 0.25 cups per cracker. Chef B: 3÷9 ≈ 0.33 cups per cracker. Chef B uses more cheese per cracker.
3-5,quiz,yes,mc,Which ratio is greater: 3:4 or 5:8?,3:4 | 5:8 | They are equal | Cannot determine,3:4,1,"Convert to the same denominator: 3:4 = 6:8. Since 6:8 > 5:8, the ratio 3:4 is greater."
3-5,quiz,yes,mc,Which lemonade recipe is more lemony? Recipe A: 2 lemons for 6 cups of water. Recipe B: 3 lemons for 7 cups of water.,Recipe B | Recipe A | They are the same | Cannot determine,Recipe B,1,"Recipe A: 2÷6 ≈ 0.33 lemons per cup. Recipe B: 3÷7 ≈ 0.43 lemons per cup. Since 0.43 > 0.33, Recipe B is more lemony."
3-5,quiz,yes,mc,Which is the better deal: 4 apples for $3 or 6 apples for $5?,4 apples for $3 | 6 apples for $5 | They cost the same | Cannot determine,4 apples for $3,1,"Deal 1: $3÷4 = $0.75 per apple. Deal 2: $5÷6 ≈ $0.83 per apple. $0.75 < $0.83, so 4 apples for $3 is the better deal."
3-5,quiz,yes,mc,Store A sells 3 mangoes for $6. Store B sells 5 mangoes for $9. Which store offers a better price per mango?,Store B | Store A | Same price | Cannot determine,Store B,1,Store A: $6÷3 = $2.00 per mango. Store B: $9÷5 = $1.80 per mango. Store B has the better (lower) price per mango.
3-5,quiz,yes,mc,Match each scenario to the correct answer: Which ratio is greater? /  / Where does this belong?  5:6 vs. 7:9 → 5:6 is greater,Correct Comparison | Incorrect Comparison,Correct Comparison,1,
3-5,quiz,yes,mc,Match each scenario to the correct answer: Which ratio is greater? /  / Where does this belong?  2:3 vs. 4:6 → they are equal,Correct Comparison | Incorrect Comparison,Correct Comparison,1,
3-5,quiz,yes,mc,Match each scenario to the correct answer: Which ratio is greater? /  / Where does this belong?  1:4 vs. 2:5 → 2:5 is greater,Correct Comparison | Incorrect Comparison,Correct Comparison,1,
3-5,quiz,yes,mc,Match each scenario to the correct answer: Which ratio is greater? /  / Where does this belong?  3:7 vs. 2:5 → 3:7 is greater,Correct Comparison | Incorrect Comparison,Incorrect Comparison,1,
3-5,quiz,yes,mc,Match each scenario to the correct answer: Which ratio is greater? /  / Where does this belong?  4:5 vs. 3:4 → 3:4 is greater,Correct Comparison | Incorrect Comparison,Incorrect Comparison,1,
3-5,quiz,yes,mc,Match each scenario to the correct answer: Which ratio is greater? /  / Where does this belong?  1:2 vs. 3:4 → they are equal,Correct Comparison | Incorrect Comparison,Incorrect Comparison,1,
3-5,quiz,yes,mc,Exit Ticket: A bakery sells 4 muffins for $10 and another bakery sells 6 muffins for $14. Which bakery has the lower price per muffin?,The second bakery | The first bakery | Same price | Cannot determine,The second bakery,1,First bakery: $10÷4 = $2.50 per muffin. Second bakery: $14÷6 ≈ $2.33 per muffin. The second bakery has the lower price.
3-6,notes,no,short,An equation that states two ratios are equal is a ___.,,,0,
3-6,notes,no,short,Multiplying the numerator of one ratio by the denominator of the other to check a proportion is to ___.,,,0,
3-6,notes,no,short,To multiply a ratio up or down by the same factor is to ___ it.,,,0,
3-6,notes,no,short,Two ratios that show the same comparison are ___.,,,0,
3-6,notes,no,short,The amount for exactly one unit is the ___.,,,0,
3-6,notes,no,paragraph,"Chef Reyes's recipe serves 8 people, but the banquet has 120 guests. How many times bigger is 120 than 8, and how does that scale factor help you adjust the tomatoes and mozzarella?",,,0,
3-6,notes,no,paragraph,"You sorted ratio pairs into equivalent and not equivalent. How does ratio reasoning, like cross-multiplying, prove that 4:7 and 12:21 are equivalent?",,,0,
3-6,notes,no,paragraph,"Where might ratio reasoning help you make a smart choice in real life, like shopping or cooking?",,,0,
3-6,notes,no,paragraph,Apply what you learned.,,,0,
3-6,practice,no,mc,"A car travels 150 miles using 5 gallons. At this rate, how far on 8 gallons?",240 miles | 210 miles | 30 miles | 300 miles,,0,
3-6,practice,no,mc,"If 4 workers build a wall in the same time pattern, and 4 workers lay 20 bricks per minute, how many bricks do 10 workers lay per minute at the same rate?",50 | 40 | 30 | 25,,0,
3-6,practice,no,mc,A map scale is 1 inch = 25 miles. Two cities are 4.5 inches apart. How far apart in real life?,112.5 miles | 100 miles | 125 miles | 29.5 miles,,0,
3-6,practice,no,mc,A printer prints 24 pages in 3 minutes. How many pages in 7 minutes?,56 | 48 | 63 | 21,,0,
3-6,practice,no,mc,A recipe uses 4 cups of broth for every 10 servings. How many cups of broth are needed for 30 servings?,12 | 8 | 14 | 40,,0,
3-6,practice,no,mc,Are the ratios 6:9 and 2:3 equivalent?,"Yes, both simplify to 2:3 | No, 6 ≠ 2 | Yes, because 6 + 9 = 15 | No, because 9 - 6 ≠ 3 - 2",,0,
3-6,practice,no,mc,"If 3 pounds of apples cost $6, how much do 7 pounds cost?",$14 | $13 | $10 | $21,,0,
3-6,practice,no,mc,Solve the proportion: 2/5 = x/20. What is x?,8 | 10 | 4 | 12,,0,
3-6,practice,no,paragraph,Complete the table.,,,0,
3-6,practice,no,paragraph,Complete the table.,,,0,
3-6,practice,no,mc,A chef uses the proportion 3/7 = x/28 to scale a recipe. What is x?,12 | 14 | 9 | 21,,0,
3-6,practice,no,short,Each part = 30 ÷ 5 = 6 cups. Nuts = 3 × 6 = 18 cups. Raisins = 2 × 6 = 12 cups.  ,,,0,
3-6,practice,no,paragraph,"For each proportion, sort whether it is set up correctly or incorrectly to solve '4 cups for 6 servings = ? cups for 18 servings'.",,,0,
3-6,practice,no,paragraph,Find Priya's Mistake,,,0,
3-6,practice,no,paragraph,A recipe serves 6 people and uses 4 cups of rice. You need to serve 15 people. Show two different methods to find how much rice you need: (1) using a scale factor and (2) using a unit rate.,,,0,
3-6,practice,no,paragraph,"Set up and solve the proportion: If 5 oranges cost $4, how much do 20 oranges cost? Balance both sides.",,,0,
3-6,quiz,yes,mc,"A car travels 150 miles using 5 gallons. At this rate, how far on 8 gallons?",240 miles | 210 miles | 30 miles | 300 miles,240 miles,1,150 ÷ 5 = 30 miles per gallon; 30 × 8 = 240 miles.
3-6,quiz,yes,mc,"If 4 workers build a wall in the same time pattern, and 4 workers lay 20 bricks per minute, how many bricks do 10 workers lay per minute at the same rate?",50 | 40 | 30 | 25,50,1,20 ÷ 4 = 5 bricks per worker; 5 × 10 = 50 bricks per minute.
3-6,quiz,yes,mc,A map scale is 1 inch = 25 miles. Two cities are 4.5 inches apart. How far apart in real life?,112.5 miles | 100 miles | 125 miles | 29.5 miles,112.5 miles,1,4.5 × 25 = 112.5 miles.
3-6,quiz,yes,mc,A printer prints 24 pages in 3 minutes. How many pages in 7 minutes?,56 | 48 | 63 | 21,56,1,24 ÷ 3 = 8 pages per minute; 8 × 7 = 56 pages.
3-6,quiz,yes,mc,A recipe uses 4 cups of broth for every 10 servings. How many cups of broth are needed for 30 servings?,12 | 8 | 14 | 40,12,1,Scale factor: 30 ÷ 10 = 3. Multiply broth by 3: 4 × 3 = 12 cups.
3-6,quiz,yes,mc,Are the ratios 6:9 and 2:3 equivalent?,"Yes, both simplify to 2:3 | No, 6 ≠ 2 | Yes, because 6 + 9 = 15 | No, because 9 - 6 ≠ 3 - 2","Yes, both simplify to 2:3",1,"Divide 6:9 by 3 to get 2:3. Since both ratios simplify to 2:3, they are equivalent."
3-6,quiz,yes,mc,"If 3 pounds of apples cost $6, how much do 7 pounds cost?",$14 | $13 | $10 | $21,$14,1,Unit rate: $6 ÷ 3 = $2 per pound. For 7 pounds: $2 × 7 = $14.
3-6,quiz,yes,mc,Solve the proportion: 2/5 = x/20. What is x?,8 | 10 | 4 | 12,8,1,Scale factor: 20 ÷ 5 = 4. Multiply: 2 × 4 = 8. So x = 8.
3-6,quiz,yes,mc,A chef uses the proportion 3/7 = x/28 to scale a recipe. What is x?,12 | 14 | 9 | 21,12,1,Scale factor: 28 ÷ 7 = 4. Multiply: 3 × 4 = 12. So x = 12.
3-6,quiz,yes,mc,"For each proportion, sort whether it is set up correctly or incorrectly to solve '4 cups for 6 servings = ? cups for 18 servings'. /  / Where does this belong?  4/6 = x/18",Correct Setup | Incorrect Setup,Correct Setup,1,
3-6,quiz,yes,mc,"For each proportion, sort whether it is set up correctly or incorrectly to solve '4 cups for 6 servings = ? cups for 18 servings'. /  / Where does this belong?  6/4 = 18/x",Correct Setup | Incorrect Setup,Correct Setup,1,
3-6,quiz,yes,mc,"For each proportion, sort whether it is set up correctly or incorrectly to solve '4 cups for 6 servings = ? cups for 18 servings'. /  / Where does this belong?  4/18 = x/6",Correct Setup | Incorrect Setup,Incorrect Setup,1,
3-6,quiz,yes,mc,"For each proportion, sort whether it is set up correctly or incorrectly to solve '4 cups for 6 servings = ? cups for 18 servings'. /  / Where does this belong?  6/18 = x/4",Correct Setup | Incorrect Setup,Incorrect Setup,1,
3-6,quiz,yes,mc,Exit Ticket: A recipe calls for 6 cups of flour for every 15 cookies. How many cups of flour are needed to make 45 cookies?,18 | 12 | 24 | 21,18,1,Scale factor: 45 ÷ 15 = 3. Multiply flour by 3: 6 × 3 = 18 cups of flour.
3-7,notes,no,short,A ratio comparing two quantities with different units is a ___.,,,0,
3-7,notes,no,short,"A rate for exactly one unit, like $3 per 1 pound, is a ___.",,,0,
3-7,notes,no,short,"The word that means 'for each' in a rate, like miles ___ hour, is ___.",,,0,
3-7,notes,no,short,Using a plan and math steps to find an answer to a real situation is ___.,,,0,
3-7,notes,no,short,An equation that two ratios are equal is a ___.,,,0,
3-7,notes,no,paragraph,"Team 1 knows 3 pounds of chicken cost $18. What was your plan to find the cost of just 1 pound, and why is that unit rate useful?",,,0,
3-7,notes,no,paragraph,Team 2 frosts 5 cupcakes every 4 minutes. How did you set up a rate or proportion to find how many cupcakes they frost in a longer time?,,,0,
3-7,notes,no,paragraph,"Tell about a real situation where rates matter, like speed, pay, or price, and explain how the unit rate helps you.",,,0,
3-7,notes,no,paragraph,Apply what you learned.,,,0,
3-7,practice,no,mc,A store sells 3 shirts for $36. How much would 5 shirts cost at the same rate?,$60 | $48 | $72 | $54,,0,
3-7,practice,no,mc,A recipe for 4 people uses 6 eggs. How many eggs for 10 people?,15 | 12 | 18 | 20,,0,
3-7,practice,no,mc,A runner covers 12 km in 4 hours. How long to cover 21 km at the same speed?,7 hours | 6 hours | 8 hours | 5 hours,,0,
3-7,practice,no,mc,5 notebooks cost $7.50. What is the cost of 12 notebooks?,$18.00 | $15.00 | $20.00 | $16.50,,0,
3-7,practice,no,mc,A bakery makes 24 cookies in 3 batches. What is the unit rate of cookies per batch?,8 cookies per batch | 3 cookies per batch | 24 cookies per batch | 6 cookies per batch,,0,
3-7,practice,no,mc,Apples cost $5 for 4 pounds. What is the cost per pound?,$1.25 | $0.80 | $1.50 | $4.00,,0,
3-7,practice,no,mc,"A cyclist rides 36 miles in 3 hours. At the same rate, how far will she ride in 5 hours?",60 miles | 48 miles | 72 miles | 45 miles,,0,
3-7,practice,no,mc,A printer prints 45 pages in 9 minutes. How many pages does it print per minute?,5 pages per minute | 9 pages per minute | 4 pages per minute | 45 pages per minute,,0,
3-7,practice,no,paragraph,Complete the table.,,,0,
3-7,practice,no,paragraph,Complete the table.,,,0,
3-7,practice,no,mc,A car travels 150 miles in 3 hours. A bus travels 200 miles in 5 hours. Which vehicle is faster?,The car | The bus | Same speed | Cannot determine,,0,
3-7,practice,no,paragraph,Sort each rate problem by the strategy that works BEST to solve it.,,,0,
3-7,practice,no,paragraph,"A runner goes 6 miles in 48 minutes. Place markers showing distance at 0, 16, 32, and 48 minutes.",,,0,
3-7,practice,no,paragraph,Find Mia's Mistake,,,0,
3-7,practice,no,paragraph,"A factory makes 240 widgets in 8 hours. Another factory makes 200 widgets in 5 hours. Which factory is faster? If both factories work together for 10 hours, how many total widgets would they produce?",,,0,
3-7,practice,no,paragraph,Complete the table.,,,0,
3-7,quiz,yes,mc,A store sells 3 shirts for $36. How much would 5 shirts cost at the same rate?,$60 | $48 | $72 | $54,$60,1,"Each shirt is $12, so 5 shirts cost $60."
3-7,quiz,yes,mc,A recipe for 4 people uses 6 eggs. How many eggs for 10 people?,15 | 12 | 18 | 20,15,1,6 ÷ 4 = 1.5 eggs per person; 1.5 × 10 = 15 eggs.
3-7,quiz,yes,mc,A runner covers 12 km in 4 hours. How long to cover 21 km at the same speed?,7 hours | 6 hours | 8 hours | 5 hours,7 hours,1,Speed is 3 km/h; 21 ÷ 3 = 7 hours.
3-7,quiz,yes,mc,5 notebooks cost $7.50. What is the cost of 12 notebooks?,$18.00 | $15.00 | $20.00 | $16.50,$18.00,1,Each notebook is $1.50; 12 × $1.50 = $18.00.
3-7,quiz,yes,mc,A bakery makes 24 cookies in 3 batches. What is the unit rate of cookies per batch?,8 cookies per batch | 3 cookies per batch | 24 cookies per batch | 6 cookies per batch,8 cookies per batch,1,Unit rate: 24 cookies ÷ 3 batches = 8 cookies per batch.
3-7,quiz,yes,mc,Apples cost $5 for 4 pounds. What is the cost per pound?,$1.25 | $0.80 | $1.50 | $4.00,$1.25,1,Unit rate: $5 ÷ 4 pounds = $1.25 per pound.
3-7,quiz,yes,mc,"A cyclist rides 36 miles in 3 hours. At the same rate, how far will she ride in 5 hours?",60 miles | 48 miles | 72 miles | 45 miles,60 miles,1,Unit rate: 36 ÷ 3 = 12 miles per hour. In 5 hours: 12 × 5 = 60 miles.
3-7,quiz,yes,mc,A printer prints 45 pages in 9 minutes. How many pages does it print per minute?,5 pages per minute | 9 pages per minute | 4 pages per minute | 45 pages per minute,5 pages per minute,1,Unit rate: 45 ÷ 9 = 5 pages per minute.
3-7,quiz,yes,mc,A car travels 150 miles in 3 hours. A bus travels 200 miles in 5 hours. Which vehicle is faster?,The car | The bus | Same speed | Cannot determine,The car,1,Car: 150÷3 = 50 mph. Bus: 200÷5 = 40 mph. The car travels faster at 50 mph vs. 40 mph.
3-7,quiz,yes,mc,Sort each rate problem by the strategy that works BEST to solve it. /  / Where does this belong?  Find cost per pound when 5 lb costs $12,Use Unit Rate | Use Ratio Table / Proportion,Use Unit Rate,1,
3-7,quiz,yes,mc,"Sort each rate problem by the strategy that works BEST to solve it. /  / Where does this belong?  If 3 shirts cost $24, find cost of 9 shirts",Use Unit Rate | Use Ratio Table / Proportion,Use Ratio Table / Proportion,1,
3-7,quiz,yes,mc,Sort each rate problem by the strategy that works BEST to solve it. /  / Where does this belong?  A car goes 55 mph — how far in 4 hours?,Use Unit Rate | Use Ratio Table / Proportion,Use Unit Rate,1,
3-7,quiz,yes,mc,Sort each rate problem by the strategy that works BEST to solve it. /  / Where does this belong?  Scale a recipe from 4 servings to 20 servings,Use Unit Rate | Use Ratio Table / Proportion,Use Ratio Table / Proportion,1,
3-7,quiz,yes,mc,"Exit Ticket: A printer prints 30 pages in 5 minutes. At this rate, how many pages will it print in 12 minutes?",72 | 60 | 36 | 42,72,1,Unit rate: 30 ÷ 5 = 6 pages per minute. In 12 minutes: 6 × 12 = 72 pages.
4-1,notes,no,short,A ratio that compares two quantities with different units is a ___.,,,0,
4-1,notes,no,short,A rate that tells the cost or amount for one unit is a ___.,,,0,
4-1,notes,no,short,The word that means 'for each one' is ___.,,,0,
4-1,notes,no,short,A comparison of two quantities is a ___.,,,0,
4-1,notes,no,short,"The option with the lower unit rate, costing less per item, is the ___.",,,0,
4-1,notes,no,short,"To find a unit rate, I ___ the price by the number of units.",,,0,
4-1,notes,no,paragraph,"Booth A charges $3 for 5 games and Booth B charges $5 for 8 games. Just by looking, which booth seems like the better deal, and what makes it hard to be sure?",,,0,
4-1,notes,no,paragraph,"How did you find the cost per game (the unit rate) for each booth, and what did you divide?",,,0,
4-1,notes,no,paragraph,The snack bar sells popcorn as 3 cups for $2.25 or 8 cups for $5.60. How do unit rates help you decide the better buy?,,,0,
4-1,notes,no,paragraph,How does finding the unit rate help you compare the booths?,,,0,
4-1,notes,no,paragraph,"Which size is the better deal, and how do you know?",,,0,
4-1,practice,no,mc,A car drives 180 miles in 3 hours. What is the unit rate?,60 miles per hour | 540 miles per hour | 3 miles per hour | 60 hours per mile,,0,
4-1,practice,no,mc,12 oranges cost $4.80. What is the unit price per orange?,$0.40 | $0.48 | $4.00 | $0.04,,0,
4-1,practice,no,mc,Which is the better unit rate for typing speed: 240 words in 4 minutes or 300 words in 6 minutes?,240 words in 4 minutes | 300 words in 6 minutes | They are equal | Cannot tell,,0,
4-1,practice,no,mc,A faucet fills 15 liters in 5 minutes. How many liters per minute?,3 | 75 | 5 | 10,,0,
4-1,practice,no,mc,A booth charges $4.50 for 9 games. What is the unit rate?,$0.50 per game | $0.45 per game | $2.00 per game | $4.50 per game,,0,
4-1,practice,no,mc,A car travels 180 miles using 6 gallons of gas. What is the unit rate in miles per gallon?,30 miles per gallon | 6 miles per gallon | 180 miles per gallon | 36 miles per gallon,,0,
4-1,practice,no,mc,A pack of 8 markers costs $6.00. What is the cost per marker?,$0.75 | $0.80 | $1.33 | $0.60,,0,
4-1,practice,no,mc,Which is a unit rate?,12 miles per 1 hour | 24 miles in 2 hours | 36 miles for 3 gallons | 100 points in 5 games,,0,
4-1,practice,no,paragraph,Complete the table.,,,0,
4-1,practice,no,paragraph,Complete the table.,,,0,
4-1,practice,no,mc,Which token pack from the table above is the best deal?,Pack A | Pack B | Pack C | They are all the same,,0,
4-1,practice,no,paragraph,Sort each situation by whether the unit rate is 'per item' or 'per time'.,,,0,
4-1,practice,no,mc,Runner A completes 4 laps in 12 minutes. Runner B completes 5 laps in 14 minutes. Who runs more laps per minute?,Runner B | Runner A | Same rate | Cannot determine,,0,
4-1,practice,no,paragraph,Find the Rate Error,,,0,
4-1,practice,no,paragraph,"An arcade sells tokens in three packs: 25 tokens for $5, 60 tokens for $10.80, and 100 tokens for $19. A student says the 100-token pack is always the best deal because you get the most tokens. Is the student correct? Find all three unit rates and explain.",,,0,
4-1,practice,no,paragraph,Complete the table.,,,0,
4-1,quiz,yes,mc,A car drives 180 miles in 3 hours. What is the unit rate?,60 miles per hour | 540 miles per hour | 3 miles per hour | 60 hours per mile,60 miles per hour,1,180 ÷ 3 = 60 miles per hour.
4-1,quiz,yes,mc,12 oranges cost $4.80. What is the unit price per orange?,$0.40 | $0.48 | $4.00 | $0.04,$0.40,1,4.80 ÷ 12 = 0.40 per orange.
4-1,quiz,yes,mc,Which is the better unit rate for typing speed: 240 words in 4 minutes or 300 words in 6 minutes?,240 words in 4 minutes | 300 words in 6 minutes | They are equal | Cannot tell,240 words in 4 minutes,1,60 words/min vs 50 words/min; 240 in 4 minutes is faster.
4-1,quiz,yes,mc,A faucet fills 15 liters in 5 minutes. How many liters per minute?,3 | 75 | 5 | 10,3,1,15 ÷ 5 = 3 liters per minute.
4-1,quiz,yes,mc,A booth charges $4.50 for 9 games. What is the unit rate?,$0.50 per game | $0.45 per game | $2.00 per game | $4.50 per game,$0.50 per game,1,$4.50 ÷ 9 = $0.50 per game.
4-1,quiz,yes,mc,A car travels 180 miles using 6 gallons of gas. What is the unit rate in miles per gallon?,30 miles per gallon | 6 miles per gallon | 180 miles per gallon | 36 miles per gallon,30 miles per gallon,1,180 miles ÷ 6 gallons = 30 miles per gallon.
4-1,quiz,yes,mc,A pack of 8 markers costs $6.00. What is the cost per marker?,$0.75 | $0.80 | $1.33 | $0.60,$0.75,1,$6.00 ÷ 8 = $0.75 per marker.
4-1,quiz,yes,mc,Which is a unit rate?,12 miles per 1 hour | 24 miles in 2 hours | 36 miles for 3 gallons | 100 points in 5 games,12 miles per 1 hour,1,A unit rate has 1 in the second quantity. '12 miles per 1 hour' is the only choice where the second quantity is 1.
4-1,quiz,yes,mc,Which token pack from the table above is the best deal?,Pack A | Pack B | Pack C | They are all the same,Pack B,1,"Pack B has a unit rate of $0.20 per token, which is the lowest cost per token."
4-1,quiz,yes,mc,Runner A completes 4 laps in 12 minutes. Runner B completes 5 laps in 14 minutes. Who runs more laps per minute?,Runner B | Runner A | Same rate | Cannot determine,Runner B,1,Runner A: 4÷12 ≈ 0.33 laps/min. Runner B: 5÷14 ≈ 0.36 laps/min. Runner B runs slightly more laps per minute.
4-1,quiz,yes,mc,Sort each situation by whether the unit rate is 'per item' or 'per time'. /  / Where does this belong?  $3 per pound of apples,Rate Per Item | Rate Per Time,Rate Per Item,1,
4-1,quiz,yes,mc,Sort each situation by whether the unit rate is 'per item' or 'per time'. /  / Where does this belong?  60 miles per hour,Rate Per Item | Rate Per Time,Rate Per Time,1,
4-1,quiz,yes,mc,Sort each situation by whether the unit rate is 'per item' or 'per time'. /  / Where does this belong?  $0.25 per token,Rate Per Item | Rate Per Time,Rate Per Item,1,
4-1,quiz,yes,mc,Sort each situation by whether the unit rate is 'per item' or 'per time'. /  / Where does this belong?  15 pages per minute,Rate Per Item | Rate Per Time,Rate Per Time,1,
4-1,quiz,yes,mc,Sort each situation by whether the unit rate is 'per item' or 'per time'. /  / Where does this belong?  $1.50 per bottle,Rate Per Item | Rate Per Time,Rate Per Item,1,
4-1,quiz,yes,mc,Sort each situation by whether the unit rate is 'per item' or 'per time'. /  / Where does this belong?  8 laps per hour,Rate Per Item | Rate Per Time,Rate Per Time,1,
4-1,quiz,yes,mc,Exit Ticket: A store sells 6 pencils for $1.50 and 10 pencils for $2.80. Which is the better buy?,6 for $1.50 — $0.25 each | 10 for $2.80 — $0.28 each | They cost the same per pencil | Not enough information,6 for $1.50 — $0.25 each,1,"$1.50 ÷ 6 = $0.25 per pencil. $2.80 ÷ 10 = $0.28 per pencil. $0.25 < $0.28, so 6 for $1.50 is the better buy."
4-1-flagship,notes,no,short,A ratio that compares two quantities with different units is a ___.,,,0,
4-1-flagship,notes,no,short,A rate that tells the cost or amount for one unit is a ___.,,,0,
4-1-flagship,notes,no,short,The word that means 'for each one' is ___.,,,0,
4-1-flagship,notes,no,short,A comparison of two quantities is a ___.,,,0,
4-1-flagship,notes,no,short,"The option with the lower unit rate, costing less per item, is the ___.",,,0,
4-1-flagship,notes,no,short,"To find a unit rate, I ___ the price by the number of units.",,,0,
4-1-flagship,notes,no,paragraph,Booth A charges $3 for 5 games and Booth B charges $5 for 8 games. Can you tell which is the better deal just by looking at the signs? Why or why not?,,,0,
4-1-flagship,notes,no,paragraph,"How did you find the cost per game for each booth, and which booth wins?",,,0,
4-1-flagship,notes,no,paragraph,"At the snack bar, how would you use a unit rate to find the best popcorn deal among different sizes?",,,0,
4-1-flagship,notes,no,paragraph,How does finding the unit rate help you compare the booths?,,,0,
4-1-flagship,notes,no,paragraph,"Which size is the better deal, and how do you know?",,,0,
4-1-flagship,practice,no,mc,A booth charges $4.50 for 9 games. What is the unit rate?,$0.50 per game | $0.45 per game | $2.00 per game | $4.50 per game,,0,
4-1-flagship,practice,no,mc,A car travels 180 miles using 6 gallons of gas. What is the unit rate in miles per gallon?,30 miles per gallon | 6 miles per gallon | 180 miles per gallon | 36 miles per gallon,,0,
4-1-flagship,practice,no,mc,A pack of 8 markers costs $6.00. What is the cost per marker?,$0.75 | $0.80 | $1.33 | $0.60,,0,
4-1-flagship,practice,no,mc,Which is a unit rate?,12 miles per 1 hour | 24 miles in 2 hours | 36 miles for 3 gallons | 100 points in 5 games,,0,
4-1-flagship,practice,no,paragraph,Complete the table.,,,0,
4-1-flagship,practice,no,paragraph,Complete the table.,,,0,
4-1-flagship,practice,no,mc,Which token pack from the table above is the best deal?,Pack A | Pack B | Pack C | They are all the same,,0,
4-1-flagship,practice,no,paragraph,Sort each situation by whether the unit rate is 'per item' or 'per time'.,,,0,
4-1-flagship,practice,no,mc,Runner A completes 4 laps in 12 minutes. Runner B completes 5 laps in 14 minutes. Who runs more laps per minute?,Runner B | Runner A | Same rate | Cannot determine,,0,
4-1-flagship,practice,no,paragraph,Find the Rate Error,,,0,
4-1-flagship,practice,no,paragraph,"An arcade sells tokens in three packs: 25 tokens for $5, 60 tokens for $10.80, and 100 tokens for $19. A student says the 100-token pack is always the best deal because you get the most tokens. Is the student correct? Find all three unit rates and explain.",,,0,
4-1-flagship,practice,no,paragraph,Complete the table.,,,0,
4-1-flagship,quiz,yes,mc,A booth charges $4.50 for 9 games. What is the unit rate?,$0.50 per game | $0.45 per game | $2.00 per game | $4.50 per game,$0.50 per game,1,$4.50 ÷ 9 = $0.50 per game.
4-1-flagship,quiz,yes,mc,A car travels 180 miles using 6 gallons of gas. What is the unit rate in miles per gallon?,30 miles per gallon | 6 miles per gallon | 180 miles per gallon | 36 miles per gallon,30 miles per gallon,1,180 miles ÷ 6 gallons = 30 miles per gallon.
4-1-flagship,quiz,yes,mc,A pack of 8 markers costs $6.00. What is the cost per marker?,$0.75 | $0.80 | $1.33 | $0.60,$0.75,1,$6.00 ÷ 8 = $0.75 per marker.
4-1-flagship,quiz,yes,mc,Which is a unit rate?,12 miles per 1 hour | 24 miles in 2 hours | 36 miles for 3 gallons | 100 points in 5 games,12 miles per 1 hour,1,A unit rate has 1 in the second quantity. '12 miles per 1 hour' is the only choice where the second quantity is 1.
4-1-flagship,quiz,yes,mc,Which token pack from the table above is the best deal?,Pack A | Pack B | Pack C | They are all the same,Pack B,1,"Pack B has a unit rate of $0.20 per token, which is the lowest cost per token."
4-1-flagship,quiz,yes,mc,Runner A completes 4 laps in 12 minutes. Runner B completes 5 laps in 14 minutes. Who runs more laps per minute?,Runner B | Runner A | Same rate | Cannot determine,Runner B,1,Runner A: 4÷12 ≈ 0.33 laps/min. Runner B: 5÷14 ≈ 0.36 laps/min. Runner B runs slightly more laps per minute.
4-1-flagship,quiz,yes,mc,Sort each situation by whether the unit rate is 'per item' or 'per time'. /  / Where does this belong?  $3 per pound of apples,Rate Per Item | Rate Per Time,Rate Per Item,1,
4-1-flagship,quiz,yes,mc,Sort each situation by whether the unit rate is 'per item' or 'per time'. /  / Where does this belong?  60 miles per hour,Rate Per Item | Rate Per Time,Rate Per Time,1,
4-1-flagship,quiz,yes,mc,Sort each situation by whether the unit rate is 'per item' or 'per time'. /  / Where does this belong?  $0.25 per token,Rate Per Item | Rate Per Time,Rate Per Item,1,
4-1-flagship,quiz,yes,mc,Sort each situation by whether the unit rate is 'per item' or 'per time'. /  / Where does this belong?  15 pages per minute,Rate Per Item | Rate Per Time,Rate Per Time,1,
4-1-flagship,quiz,yes,mc,Sort each situation by whether the unit rate is 'per item' or 'per time'. /  / Where does this belong?  $1.50 per bottle,Rate Per Item | Rate Per Time,Rate Per Item,1,
4-1-flagship,quiz,yes,mc,Sort each situation by whether the unit rate is 'per item' or 'per time'. /  / Where does this belong?  8 laps per hour,Rate Per Item | Rate Per Time,Rate Per Time,1,
4-1-flagship,quiz,yes,mc,Exit Ticket: A store sells 6 pencils for $1.50 and 10 pencils for $2.80. Which is the better buy?,6 for $1.50 — $0.25 each | 10 for $2.80 — $0.28 each | They cost the same per pencil | Not enough information,6 for $1.50 — $0.25 each,1,"$1.50 ÷ 6 = $0.25 per pencil. $2.80 ÷ 10 = $0.28 per pencil. $0.25 < $0.28, so 6 for $1.50 is the better buy."
4-2,notes,no,short,"A ratio that compares a number to 100, written with a % sign, is a ___.",,,0,
4-2,notes,no,short,A number that uses a point to show parts of a whole is a ___.,,,0,
4-2,notes,no,short,Equivalent: ___,,,0,
4-2,notes,no,short,"A common, easy-to-remember value like 50% or 1/4 used for comparing is a ___.",,,0,
4-2,notes,no,short,"An amount taken off a price, often given as a percent, is a ___.",,,0,
4-2,notes,no,paragraph,A player scored 3/4 of the points. The leaderboard shows percents and the game engine uses decimals. What are three different ways to write the same score?,,,0,
4-2,notes,no,paragraph,How did you convert a fraction like 3/5 into a decimal and a percent in the table?,,,0,
4-2,notes,no,paragraph,"A sale says 'Everything 3/5 off!' One friend says that is 35% off and another says 60% off. Who is right, and how do you know?",,,0,
4-2,notes,no,paragraph,"What pattern do you notice when converting between fractions, decimals, and percents?",,,0,
4-2,notes,no,paragraph,"Who is correct, and how much would the game cost on sale?",,,0,
4-2,practice,no,mc,What is 0.45 written as a percent?,45% | 4.5% | 450% | 0.45%,,0,
4-2,practice,no,mc,What is 3/5 written as a percent?,60% | 35% | 53% | 30%,,0,
4-2,practice,no,mc,Which is the largest value?,0.7 | 65% | 3/5 | 0.59,,0,
4-2,practice,no,mc,What is 25% as a fraction in simplest form?,1/4 | 25/10 | 1/5 | 4/1,,0,
4-2,practice,no,paragraph,Sort these values — which are greater than 50% and which are less than 50%?,,,0,
4-2,practice,no,mc,Convert 3/5 to a percent.,60% | 35% | 53% | 65%,,0,
4-2,practice,no,mc,Convert 7/20 to a percent.,35% | 70% | 20% | 14%,,0,
4-2,practice,no,mc,Which decimal is equivalent to 45%?,0.45 | 4.5 | 0.045 | 45.0,,0,
4-2,practice,no,mc,What fraction is equal to 0.75?,3/4 | 7/5 | 3/5 | 7/10,,0,
4-2,practice,no,paragraph,"Place each value on the number line: A = 3/8, B = 0.6, C = 85%",,,0,
4-2,practice,no,mc,A game shows your score as 7/8 complete. What percent is that?,87.5% | 78% | 75% | 88%,,0,
4-2,practice,no,paragraph,Complete the table.,,,0,
4-2,practice,no,paragraph,Order these values from least to greatest by sorting them into the correct position.,,,0,
4-2,practice,no,paragraph,Find the Conversion Error,,,0,
4-2,practice,no,paragraph,A student says 3/8 is greater than 40% because 3 and 8 are bigger numbers than 4 and 0. Is the student correct? Convert both values to the same form and explain.,,,0,
4-2,practice,no,paragraph,"Place 1/3, 0.4, and 38% on the number line. Which is greatest?",,,0,
4-2,quiz,yes,mc,What is 0.45 written as a percent?,45% | 4.5% | 450% | 0.45%,45%,1,Multiply by 100: 0.45 = 45%.
4-2,quiz,yes,mc,What is 3/5 written as a percent?,60% | 35% | 53% | 30%,60%,1,3/5 = 0.6 = 60%.
4-2,quiz,yes,mc,Which is the largest value?,0.7 | 65% | 3/5 | 0.59,0.7,1,"0.7 = 70%, larger than 65%, 60% (3/5), and 59%."
4-2,quiz,yes,mc,What is 25% as a fraction in simplest form?,1/4 | 25/10 | 1/5 | 4/1,1/4,1,25% = 25/100 = 1/4.
4-2,quiz,yes,mc,Convert 3/5 to a percent.,60% | 35% | 53% | 65%,60%,1,3 ÷ 5 = 0.6 = 60%.
4-2,quiz,yes,mc,Convert 7/20 to a percent.,35% | 70% | 20% | 14%,35%,1,7 ÷ 20 = 0.35 = 35%.
4-2,quiz,yes,mc,Which decimal is equivalent to 45%?,0.45 | 4.5 | 0.045 | 45.0,0.45,1,"To convert a percent to a decimal, divide by 100: 45 ÷ 100 = 0.45."
4-2,quiz,yes,mc,What fraction is equal to 0.75?,3/4 | 7/5 | 3/5 | 7/10,3/4,1,0.75 = 75/100. Simplify by dividing both by 25: 75÷25 = 3 and 100÷25 = 4. So 0.75 = 3/4.
4-2,quiz,yes,mc,A game shows your score as 7/8 complete. What percent is that?,87.5% | 78% | 75% | 88%,87.5%,1,"7 ÷ 8 = 0.875, and 0.875 × 100 = 87.5%."
4-2,quiz,yes,mc,Sort these values — which are greater than 50% and which are less than 50%? /  / Where does this belong?  3/4,Greater than 50% | Less than 50%,Greater than 50%,1,
4-2,quiz,yes,mc,Sort these values — which are greater than 50% and which are less than 50%? /  / Where does this belong?  0.8,Greater than 50% | Less than 50%,Greater than 50%,1,
4-2,quiz,yes,mc,Sort these values — which are greater than 50% and which are less than 50%? /  / Where does this belong?  65%,Greater than 50% | Less than 50%,Greater than 50%,1,
4-2,quiz,yes,mc,Sort these values — which are greater than 50% and which are less than 50%? /  / Where does this belong?  7/10,Greater than 50% | Less than 50%,Greater than 50%,1,
4-2,quiz,yes,mc,Sort these values — which are greater than 50% and which are less than 50%? /  / Where does this belong?  1/3,Greater than 50% | Less than 50%,Less than 50%,1,
4-2,quiz,yes,mc,Sort these values — which are greater than 50% and which are less than 50%? /  / Where does this belong?  0.25,Greater than 50% | Less than 50%,Less than 50%,1,
4-2,quiz,yes,mc,Sort these values — which are greater than 50% and which are less than 50%? /  / Where does this belong?  40%,Greater than 50% | Less than 50%,Less than 50%,1,
4-2,quiz,yes,mc,Sort these values — which are greater than 50% and which are less than 50%? /  / Where does this belong?  2/5,Greater than 50% | Less than 50%,Less than 50%,1,
4-2,quiz,yes,mc,Order these values from least to greatest by sorting them into the correct position. /  / Where does this belong?  1/5 (= 0.20),1st (Smallest) | 2nd | 3rd | 4th | 5th (Largest),1st (Smallest),1,
4-2,quiz,yes,mc,Order these values from least to greatest by sorting them into the correct position. /  / Where does this belong?  0.35,1st (Smallest) | 2nd | 3rd | 4th | 5th (Largest),2nd,1,
4-2,quiz,yes,mc,Order these values from least to greatest by sorting them into the correct position. /  / Where does this belong?  2/5 (= 0.40),1st (Smallest) | 2nd | 3rd | 4th | 5th (Largest),3rd,1,
4-2,quiz,yes,mc,Order these values from least to greatest by sorting them into the correct position. /  / Where does this belong?  55%,1st (Smallest) | 2nd | 3rd | 4th | 5th (Largest),4th,1,
4-2,quiz,yes,mc,Order these values from least to greatest by sorting them into the correct position. /  / Where does this belong?  3/4 (= 0.75),1st (Smallest) | 2nd | 3rd | 4th | 5th (Largest),5th (Largest),1,
4-2,quiz,yes,mc,Exit Ticket: Which shows 0.45 as a fraction and a percent?,9/20 and 45% | 45/10 and 4.5% | 4/5 and 45% | 9/20 and 4.5%,9/20 and 45%,1,0.45 = 45/100 = 9/20 (simplified). 0.45 × 100 = 45%.
4-3,notes,no,short,"A number out of 100, written with a % sign, is a ___.",,,0,
4-3,notes,no,short,"A percent that represents more than one whole, like 150%, is ___.",,,0,
4-3,notes,no,short,"A percent smaller than one out of a hundred, like 0.5%, is ___.",,,0,
4-3,notes,no,short,"Values that name the same amount, like 0.5% and 0.005, are ___.",,,0,
4-3,notes,no,short,"A number with a whole part and a fraction part, like 1 1/2, is a ___.",,,0,
4-3,notes,no,paragraph,"The leaderboard shows one player hit 150% of the goal and a bonus round gives a 0.5% boost. How can a percent be more than the whole, and how can one be a tiny sliver?",,,0,
4-3,notes,no,paragraph,"When you wrote percents like 150% and 0.5% as decimals, what did you notice about their size compared to 1?",,,0,
4-3,notes,no,paragraph,"A jackpot pays 250% of your tokens and you inserted 40 tokens. One friend says 100 tokens, another says 60. Who is right, and why does '250%' mean more than your tokens?",,,0,
4-3,notes,no,paragraph,What do you notice about the decimal form of percents in each category?,,,0,
4-3,notes,no,paragraph,"Who is correct, and how many tokens does the jackpot pay?",,,0,
4-3,practice,no,mc,What is 150% written as a decimal?,1.5 | 15 | 0.15 | 150,,0,
4-3,practice,no,mc,What is 0.5% written as a decimal?,0.005 | 0.5 | 0.05 | 5,,0,
4-3,practice,no,mc,A price rises to 120% of its original value. The original was $40. What is the new price?,$48 | $44 | $60 | $52,,0,
4-3,practice,no,mc,Which is the smallest value?,0.2% | 2% | 20% | 0.2,,0,
4-3,practice,no,mc,Which of the following is greater than 100%?,0.75 | 3/4 | 1.25 | 99/100,,0,
4-3,practice,no,mc,What is 200% written as a decimal?,2.0 | 0.2 | 20.0 | 0.02,,0,
4-3,practice,no,mc,What is 0.5% written as a decimal?,0.005 | 0.05 | 0.5 | 5.0,,0,
4-3,practice,no,mc,Which percent is less than 1%?,0.75% | 7.5% | 75% | 1.5%,,0,
4-3,practice,no,paragraph,"Sort each value: is the percent greater than 100%, between 1% and 100%, or less than 1%?",,,0,
4-3,practice,no,paragraph,Match each item to its partner.,,,0,
4-3,practice,no,mc,A player scored 0.4% of the bonus points. Which decimal represents this percent?,0.4 | 0.04 | 0.004 | 4.0,,0,
4-3,practice,no,paragraph,Complete the table.,,,0,
4-3,practice,no,paragraph,"Place these percents on a number line from 0 to 3: A = 50%, B = 150%, C = 275%",,,0,
4-3,practice,no,paragraph,Find the Percent Error,,,0,
4-3,practice,no,paragraph,"A game character has 300% of its original health after picking up a power-up. If the original health was 80 points, how many health points does the character have now? A student says 240 points. Another says 380 points. Who is correct and why?",,,0,
4-3,practice,no,paragraph,Complete the table.,,,0,
4-3,quiz,yes,mc,What is 150% written as a decimal?,1.5 | 15 | 0.15 | 150,1.5,1,150% = 150/100 = 1.5.
4-3,quiz,yes,mc,What is 0.5% written as a decimal?,0.005 | 0.5 | 0.05 | 5,0.005,1,0.5% = 0.5/100 = 0.005.
4-3,quiz,yes,mc,A price rises to 120% of its original value. The original was $40. What is the new price?,$48 | $44 | $60 | $52,$48,1,120% of 40 = 1.2 × 40 = 48.
4-3,quiz,yes,mc,Which is the smallest value?,0.2% | 2% | 20% | 0.2,0.2%,1,"0.2% = 0.002, smaller than 2% (0.02), 20% (0.2), and 0.2."
4-3,quiz,yes,mc,Which of the following is greater than 100%?,0.75 | 3/4 | 1.25 | 99/100,1.25,1,"1.25 = 125%, which is greater than 100%. The other values are all less than 1 (less than 100%)."
4-3,quiz,yes,mc,What is 200% written as a decimal?,2.0 | 0.2 | 20.0 | 0.02,2.0,1,200% ÷ 100 = 2.0. Percents greater than 100% become decimals greater than 1.
4-3,quiz,yes,mc,What is 0.5% written as a decimal?,0.005 | 0.05 | 0.5 | 5.0,0.005,1,0.5% ÷ 100 = 0.005. Move the decimal two places to the left.
4-3,quiz,yes,mc,Which percent is less than 1%?,0.75% | 7.5% | 75% | 1.5%,0.75%,1,0.75% is less than 1%. All the other choices are greater than 1%.
4-3,quiz,yes,mc,A player scored 0.4% of the bonus points. Which decimal represents this percent?,0.4 | 0.04 | 0.004 | 4.0,0.004,1,0.4% = 0.4 ÷ 100 = 0.004. Move the decimal point two places to the left.
4-3,quiz,yes,mc,"Sort each value: is the percent greater than 100%, between 1% and 100%, or less than 1%? /  / Where does this belong?  2.5 (as a decimal)",Greater than 100% | Between 1% and 100% | Less than 1%,Greater than 100%,1,
4-3,quiz,yes,mc,"Sort each value: is the percent greater than 100%, between 1% and 100%, or less than 1%? /  / Where does this belong?  0.003 (as a decimal)",Greater than 100% | Between 1% and 100% | Less than 1%,Less than 1%,1,
4-3,quiz,yes,mc,"Sort each value: is the percent greater than 100%, between 1% and 100%, or less than 1%? /  / Where does this belong?  0.45 (as a decimal)",Greater than 100% | Between 1% and 100% | Less than 1%,Between 1% and 100%,1,
4-3,quiz,yes,mc,"Sort each value: is the percent greater than 100%, between 1% and 100%, or less than 1%? /  / Where does this belong?  3/2 (as a fraction)",Greater than 100% | Between 1% and 100% | Less than 1%,Greater than 100%,1,
4-3,quiz,yes,mc,"Sort each value: is the percent greater than 100%, between 1% and 100%, or less than 1%? /  / Where does this belong?  1/500 (as a fraction)",Greater than 100% | Between 1% and 100% | Less than 1%,Less than 1%,1,
4-3,quiz,yes,mc,"Sort each value: is the percent greater than 100%, between 1% and 100%, or less than 1%? /  / Where does this belong?  7/10 (as a fraction)",Greater than 100% | Between 1% and 100% | Less than 1%,Between 1% and 100%,1,
4-3,quiz,yes,mc,Match each item to its partner. /  / 1.5,0.3% | 0.5% | 150% | 0.8% | 150% | 275%,150%,1,
4-3,quiz,yes,mc,Match each item to its partner. /  / 0.003,150% | 0.3% | 0.5% | 150% | 0.8% | 275%,0.3%,1,
4-3,quiz,yes,mc,Match each item to its partner. /  / 2.75,0.8% | 0.3% | 0.5% | 150% | 275% | 150%,275%,1,
4-3,quiz,yes,mc,Match each item to its partner. /  / 0.008,150% | 0.5% | 0.3% | 0.8% | 275% | 150%,0.8%,1,
4-3,quiz,yes,mc,Match each item to its partner. /  / 3/2,150% | 0.8% | 150% | 0.3% | 275% | 0.5%,150%,1,
4-3,quiz,yes,mc,Match each item to its partner. /  / 1/200,150% | 150% | 275% | 0.3% | 0.8% | 0.5%,0.5%,1,
4-3,quiz,yes,mc,Exit Ticket: Which statement is true about 0.25%?,It equals 0.0025 as a decimal | It equals 0.25 as a decimal | It equals 1/4 as a fraction | It is greater than 1%,It equals 0.0025 as a decimal,1,"0.25% = 0.25 ÷ 100 = 0.0025. It is much less than 1%, not equal to 1/4."
4-4,notes,no,short,A number out of 100 is a ___.,,,0,
4-4,notes,no,short,"In a percent problem, the whole amount you take the percent of is the ___.",,,0,
4-4,notes,no,short,The piece of the whole that the percent represents is the ___.,,,0,
4-4,notes,no,short,"A math sentence with an equal sign, like part = percent × base, is an ___.",,,0,
4-4,notes,no,short,An amount subtracted from a price is a ___.,,,0,
4-4,notes,no,paragraph,"On Discount Day the claw machine is 25% off its 60-ticket price. In '25% of 60,' which number is the base (the whole), and what part are you trying to find?",,,0,
4-4,notes,no,paragraph,What steps did you follow every time to find the percent of a number in the discount table?,,,0,
4-4,notes,no,paragraph,"The arcade donates 12% of Saturday's 1,500 ticket sales. The manager says 180 tickets, a student says 18. Who is right, and how do you know?",,,0,
4-4,notes,no,paragraph,What steps do you follow every time you find the percent of a number?,,,0,
4-4,notes,no,paragraph,"Who is correct, and how do you know?",,,0,
4-4,practice,no,mc,What is 20% of 150?,30 | 15 | 300 | 75,,0,
4-4,practice,no,mc,What is 35% of 80?,28 | 35 | 45 | 24,,0,
4-4,practice,no,mc,A jacket costs $60 and is 25% off. How much is the discount?,$15 | $25 | $45 | $20,,0,
4-4,practice,no,mc,What is 150% of 40?,60 | 45 | 20 | 140,,0,
4-4,practice,no,mc,What is 20% of 150?,30 | 20 | 35 | 75,,0,
4-4,practice,no,mc,What is 50% of 84?,42 | 50 | 34 | 168,,0,
4-4,practice,no,mc,What is 10% of 320?,32 | 3.2 | 320 | 64,,0,
4-4,practice,no,mc,What percent of 50 is 15?,30% | 15% | 35% | 50%,,0,
4-4,practice,no,paragraph,Complete the table.,,,0,
4-4,practice,no,paragraph,Complete the table.,,,0,
4-4,practice,no,mc,"An arcade prize costs 240 tickets. If you have a coupon for 15% off, how many tickets do you save?",36 tickets | 24 tickets | 15 tickets | 204 tickets,,0,
4-4,practice,no,short,200 ÷ 4 = 50. Each 25% section = 50 points. So 25% of 200 = 50.  ,,,0,
4-4,practice,no,mc,A student scored 72 out of 90 on a test. What percent did they score?,80% | 72% | 75% | 90%,,0,
4-4,practice,no,paragraph,Find the Percent Error,,,0,
4-4,practice,no,paragraph,"A class has 32 students. 25% are in the math club, 50% are in the reading club, and 12.5% are in both. How many students are in each group? Can the total of all three groups be more than 32? Explain why or why not.",,,0,
4-4,practice,no,paragraph,Complete the table.,,,0,
4-4,quiz,yes,mc,What is 20% of 150?,30 | 15 | 300 | 75,30,1,0.20 × 150 = 30.
4-4,quiz,yes,mc,What is 35% of 80?,28 | 35 | 45 | 24,28,1,0.35 × 80 = 28.
4-4,quiz,yes,mc,A jacket costs $60 and is 25% off. How much is the discount?,$15 | $25 | $45 | $20,$15,1,0.25 × 60 = $15 off.
4-4,quiz,yes,mc,What is 150% of 40?,60 | 45 | 20 | 140,60,1,1.5 × 40 = 60.
4-4,quiz,yes,mc,What is 20% of 150?,30 | 20 | 35 | 75,30,1,20% = 0.20. Multiply: 0.20 × 150 = 30.
4-4,quiz,yes,mc,What is 50% of 84?,42 | 50 | 34 | 168,42,1,50% = 0.50. Multiply: 0.50 × 84 = 42. (Or simply divide by 2: 84 ÷ 2 = 42.)
4-4,quiz,yes,mc,What is 10% of 320?,32 | 3.2 | 320 | 64,32,1,10% = 0.10. Multiply: 0.10 × 320 = 32. (Or move the decimal one place left.)
4-4,quiz,yes,mc,What percent of 50 is 15?,30% | 15% | 35% | 50%,30%,1,15 ÷ 50 = 0.30 = 30%.
4-4,quiz,yes,mc,"An arcade prize costs 240 tickets. If you have a coupon for 15% off, how many tickets do you save?",36 tickets | 24 tickets | 15 tickets | 204 tickets,36 tickets,1,15% of 240 = 0.15 × 240 = 36 tickets saved.
4-4,quiz,yes,mc,A student scored 72 out of 90 on a test. What percent did they score?,80% | 72% | 75% | 90%,80%,1,72 ÷ 90 = 0.80 = 80%.
4-4,quiz,yes,mc,Exit Ticket: What is 45% of 360?,162 | 145 | 180 | 126,162,1,45% = 0.45. Multiply: 0.45 × 360 = 162.
4-5,notes,no,short,An amount taken off the original price is a ___.,,,0,
4-5,notes,no,short,An amount added to a store's cost to set a higher selling price is a ___.,,,0,
4-5,notes,no,short,An extra percent added to a purchase that goes to the government is ___.,,,0,
4-5,notes,no,short,"Extra money added for good service, often a percent of the bill, is a ___.",,,0,
4-5,notes,no,short,A number out of 100 is a ___.,,,0,
4-5,notes,no,paragraph,"At the prize shop a bear is 25% off but the shop adds 5% tax. Which of these raises the price and which lowers it, and what do the words discount, markup, tax, and tip have in common?",,,0,
4-5,notes,no,paragraph,"In your table you found the discount, then the tax. Why do we calculate the tax on the price AFTER the discount instead of the original price?",,,0,
4-5,notes,no,paragraph,"An arcade membership is $50, marked 30% off, then 6% tax is added. Your friend says the total is $37.10. Is that right, and how would you prove it?",,,0,
4-5,notes,no,paragraph,Why do we apply the discount before calculating the tax?,,,0,
4-5,notes,no,paragraph,Is your friend correct? Show your work to prove it.,,,0,
4-5,practice,no,mc,15 is what percent of 60?,25% | 15% | 45% | 40%,,0,
4-5,practice,no,mc,8 is 40% of what number?,20 | 32 | 48 | 16,,0,
4-5,practice,no,mc,A test has 25 questions. A student gets 88% correct. How many are correct?,22 | 20 | 23 | 21,,0,
4-5,practice,no,mc,A shirt is $30 after a 25% discount off the original price. What was the original price?,$40 | $37.50 | $45 | $36,,0,
4-5,practice,no,mc,A prize costs 120 tickets and is 25% off. What is the sale price?,90 tickets | 95 tickets | 100 tickets | 30 tickets,,0,
4-5,practice,no,mc,A meal costs $20. You leave a 15% tip. How much is the tip?,$3.00 | $1.50 | $5.00 | $0.15,,0,
4-5,practice,no,mc,A shirt costs $40 and the sales tax is 5%. What is the total cost including tax?,$42.00 | $45.00 | $40.05 | $38.00,,0,
4-5,practice,no,mc,A game originally costs 200 tickets. It is marked up 10%. What is the new price?,220 tickets | 210 tickets | 180 tickets | 200 tickets,,0,
4-5,practice,no,paragraph,Sort each situation: does the final price go UP or DOWN?,,,0,
4-5,practice,no,paragraph,Complete the table.,,,0,
4-5,practice,no,mc,"A store marks up a $30 item by 40%, then a customer gets 10% off. What is the final price?",$37.80 | $39.00 | $42.00 | $36.00,,0,
4-5,practice,no,short,25% of $80 = $20 discount. You pay 75% = $60.  ,,,0,
4-5,practice,no,mc,A restaurant bill is $35. You want to leave a 20% tip. What is the total amount you pay?,$42.00 | $40.00 | $38.50 | $55.00,,0,
4-5,practice,no,paragraph,Find the Discount Error,,,0,
4-5,practice,no,paragraph,"A store has a 20% off sale, then takes an additional 10% off the sale price. Is this the same as 30% off the original? Use $100 as the original price. Show your work for both scenarios and explain the difference.",,,0,
4-5,practice,no,paragraph,Complete the table.,,,0,
4-5,quiz,yes,mc,15 is what percent of 60?,25% | 15% | 45% | 40%,25%,1,15/60 = 0.25 = 25%.
4-5,quiz,yes,mc,8 is 40% of what number?,20 | 32 | 48 | 16,20,1,8 ÷ 0.40 = 20.
4-5,quiz,yes,mc,A test has 25 questions. A student gets 88% correct. How many are correct?,22 | 20 | 23 | 21,22,1,0.88 × 25 = 22 questions.
4-5,quiz,yes,mc,A shirt is $30 after a 25% discount off the original price. What was the original price?,$40 | $37.50 | $45 | $36,$40,1,$30 is 75% of the original; 30 ÷ 0.75 = $40.
4-5,quiz,yes,mc,A prize costs 120 tickets and is 25% off. What is the sale price?,90 tickets | 95 tickets | 100 tickets | 30 tickets,90 tickets,1,25% of 120 = 0.25 × 120 = 30. Sale price: 120 − 30 = 90 tickets.
4-5,quiz,yes,mc,A meal costs $20. You leave a 15% tip. How much is the tip?,$3.00 | $1.50 | $5.00 | $0.15,$3.00,1,15% of $20 = 0.15 × 20 = $3.00.
4-5,quiz,yes,mc,A shirt costs $40 and the sales tax is 5%. What is the total cost including tax?,$42.00 | $45.00 | $40.05 | $38.00,$42.00,1,Tax: 0.05 × $40 = $2.00. Total: $40 + $2 = $42.00.
4-5,quiz,yes,mc,A game originally costs 200 tickets. It is marked up 10%. What is the new price?,220 tickets | 210 tickets | 180 tickets | 200 tickets,220 tickets,1,Markup: 0.10 × 200 = 20. New price: 200 + 20 = 220 tickets.
4-5,quiz,yes,mc,"A store marks up a $30 item by 40%, then a customer gets 10% off. What is the final price?",$37.80 | $39.00 | $42.00 | $36.00,$37.80,1,Markup: $30 × 1.40 = $42. Discount: $42 × 0.10 = $4.20. Final: $42 − $4.20 = $37.80.
4-5,quiz,yes,mc,A restaurant bill is $35. You want to leave a 20% tip. What is the total amount you pay?,$42.00 | $40.00 | $38.50 | $55.00,$42.00,1,Tip: 0.20 × $35 = $7.00. Total: $35 + $7 = $42.00.
4-5,quiz,yes,mc,Sort each situation: does the final price go UP or DOWN? /  / Where does this belong?  20% discount on a jacket,Price Goes UP | Price Goes DOWN,Price Goes DOWN,1,
4-5,quiz,yes,mc,Sort each situation: does the final price go UP or DOWN? /  / Where does this belong?  6% sales tax on electronics,Price Goes UP | Price Goes DOWN,Price Goes UP,1,
4-5,quiz,yes,mc,Sort each situation: does the final price go UP or DOWN? /  / Where does this belong?  15% tip on a meal,Price Goes UP | Price Goes DOWN,Price Goes UP,1,
4-5,quiz,yes,mc,Sort each situation: does the final price go UP or DOWN? /  / Where does this belong?  30% off clearance sale,Price Goes UP | Price Goes DOWN,Price Goes DOWN,1,
4-5,quiz,yes,mc,Sort each situation: does the final price go UP or DOWN? /  / Where does this belong?  10% markup by the store,Price Goes UP | Price Goes DOWN,Price Goes UP,1,
4-5,quiz,yes,mc,Sort each situation: does the final price go UP or DOWN? /  / Where does this belong?  Buy-one-get-one 50% off,Price Goes UP | Price Goes DOWN,Price Goes DOWN,1,
4-5,quiz,yes,mc,Exit Ticket: A jacket costs $80 and is 35% off. Sales tax is 5%. What is the final price?,$54.60 | $52.00 | $56.00 | $49.40,$54.60,1,Discount: 0.35 × $80 = $28. Sale price: $80 − $28 = $52. Tax: 0.05 × $52 = $2.60. Final: $52 + $2.60 = $54.60.
4-6,notes,no,short,"A ratio equal to 1 that relates two units, like 12 inches / 1 foot, is a ___.",,,0,
4-6,notes,no,short,"A standard amount used to measure, like a foot or a gram, is a ___.",,,0,
4-6,notes,no,short,"Two measurements that name the same amount, like 1 foot and 12 inches, are ___.",,,0,
4-6,notes,no,short,A comparison of two quantities is a ___.,,,0,
4-6,notes,no,short,"Units like inches, feet, and pounds used mainly in the U.S. are ___.",,,0,
4-6,notes,no,short,"Units like meters, grams, and liters based on tens are ___.",,,0,
4-6,notes,no,paragraph,"The cabinet blueprint uses feet but the parts catalog uses inches. Why do you have to convert, and which is the bigger unit, a foot or an inch?",,,0,
4-6,notes,no,paragraph,"How did you use a conversion factor like '1 ft = 12 in' to fill in the ratio table, and how did you decide whether to multiply or divide?",,,0,
4-6,notes,no,paragraph,"A doorway is 80 inches tall and a new cabinet is listed as 7 feet. Your friend says it won't fit because 7 feet is 82 inches. Will it fit, and where is the error?",,,0,
4-6,notes,no,paragraph,How do you decide whether to multiply or divide when converting units?,,,0,
4-6,notes,no,paragraph,Will the cabinet fit through the doorway? Show your conversion to prove it.,,,0,
4-6,practice,no,mc,How many inches are in 4 feet? (1 ft = 12 in),48 | 16 | 36 | 40,,0,
4-6,practice,no,mc,How many centimeters are in 2.5 meters? (1 m = 100 cm),"250 | 25 | 2,500 | 2.5",,0,
4-6,practice,no,mc,A recipe needs 3 quarts of water. How many cups is that? (1 qt = 4 cups),12 | 7 | 8 | 16,,0,
4-6,practice,no,mc,How many pounds are in 64 ounces? (1 lb = 16 oz),"4 | 8 | 48 | 1,024",,0,
4-6,practice,no,mc,How many inches are in 7 feet?,84 inches | 72 inches | 70 inches | 96 inches,,0,
4-6,practice,no,mc,How many feet are in 3 yards?,9 feet | 6 feet | 12 feet | 36 feet,,0,
4-6,practice,no,mc,How many ounces are in 4 pounds?,64 ounces | 48 ounces | 32 ounces | 16 ounces,,0,
4-6,practice,no,mc,Convert 24 inches to feet.,2 feet | 3 feet | 12 feet | 24 feet,,0,
4-6,practice,no,paragraph,Complete the table.,,,0,
4-6,practice,no,paragraph,Match each item to its partner.,,,0,
4-6,practice,no,mc,A shelf is 30 inches long. How many feet and inches is that?,2 feet 6 inches | 3 feet 0 inches | 2 feet 8 inches | 1 foot 18 inches,,0,
4-6,practice,no,paragraph,Complete the table.,,,0,
4-6,practice,no,paragraph,"When converting, do you multiply or divide? Sort each conversion by the correct operation.",,,0,
4-6,practice,no,paragraph,Find the Conversion Error,,,0,
4-6,practice,no,paragraph,"A recipe says you need 5 feet of ribbon, but the store only sells ribbon in inches. Another recipe says you need 2 yards of fabric, but your ruler measures in feet. Convert both measurements and explain the steps you used. Which conversion factor did you use each time?",,,0,
4-6,practice,no,paragraph,"Place these lengths on a number line in inches: A = 1 foot, B = 1.5 feet, C = 2 feet, D = 1 yard",,,0,
4-6,quiz,yes,mc,How many inches are in 4 feet? (1 ft = 12 in),48 | 16 | 36 | 40,48,1,4 × 12 = 48 inches.
4-6,quiz,yes,mc,How many centimeters are in 2.5 meters? (1 m = 100 cm),"250 | 25 | 2,500 | 2.5",250,1,2.5 × 100 = 250 cm.
4-6,quiz,yes,mc,A recipe needs 3 quarts of water. How many cups is that? (1 qt = 4 cups),12 | 7 | 8 | 16,12,1,3 × 4 = 12 cups.
4-6,quiz,yes,mc,How many pounds are in 64 ounces? (1 lb = 16 oz),"4 | 8 | 48 | 1,024",4,1,64 ÷ 16 = 4 pounds.
4-6,quiz,yes,mc,How many inches are in 7 feet?,84 inches | 72 inches | 70 inches | 96 inches,84 inches,1,7 × 12 = 84 inches.
4-6,quiz,yes,mc,How many feet are in 3 yards?,9 feet | 6 feet | 12 feet | 36 feet,9 feet,1,1 yard = 3 feet. 3 × 3 = 9 feet.
4-6,quiz,yes,mc,How many ounces are in 4 pounds?,64 ounces | 48 ounces | 32 ounces | 16 ounces,64 ounces,1,1 pound = 16 ounces. 4 × 16 = 64 ounces.
4-6,quiz,yes,mc,Convert 24 inches to feet.,2 feet | 3 feet | 12 feet | 24 feet,2 feet,1,24 ÷ 12 = 2 feet.
4-6,quiz,yes,mc,A shelf is 30 inches long. How many feet and inches is that?,2 feet 6 inches | 3 feet 0 inches | 2 feet 8 inches | 1 foot 18 inches,2 feet 6 inches,1,30 ÷ 12 = 2 remainder 6. So 30 inches = 2 feet 6 inches.
4-6,quiz,yes,mc,Match each item to its partner. /  / 3 yards,48 ounces | 80 ounces | 48 inches | 9 feet | 3 feet | 72 inches,9 feet,1,
4-6,quiz,yes,mc,Match each item to its partner. /  / 4 feet,9 feet | 3 feet | 48 ounces | 80 ounces | 72 inches | 48 inches,48 inches,1,
4-6,quiz,yes,mc,Match each item to its partner. /  / 5 pounds,3 feet | 9 feet | 80 ounces | 48 ounces | 48 inches | 72 inches,80 ounces,1,
4-6,quiz,yes,mc,Match each item to its partner. /  / 2 yards,3 feet | 48 inches | 72 inches | 80 ounces | 9 feet | 48 ounces,72 inches,1,
4-6,quiz,yes,mc,Match each item to its partner. /  / 36 inches,3 feet | 72 inches | 48 ounces | 80 ounces | 48 inches | 9 feet,3 feet,1,
4-6,quiz,yes,mc,Match each item to its partner. /  / 3 pounds,80 ounces | 48 ounces | 72 inches | 3 feet | 9 feet | 48 inches,48 ounces,1,
4-6,quiz,yes,mc,"When converting, do you multiply or divide? Sort each conversion by the correct operation. /  / Where does this belong?  Feet → inches",Multiply | Divide,Multiply,1,
4-6,quiz,yes,mc,"When converting, do you multiply or divide? Sort each conversion by the correct operation. /  / Where does this belong?  Yards → feet",Multiply | Divide,Multiply,1,
4-6,quiz,yes,mc,"When converting, do you multiply or divide? Sort each conversion by the correct operation. /  / Where does this belong?  Pounds → ounces",Multiply | Divide,Multiply,1,
4-6,quiz,yes,mc,"When converting, do you multiply or divide? Sort each conversion by the correct operation. /  / Where does this belong?  Inches → feet",Multiply | Divide,Divide,1,
4-6,quiz,yes,mc,"When converting, do you multiply or divide? Sort each conversion by the correct operation. /  / Where does this belong?  Ounces → pounds",Multiply | Divide,Divide,1,
4-6,quiz,yes,mc,"When converting, do you multiply or divide? Sort each conversion by the correct operation. /  / Where does this belong?  Feet → yards",Multiply | Divide,Divide,1,
4-6,quiz,yes,mc,Exit Ticket: Which is the correct conversion of 5 yards to inches?,180 inches | 60 inches | 15 inches | 540 inches,180 inches,1,5 yards × 3 = 15 feet. 15 feet × 12 = 180 inches. Or: 5 × 36 = 180 inches.
4-7,notes,no,short,A rate that gives the amount for exactly one unit is a ___.,,,0,
4-7,notes,no,short,"The option that costs less per item, found by comparing unit rates, is the ___.",,,0,
4-7,notes,no,short,Showing how two amounts relate to each other is a ___.,,,0,
4-7,notes,no,short,The cost or amount for a single item is the cost ___.,,,0,
4-7,notes,no,short,A ratio comparing two quantities with different units is a ___.,,,0,
4-7,notes,no,short,An equation stating that two ratios are equal is a ___.,,,0,
4-7,notes,no,paragraph,"As supply manager you compare token deals like 500 for $60 and 350 for $38.50. You can't compare totals directly, so what does finding the cost 'per unit' let you do?",,,0,
4-7,notes,no,paragraph,How did the unit rate help you decide the better buy between the two token suppliers in your table?,,,0,
4-7,notes,no,paragraph,Printer A makes 150 tickets in 5 minutes and Printer B makes 200 in 8 minutes. The manager needs 600 tickets fast. How do unit rates decide the faster printer and the time needed?,,,0,
4-7,notes,no,paragraph,How do you use unit rates to determine the better buy?,,,0,
4-7,notes,no,paragraph,"Which printer should the manager choose, and how long will it take to print all 600 tickets?",,,0,
4-7,practice,no,mc,Apples cost $3 for 2 pounds. What is the price per pound?,$1.50 | $6.00 | $0.67 | $5.00,,0,
4-7,practice,no,mc,A printer prints 90 pages in 6 minutes. How many pages per minute?,15 | 540 | 84 | 12,,0,
4-7,practice,no,mc,"At 55 miles per hour, how far do you travel in 4 hours?",220 miles | 59 miles | 14 miles | 200 miles,,0,
4-7,practice,no,mc,"A worker earns $54 for 6 hours. At the same rate, how much for 9 hours?",$81 | $72 | $90 | $60,,0,
4-7,practice,no,mc,Which is the better buy: 6 bouncy balls for $4.50 or 10 bouncy balls for $8.00?,6 for $4.50 — $0.75 each | 10 for $8.00 — $0.80 each | They cost the same per ball | Not enough information,,0,
4-7,practice,no,mc,A faucet drips 15 ounces of water in 5 minutes. What is the unit rate?,3 ounces per minute | 5 ounces per minute | 15 ounces per minute | 0.33 ounces per minute,,0,
4-7,practice,no,mc,A printer prints 42 pages in 6 minutes. How many pages does it print in 15 minutes at the same rate?,105 pages | 90 pages | 70 pages | 120 pages,,0,
4-7,practice,no,mc,Store A sells 5 notebooks for $8. Store B sells 3 notebooks for $5.25. Which has the lower price per notebook?,Store A ($1.60 each) | Store B ($1.75 each) | Same price | Cannot determine,,0,
4-7,practice,no,paragraph,Complete the table.,,,0,
4-7,practice,no,paragraph,Complete the table.,,,0,
4-7,practice,no,mc,"A machine dispenses 24 tokens in 3 minutes. At this rate, how many tokens does it dispense in 10 minutes?",80 tokens | 60 tokens | 72 tokens | 240 tokens,,0,
4-7,practice,no,paragraph,Three friends each walked different distances in different times. Sort them from fastest to slowest.,,,0,
4-7,practice,no,mc,"A factory produces 360 widgets in 8 hours. At the same rate, how many widgets are produced in a 12-hour shift?",540 widgets | 480 widgets | 360 widgets | 720 widgets,,0,
4-7,practice,no,paragraph,Find the Unit Rate Error,,,0,
4-7,practice,no,paragraph,"Two arcade supply companies offer token deals. Company X: 300 tokens for $36. Company Y: 500 tokens for $55. The arcade needs 1,000 tokens. Find the unit rate for each company, determine which is cheaper per token, and calculate the total cost of buying 1,000 tokens from the better deal.",,,0,
4-7,practice,no,paragraph,Complete the table.,,,0,
4-7,quiz,yes,mc,Apples cost $3 for 2 pounds. What is the price per pound?,$1.50 | $6.00 | $0.67 | $5.00,$1.50,1,3 ÷ 2 = $1.50 per pound.
4-7,quiz,yes,mc,A printer prints 90 pages in 6 minutes. How many pages per minute?,15 | 540 | 84 | 12,15,1,90 ÷ 6 = 15 pages per minute.
4-7,quiz,yes,mc,"At 55 miles per hour, how far do you travel in 4 hours?",220 miles | 59 miles | 14 miles | 200 miles,220 miles,1,55 × 4 = 220 miles.
4-7,quiz,yes,mc,"A worker earns $54 for 6 hours. At the same rate, how much for 9 hours?",$81 | $72 | $90 | $60,$81,1,$54 ÷ 6 = $9 per hour; 9 × $9 = $81.
4-7,quiz,yes,mc,Which is the better buy: 6 bouncy balls for $4.50 or 10 bouncy balls for $8.00?,6 for $4.50 — $0.75 each | 10 for $8.00 — $0.80 each | They cost the same per ball | Not enough information,6 for $4.50 — $0.75 each,1,"$4.50 ÷ 6 = $0.75 each. $8.00 ÷ 10 = $0.80 each. $0.75 < $0.80, so 6 for $4.50 is the better buy."
4-7,quiz,yes,mc,A faucet drips 15 ounces of water in 5 minutes. What is the unit rate?,3 ounces per minute | 5 ounces per minute | 15 ounces per minute | 0.33 ounces per minute,3 ounces per minute,1,15 ÷ 5 = 3 ounces per minute.
4-7,quiz,yes,mc,A printer prints 42 pages in 6 minutes. How many pages does it print in 15 minutes at the same rate?,105 pages | 90 pages | 70 pages | 120 pages,105 pages,1,Unit rate: 42 ÷ 6 = 7 pages per minute. In 15 minutes: 7 × 15 = 105 pages.
4-7,quiz,yes,mc,Store A sells 5 notebooks for $8. Store B sells 3 notebooks for $5.25. Which has the lower price per notebook?,Store A ($1.60 each) | Store B ($1.75 each) | Same price | Cannot determine,Store A ($1.60 each),1,"Store A: $8 ÷ 5 = $1.60. Store B: $5.25 ÷ 3 = $1.75. $1.60 < $1.75, so Store A is cheaper per notebook."
4-7,quiz,yes,mc,"A machine dispenses 24 tokens in 3 minutes. At this rate, how many tokens does it dispense in 10 minutes?",80 tokens | 60 tokens | 72 tokens | 240 tokens,80 tokens,1,Unit rate: 24 ÷ 3 = 8 tokens per minute. In 10 minutes: 8 × 10 = 80 tokens.
4-7,quiz,yes,mc,"A factory produces 360 widgets in 8 hours. At the same rate, how many widgets are produced in a 12-hour shift?",540 widgets | 480 widgets | 360 widgets | 720 widgets,540 widgets,1,Unit rate: 360 ÷ 8 = 45 widgets per hour. In 12 hours: 45 × 12 = 540 widgets.
4-7,quiz,yes,mc,Three friends each walked different distances in different times. Sort them from fastest to slowest. /  / Where does this belong?  Aiden: 6 miles in 2 hours (3 mph),Fastest | Middle | Slowest,Fastest,1,
4-7,quiz,yes,mc,Three friends each walked different distances in different times. Sort them from fastest to slowest. /  / Where does this belong?  Bella: 10 miles in 4 hours (2.5 mph),Fastest | Middle | Slowest,Middle,1,
4-7,quiz,yes,mc,Three friends each walked different distances in different times. Sort them from fastest to slowest. /  / Where does this belong?  Carlos: 4 miles in 2 hours (2 mph),Fastest | Middle | Slowest,Slowest,1,
4-7,quiz,yes,mc,Exit Ticket: A car travels 195 miles on 6 gallons of gas. What is the unit rate in miles per gallon?,"32.5 miles per gallon | 33 miles per gallon | 30 miles per gallon | 1,170 miles per gallon",32.5 miles per gallon,1,195 ÷ 6 = 32.5 miles per gallon.
5-1,notes,no,short,A quadrilateral with two pairs of parallel sides is a ___.,,,0,
5-1,notes,no,short,Any side of a parallelogram used to calculate its area is the ___.,,,0,
5-1,notes,no,short,The perpendicular distance between the base and the opposite side is the ___.,,,0,
5-1,notes,no,short,The amount of flat space inside a two-dimensional figure is its ___.,,,0,
5-1,notes,no,short,A shape made of two or more basic shapes combined is a ___.,,,0,
5-1,notes,no,short,"A math rule written with symbols, like A = b × h, is a ___.",,,0,
5-1,notes,no,paragraph,Look at the patio blueprint with a base of 14 feet and a height of 9 feet. Why do we use the height (9 ft) and not the slanted side to find the area?,,,0,
5-1,notes,no,paragraph,"On the grid you cut a triangle off one end of the parallelogram and slid it to the other side. What shape did you make, and why does that prove the area is base x height?",,,0,
5-1,notes,no,paragraph,The landscape architect tiles an 18 ft by 10 ft parallelogram courtyard and each tile covers 2 sq ft. Talk through how you find the number of tiles.,,,0,
5-1,notes,no,paragraph,"If you cut a triangle from one side of the parallelogram and move it to the other side, what shape do you get? How does this help you find the area?",,,0,
5-1,notes,no,paragraph,How many tiles does the architect need?,,,0,
5-1,practice,no,mc,A parallelogram has base 9 cm and height 6 cm. What is its area?,54 cm² | 30 cm² | 15 cm² | 27 cm²,,0,
5-1,practice,no,mc,A parallelogram has area 48 m² and base 8 m. What is its height?,6 m | 40 m | 384 m | 16 m,,0,
5-1,practice,no,mc,Why is a parallelogram's area base × height and not base × slant side?,Height is the perpendicular distance between the bases | The slant side is always longer | Both give the same answer | The base is always the longest side,,0,
5-1,practice,no,mc,A parallelogram has base 12 in and height 4.5 in. What is its area?,54 in² | 16.5 in² | 48 in² | 27 in²,,0,
5-1,practice,no,mc,What is the area of a parallelogram with base 10 cm and height 7 cm?,70 sq cm | 34 sq cm | 17 sq cm | 70 cm,,0,
5-1,practice,no,mc,A parallelogram has an area of 54 sq ft and a base of 9 ft. What is the height?,6 ft | 45 ft | 63 ft | 27 ft,,0,
5-1,practice,no,mc,What is the area of a parallelogram with base 9 cm and height 5 cm?,45 sq cm | 14 sq cm | 22.5 sq cm | 90 sq cm,,0,
5-1,practice,no,mc,Which measurement is the height of a parallelogram?,The perpendicular distance between the base and the opposite side | The length of the slanted side | The perimeter divided by 4 | The longest side,,0,
5-1,practice,no,paragraph,Complete the table.,,,0,
5-1,practice,no,paragraph,Complete the table.,,,0,
5-1,practice,no,paragraph,Match each shape to its area.,,,0,
5-1,practice,no,paragraph,Sort each parallelogram by whether its area is greater than 50 sq units or 50 or less.,,,0,
5-1,practice,no,paragraph,"Find the missing height: b = 8, A = 48",,,0,
5-1,practice,no,paragraph,Find the Area Error,,,0,
5-1,practice,no,paragraph,"A parallelogram has a base of 12 cm. If you double the height, the area doubles too. Explain why this happens using the formula, and give a specific example with numbers.",,,0,
5-1,practice,no,paragraph,Coordinate grid: Plot a parallelogram with base 10 and height 6 on the grid. Then calculate its area and compare it to the rectangle 10 × 6.,,,0,
5-1,quiz,yes,mc,A parallelogram has base 9 cm and height 6 cm. What is its area?,54 cm² | 30 cm² | 15 cm² | 27 cm²,54 cm²,1,Area = base × height = 9 × 6 = 54 cm².
5-1,quiz,yes,mc,A parallelogram has area 48 m² and base 8 m. What is its height?,6 m | 40 m | 384 m | 16 m,6 m,1,height = area ÷ base = 48 ÷ 8 = 6 m.
5-1,quiz,yes,mc,Why is a parallelogram's area base × height and not base × slant side?,Height is the perpendicular distance between the bases | The slant side is always longer | Both give the same answer | The base is always the longest side,Height is the perpendicular distance between the bases,1,"Area uses the perpendicular height, not the slanted side length."
5-1,quiz,yes,mc,A parallelogram has base 12 in and height 4.5 in. What is its area?,54 in² | 16.5 in² | 48 in² | 27 in²,54 in²,1,12 × 4.5 = 54 in².
5-1,quiz,yes,mc,What is the area of a parallelogram with base 10 cm and height 7 cm?,70 sq cm | 34 sq cm | 17 sq cm | 70 cm,70 sq cm,1,A = b × h = 10 × 7 = 70 square centimeters.
5-1,quiz,yes,mc,A parallelogram has an area of 54 sq ft and a base of 9 ft. What is the height?,6 ft | 45 ft | 63 ft | 27 ft,6 ft,1,A = b × h → 54 = 9 × h → h = 54 ÷ 9 = 6 ft.
5-1,quiz,yes,mc,What is the area of a parallelogram with base 9 cm and height 5 cm?,45 sq cm | 14 sq cm | 22.5 sq cm | 90 sq cm,45 sq cm,1,A = b × h = 9 × 5 = 45 square centimeters.
5-1,quiz,yes,mc,Which measurement is the height of a parallelogram?,The perpendicular distance between the base and the opposite side | The length of the slanted side | The perimeter divided by 4 | The longest side,The perpendicular distance between the base and the opposite side,1,"The height is always the perpendicular (straight up-and-down) distance between the base and the opposite side, not the slanted side."
5-1,quiz,yes,mc,Match each shape to its area. /  / Triangle 8×6,21 sq units | 18 sq units | 20 sq units | 40 sq units | 24 sq units | 36 sq units,24 sq units,1,
5-1,quiz,yes,mc,Match each shape to its area. /  / Parallelogram 5×4,21 sq units | 24 sq units | 20 sq units | 36 sq units | 40 sq units | 18 sq units,20 sq units,1,
5-1,quiz,yes,mc,Match each shape to its area. /  / Rectangle 7×3,21 sq units | 40 sq units | 18 sq units | 36 sq units | 24 sq units | 20 sq units,21 sq units,1,
5-1,quiz,yes,mc,Match each shape to its area. /  / Triangle 10×8,18 sq units | 21 sq units | 24 sq units | 40 sq units | 36 sq units | 20 sq units,40 sq units,1,
5-1,quiz,yes,mc,Match each shape to its area. /  / Square side 6,18 sq units | 21 sq units | 36 sq units | 20 sq units | 40 sq units | 24 sq units,36 sq units,1,
5-1,quiz,yes,mc,Match each shape to its area. /  / Parallelogram 9×2,24 sq units | 20 sq units | 21 sq units | 18 sq units | 36 sq units | 40 sq units,18 sq units,1,
5-1,quiz,yes,mc,"Sort each parallelogram by whether its area is greater than 50 sq units or 50 or less. /  / Where does this belong?  b = 12, h = 5 → A = 60",Area > 50 sq units | Area ≤ 50 sq units,Area > 50 sq units,1,
5-1,quiz,yes,mc,"Sort each parallelogram by whether its area is greater than 50 sq units or 50 or less. /  / Where does this belong?  b = 7, h = 6 → A = 42",Area > 50 sq units | Area ≤ 50 sq units,Area ≤ 50 sq units,1,
5-1,quiz,yes,mc,"Sort each parallelogram by whether its area is greater than 50 sq units or 50 or less. /  / Where does this belong?  b = 10, h = 8 → A = 80",Area > 50 sq units | Area ≤ 50 sq units,Area > 50 sq units,1,
5-1,quiz,yes,mc,"Sort each parallelogram by whether its area is greater than 50 sq units or 50 or less. /  / Where does this belong?  b = 9, h = 4 → A = 36",Area > 50 sq units | Area ≤ 50 sq units,Area ≤ 50 sq units,1,
5-1,quiz,yes,mc,"Sort each parallelogram by whether its area is greater than 50 sq units or 50 or less. /  / Where does this belong?  b = 11, h = 7 → A = 77",Area > 50 sq units | Area ≤ 50 sq units,Area > 50 sq units,1,
5-1,quiz,yes,mc,"Sort each parallelogram by whether its area is greater than 50 sq units or 50 or less. /  / Where does this belong?  b = 5, h = 10 → A = 50",Area > 50 sq units | Area ≤ 50 sq units,Area ≤ 50 sq units,1,
5-1,quiz,yes,mc,Exit Ticket: A parallelogram has a base of 13 inches and a height of 5 inches. What is its area?,65 sq in | 36 sq in | 18 sq in | 65 in,65 sq in,1,A = b x h = 13 x 5 = 65 square inches.
5-2,notes,no,short,A quadrilateral with exactly one pair of parallel sides is a ___.,,,0,
5-2,notes,no,short,One of the two parallel sides of a trapezoid is ___.,,,0,
5-2,notes,no,short,The other parallel side of a trapezoid is ___.,,,0,
5-2,notes,no,short,The perpendicular distance between the two parallel bases is the ___.,,,0,
5-2,notes,no,short,The amount of flat space inside the trapezoid is its ___.,,,0,
5-2,notes,no,paragraph,The trapezoidal window has a top edge of 4 feet and a bottom edge of 8 feet. Why does the area formula use BOTH bases instead of just one?,,,0,
5-2,notes,no,paragraph,"On the grid you copied the trapezoid (bases 8 and 4, height 5), flipped it, and joined it to the original. What shape formed, and how does that explain the 1/2 in the formula?",,,0,
5-2,notes,no,paragraph,The builder pours concrete for a trapezoidal driveway with edges of 20 ft and 12 ft and a height of 15 ft; one bag covers 6 sq ft. Walk through finding the number of bags.,,,0,
5-2,notes,no,paragraph,"If you copied this trapezoid, flipped it, and placed it next to the original, what shape would you get? How does this help you find the area?",,,0,
5-2,notes,no,paragraph,How many bags of concrete does the builder need?,,,0,
5-2,practice,no,mc,A trapezoid has parallel sides 6 cm and 10 cm and height 4 cm. What is its area?,32 cm² | 40 cm² | 64 cm² | 16 cm²,,0,
5-2,practice,no,mc,A trapezoid has bases 8 m and 12 m and height 5 m. What is its area?,50 m² | 100 m² | 40 m² | 60 m²,,0,
5-2,practice,no,mc,A trapezoid has area 36 in² and bases 5 in and 7 in. What is its height?,6 in | 3 in | 12 in | 18 in,,0,
5-2,practice,no,mc,Why is the trapezoid area formula ½(b1 + b2)h?,"It averages the two bases, then multiplies by the height | It adds all four sides | It uses only the longer base | Trapezoids have no height",,0,
5-2,practice,no,mc,"What is the area of a trapezoid with bases 6 cm and 10 cm, and height 4 cm?",32 sq cm | 64 sq cm | 24 sq cm | 40 sq cm,,0,
5-2,practice,no,mc,"A trapezoid has an area of 45 sq ft, bases of 7 ft and 11 ft. What is the height?",5 ft | 9 ft | 3 ft | 10 ft,,0,
5-2,practice,no,mc,What is the first step when finding the area of a trapezoid?,Add the two bases together | Multiply the two bases | Subtract the shorter base from the longer base | Divide the height by 2,,0,
5-2,practice,no,mc,"A trapezoid has bases of 5 in and 9 in, and a height of 6 in. What is its area?",42 sq in | 84 sq in | 27 sq in | 30 sq in,,0,
5-2,practice,no,paragraph,Complete the table.,,,0,
5-2,practice,no,paragraph,Complete the table.,,,0,
5-2,practice,no,paragraph,Match each shape to its area.,,,0,
5-2,practice,no,paragraph,"Calculate the area of each trapezoid, then sort by whether the area is greater than 40 sq units or not.",,,0,
5-2,practice,no,paragraph,"Find the missing height: b₁=6, b₂=10, A=48",,,0,
5-2,practice,no,paragraph,Find the Area Error,,,0,
5-2,practice,no,paragraph,A trapezoid and a parallelogram both have a height of 8 ft. The trapezoid has bases of 5 ft and 11 ft. The parallelogram has a base of 8 ft. Which shape has the greater area? Explain your reasoning using the formulas.,,,0,
5-2,practice,no,paragraph,"Coordinate grid: Plot a trapezoid with b₁ = 10, b₂ = 4, and height = 6. Then calculate its area using the formula.",,,0,
5-2,quiz,yes,mc,A trapezoid has parallel sides 6 cm and 10 cm and height 4 cm. What is its area?,32 cm² | 40 cm² | 64 cm² | 16 cm²,32 cm²,1,Area = ½(b1 + b2)h = ½(6 + 10)(4) = ½ × 16 × 4 = 32 cm².
5-2,quiz,yes,mc,A trapezoid has bases 8 m and 12 m and height 5 m. What is its area?,50 m² | 100 m² | 40 m² | 60 m²,50 m²,1,½(8 + 12)(5) = ½ × 20 × 5 = 50 m².
5-2,quiz,yes,mc,A trapezoid has area 36 in² and bases 5 in and 7 in. What is its height?,6 in | 3 in | 12 in | 18 in,6 in,1,"36 = ½(5 + 7)h = 6h, so h = 6 in."
5-2,quiz,yes,mc,Why is the trapezoid area formula ½(b1 + b2)h?,"It averages the two bases, then multiplies by the height | It adds all four sides | It uses only the longer base | Trapezoids have no height","It averages the two bases, then multiplies by the height",1,"½(b1 + b2) is the average of the two parallel sides, multiplied by the height."
5-2,quiz,yes,mc,"What is the area of a trapezoid with bases 6 cm and 10 cm, and height 4 cm?",32 sq cm | 64 sq cm | 24 sq cm | 40 sq cm,32 sq cm,1,A = ½ × (b₁ + b₂) × h = ½ × (6 + 10) × 4 = ½ × 16 × 4 = 32 sq cm.
5-2,quiz,yes,mc,"A trapezoid has an area of 45 sq ft, bases of 7 ft and 11 ft. What is the height?",5 ft | 9 ft | 3 ft | 10 ft,5 ft,1,A = ½ × (b₁ + b₂) × h → 45 = ½ × 18 × h → 45 = 9h → h = 5 ft.
5-2,quiz,yes,mc,What is the first step when finding the area of a trapezoid?,Add the two bases together | Multiply the two bases | Subtract the shorter base from the longer base | Divide the height by 2,Add the two bases together,1,The formula is A = ½ × (b₁ + b₂) × h. The first step is to add the two parallel bases.
5-2,quiz,yes,mc,"A trapezoid has bases of 5 in and 9 in, and a height of 6 in. What is its area?",42 sq in | 84 sq in | 27 sq in | 30 sq in,42 sq in,1,A = ½ × (5 + 9) × 6 = ½ × 14 × 6 = ½ × 84 = 42 sq in.
5-2,quiz,yes,mc,"Match each shape to its area. /  / Trapezoid b₁=10, b₂=6, h=4",30 sq units | 32 sq units | 21 sq units | 45 sq units | 42 sq units | 30 sq units,32 sq units,1,
5-2,quiz,yes,mc,"Match each shape to its area. /  / Trapezoid b₁=8, b₂=4, h=5",30 sq units | 32 sq units | 45 sq units | 42 sq units | 30 sq units | 21 sq units,30 sq units,1,
5-2,quiz,yes,mc,"Match each shape to its area. /  / Trapezoid b₁=12, b₂=8, h=3",45 sq units | 30 sq units | 21 sq units | 32 sq units | 42 sq units | 30 sq units,30 sq units,1,
5-2,quiz,yes,mc,"Match each shape to its area. /  / Triangle b=14, h=6",42 sq units | 32 sq units | 21 sq units | 45 sq units | 30 sq units | 30 sq units,42 sq units,1,
5-2,quiz,yes,mc,"Match each shape to its area. /  / Parallelogram b=9, h=5",30 sq units | 32 sq units | 42 sq units | 45 sq units | 21 sq units | 30 sq units,45 sq units,1,
5-2,quiz,yes,mc,Match each shape to its area. /  / Rectangle 7×3,42 sq units | 30 sq units | 45 sq units | 32 sq units | 30 sq units | 21 sq units,21 sq units,1,
5-2,quiz,yes,mc,"Calculate the area of each trapezoid, then sort by whether the area is greater than 40 sq units or not. /  / Where does this belong?  b₁=10, b₂=6, h=4 → A=32",Area > 40 sq units | Area ≤ 40 sq units,Area ≤ 40 sq units,1,
5-2,quiz,yes,mc,"Calculate the area of each trapezoid, then sort by whether the area is greater than 40 sq units or not. /  / Where does this belong?  b₁=12, b₂=8, h=5 → A=50",Area > 40 sq units | Area ≤ 40 sq units,Area > 40 sq units,1,
5-2,quiz,yes,mc,"Calculate the area of each trapezoid, then sort by whether the area is greater than 40 sq units or not. /  / Where does this belong?  b₁=6, b₂=4, h=7 → A=35",Area > 40 sq units | Area ≤ 40 sq units,Area ≤ 40 sq units,1,
5-2,quiz,yes,mc,"Calculate the area of each trapezoid, then sort by whether the area is greater than 40 sq units or not. /  / Where does this belong?  b₁=9, b₂=7, h=6 → A=48",Area > 40 sq units | Area ≤ 40 sq units,Area > 40 sq units,1,
5-2,quiz,yes,mc,"Calculate the area of each trapezoid, then sort by whether the area is greater than 40 sq units or not. /  / Where does this belong?  b₁=5, b₂=3, h=8 → A=32",Area > 40 sq units | Area ≤ 40 sq units,Area ≤ 40 sq units,1,
5-2,quiz,yes,mc,"Calculate the area of each trapezoid, then sort by whether the area is greater than 40 sq units or not. /  / Where does this belong?  b₁=14, b₂=6, h=5 → A=50",Area > 40 sq units | Area ≤ 40 sq units,Area > 40 sq units,1,
5-2,quiz,yes,mc,"Exit Ticket: A trapezoid has bases of 9 inches and 5 inches, and a height of 6 inches. What is its area?",42 sq in | 84 sq in | 27 sq in | 42 in,42 sq in,1,A = 1/2 x (b1 + b2) x h = 1/2 x (9 + 5) x 6 = 1/2 x 14 x 6 = 42 square inches.
5-3,notes,no,short,The side of a triangle used as the bottom for measuring area is the ___.,,,0,
5-3,notes,no,short,The perpendicular distance from the base to the opposite vertex is the ___.,,,0,
5-3,notes,no,short,The amount of flat space inside a triangle is its ___.,,,0,
5-3,notes,no,short,Two lines that meet at a 90° angle are ___.,,,0,
5-3,notes,no,short,A shape made of two or more basic shapes combined is a ___.,,,0,
5-3,notes,no,short,"A math rule written with symbols, like A = ½ × b × h, is a ___.",,,0,
5-3,notes,no,paragraph,"The triangular garden bed has a base of 12 feet and a height of 8 feet. Which measurement is the height, and how is it different from the slanted side?",,,0,
5-3,notes,no,paragraph,"On the grid your triangle (base 12, height 8) fits inside a 12 by 8 rectangle. Why do we divide by 2 to find the triangle's area?",,,0,
5-3,notes,no,paragraph,The homeowner paints a triangular A-frame wall with base 20 ft and height 14 ft; one can covers 50 sq ft. Talk through how many cans are needed.,,,0,
5-3,notes,no,paragraph,The triangle fits inside a 12 × 8 rectangle. How does the triangle's area compare to the rectangle's area?,,,0,
5-3,notes,no,paragraph,How many cans of paint does the homeowner need?,,,0,
5-3,practice,no,mc,A triangle has base 10 cm and height 6 cm. What is its area?,30 cm² | 60 cm² | 16 cm² | 15 cm²,,0,
5-3,practice,no,mc,A triangle has area 24 m² and base 8 m. What is its height?,6 m | 3 m | 12 m | 16 m,,0,
5-3,practice,no,mc,Why does a triangle's area use ½ × base × height?,A triangle is half of a parallelogram with the same base and height | Triangles have three sides | The height is always half the base | ½ makes the number smaller,,0,
5-3,practice,no,mc,A triangular sail has base 7 ft and height 9 ft. What is its area?,31.5 ft² | 63 ft² | 16 ft² | 30 ft²,,0,
5-3,practice,no,mc,What is the area of a triangle with base 10 cm and height 6 cm?,30 sq cm | 60 sq cm | 16 sq cm | 30 cm,,0,
5-3,practice,no,mc,A triangle has an area of 24 sq ft and a base of 8 ft. What is the height?,6 ft | 3 ft | 16 ft | 12 ft,,0,
5-3,practice,no,mc,Why do we divide by 2 when finding the area of a triangle?,A triangle is exactly half of a rectangle with the same base and height | Triangles have 2 equal sides | The base is always twice the height | We always divide area formulas by 2,,0,
5-3,practice,no,mc,What is the area of a triangle with base 14 ft and height 6 ft?,42 sq ft | 84 sq ft | 20 sq ft | 42 ft,,0,
5-3,practice,no,paragraph,Complete the table.,,,0,
5-3,practice,no,paragraph,Complete the table.,,,0,
5-3,practice,no,paragraph,Match each shape to its area.,,,0,
5-3,practice,no,paragraph,Calculate the area of each triangle. Sort by whether the area is greater than 30 sq units or not.,,,0,
5-3,practice,no,paragraph,"Find the missing height: b = 10, A = 35",,,0,
5-3,practice,no,paragraph,Find the Area Error,,,0,
5-3,practice,no,paragraph,A rectangle is 12 ft by 8 ft. A diagonal line cuts it into two triangles. What is the area of each triangle? Explain how the triangle area formula relates to the rectangle area formula.,,,0,
5-3,practice,no,short,Rectangle 16×10 = 160 sq ft split into two equal triangles of 80 sq ft each  ,,,0,
5-3,quiz,yes,mc,A triangle has base 10 cm and height 6 cm. What is its area?,30 cm² | 60 cm² | 16 cm² | 15 cm²,30 cm²,1,Area = ½ × base × height = ½ × 10 × 6 = 30 cm².
5-3,quiz,yes,mc,A triangle has area 24 m² and base 8 m. What is its height?,6 m | 3 m | 12 m | 16 m,6 m,1,"24 = ½ × 8 × h = 4h, so h = 6 m."
5-3,quiz,yes,mc,Why does a triangle's area use ½ × base × height?,A triangle is half of a parallelogram with the same base and height | Triangles have three sides | The height is always half the base | ½ makes the number smaller,A triangle is half of a parallelogram with the same base and height,1,"Two identical triangles form a parallelogram, so a triangle is half its area."
5-3,quiz,yes,mc,A triangular sail has base 7 ft and height 9 ft. What is its area?,31.5 ft² | 63 ft² | 16 ft² | 30 ft²,31.5 ft²,1,½ × 7 × 9 = 31.5 ft².
5-3,quiz,yes,mc,What is the area of a triangle with base 10 cm and height 6 cm?,30 sq cm | 60 sq cm | 16 sq cm | 30 cm,30 sq cm,1,A = ½ × b × h = ½ × 10 × 6 = 30 square centimeters.
5-3,quiz,yes,mc,A triangle has an area of 24 sq ft and a base of 8 ft. What is the height?,6 ft | 3 ft | 16 ft | 12 ft,6 ft,1,A = ½ × b × h → 24 = ½ × 8 × h → 24 = 4h → h = 6 ft.
5-3,quiz,yes,mc,Why do we divide by 2 when finding the area of a triangle?,A triangle is exactly half of a rectangle with the same base and height | Triangles have 2 equal sides | The base is always twice the height | We always divide area formulas by 2,A triangle is exactly half of a rectangle with the same base and height,1,"A triangle with base b and height h fits inside a rectangle with the same base and height. The triangle covers exactly half the rectangle, so A = ½ × b × h."
5-3,quiz,yes,mc,What is the area of a triangle with base 14 ft and height 6 ft?,42 sq ft | 84 sq ft | 20 sq ft | 42 ft,42 sq ft,1,A = ½ × 14 × 6 = ½ × 84 = 42 sq ft.
5-3,quiz,yes,mc,"Match each shape to its area. /  / Triangle b=8, h=6",21 sq units | 24 sq units | 40 sq units | 20 sq units | 18 sq units | 30 sq units,24 sq units,1,
5-3,quiz,yes,mc,"Match each shape to its area. /  / Triangle b=10, h=8",24 sq units | 18 sq units | 21 sq units | 30 sq units | 40 sq units | 20 sq units,40 sq units,1,
5-3,quiz,yes,mc,"Match each shape to its area. /  / Triangle b=12, h=5",18 sq units | 40 sq units | 21 sq units | 30 sq units | 20 sq units | 24 sq units,30 sq units,1,
5-3,quiz,yes,mc,"Match each shape to its area. /  / Parallelogram b=5, h=4",21 sq units | 30 sq units | 24 sq units | 20 sq units | 40 sq units | 18 sq units,20 sq units,1,
5-3,quiz,yes,mc,Match each shape to its area. /  / Rectangle 7×3,30 sq units | 40 sq units | 18 sq units | 24 sq units | 21 sq units | 20 sq units,21 sq units,1,
5-3,quiz,yes,mc,"Match each shape to its area. /  / Parallelogram b=9, h=2",30 sq units | 21 sq units | 24 sq units | 18 sq units | 20 sq units | 40 sq units,18 sq units,1,
5-3,quiz,yes,mc,"Calculate the area of each triangle. Sort by whether the area is greater than 30 sq units or not. /  / Where does this belong?  b=10, h=8 → A=40",Area > 30 sq units | Area ≤ 30 sq units,Area > 30 sq units,1,
5-3,quiz,yes,mc,"Calculate the area of each triangle. Sort by whether the area is greater than 30 sq units or not. /  / Where does this belong?  b=6, h=9 → A=27",Area > 30 sq units | Area ≤ 30 sq units,Area ≤ 30 sq units,1,
5-3,quiz,yes,mc,"Calculate the area of each triangle. Sort by whether the area is greater than 30 sq units or not. /  / Where does this belong?  b=14, h=5 → A=35",Area > 30 sq units | Area ≤ 30 sq units,Area > 30 sq units,1,
5-3,quiz,yes,mc,"Calculate the area of each triangle. Sort by whether the area is greater than 30 sq units or not. /  / Where does this belong?  b=8, h=7 → A=28",Area > 30 sq units | Area ≤ 30 sq units,Area ≤ 30 sq units,1,
5-3,quiz,yes,mc,"Calculate the area of each triangle. Sort by whether the area is greater than 30 sq units or not. /  / Where does this belong?  b=12, h=6 → A=36",Area > 30 sq units | Area ≤ 30 sq units,Area > 30 sq units,1,
5-3,quiz,yes,mc,"Calculate the area of each triangle. Sort by whether the area is greater than 30 sq units or not. /  / Where does this belong?  b=10, h=6 → A=30",Area > 30 sq units | Area ≤ 30 sq units,Area ≤ 30 sq units,1,
5-3,quiz,yes,mc,Exit Ticket: A triangle has a base of 11 inches and a height of 8 inches. What is its area?,44 sq in | 88 sq in | 19 sq in | 44 in,44 sq in,1,A = 1/2 × 11 × 8 = 1/2 × 88 = 44 square inches.
5-3-flagship,notes,no,short,The side of a triangle used as the bottom for measuring area is the ___.,,,0,
5-3-flagship,notes,no,short,The perpendicular distance from the base to the opposite vertex is the ___.,,,0,
5-3-flagship,notes,no,short,The amount of flat space inside a triangle is its ___.,,,0,
5-3-flagship,notes,no,short,Two lines that meet at a 90° angle are ___.,,,0,
5-3-flagship,notes,no,short,A shape made of two or more basic shapes combined is a ___.,,,0,
5-3-flagship,notes,no,short,"A math rule written with symbols, like A = ½ × b × h, is a ___.",,,0,
5-3-flagship,notes,no,paragraph,"At the build site you survey a triangular garden bed with a base of 12 feet and a height of 8 feet. Which measurement is the height, and how is it different from the slanted side?",,,0,
5-3-flagship,notes,no,paragraph,"Your triangular panel (base 12, height 8) fits inside a 12 by 8 rectangle. Why do we divide by 2 to find the triangle's area before cutting the glass?",,,0,
5-3-flagship,notes,no,paragraph,"At the client review, the homeowner paints a triangular A-frame wall with base 20 ft and height 14 ft; one can covers 50 sq ft. Talk through how many cans the budget needs.",,,0,
5-3-flagship,notes,no,paragraph,The triangle fits inside a 12 × 8 rectangle. How does the triangle's area compare to the rectangle's area?,,,0,
5-3-flagship,notes,no,paragraph,How many cans of paint does the homeowner need?,,,0,
5-3-flagship,practice,no,mc,What is the area of a triangle with base 16 m and height 5 m?,40 sq m | 80 sq m | 21 sq m | 40 m,,0,
5-3-flagship,practice,no,mc,A triangle has an area of 36 sq cm and a height of 9 cm. What is its base?,8 cm | 4 cm | 27 cm | 324 cm,,0,
5-3-flagship,practice,no,mc,Two triangles have the same area. One has a base of 12 ft and a height of 6 ft. The other has a base of 9 ft. What is the height of the second triangle?,8 ft | 6 ft | 4 ft | 18 ft,,0,
5-3-flagship,practice,no,mc,What is the area of a triangle with base 10 cm and height 6 cm?,30 sq cm | 60 sq cm | 16 sq cm | 30 cm,,0,
5-3-flagship,practice,no,mc,A triangle has an area of 24 sq ft and a base of 8 ft. What is the height?,6 ft | 3 ft | 16 ft | 12 ft,,0,
5-3-flagship,practice,no,mc,What is the area of a triangle with base 14 ft and height 6 ft?,42 sq ft | 84 sq ft | 20 sq ft | 42 ft,,0,
5-3-flagship,practice,no,mc,A triangular window pane has a base of 9 in and a height of 4 in. What is its area?,18 sq in | 36 sq in | 13 sq in | 18 in,,0,
5-3-flagship,practice,no,mc,Which formula gives the area of a triangle with base b and height h?,A = ½ × b × h | A = b × h | A = b + h | A = 2 × b × h,,0,
5-3-flagship,practice,no,paragraph,Complete the table.,,,0,
5-3-flagship,practice,no,paragraph,Match each shape to its area.,,,0,
5-3-flagship,practice,no,paragraph,Find Dana's Mistake,,,0,
5-3-flagship,practice,no,mc,A triangular sail has an area of 30 sq m and a height of 12 m. What is its base?,5 m | 2.5 m | 18 m | 360 m,,0,
5-3-flagship,practice,no,paragraph,"An architect designs a triangular roof gable with a base of 18 ft and a height of 9 ft. A second gable has the same area but a base of 27 ft. Find the area of the first gable, then determine the height of the second gable. Show all your work.",,,0,
5-3-flagship,practice,no,mc,A composite logo is made of a rectangle (8 cm by 6 cm) with a triangle on top. The triangle has a base of 8 cm and a height of 5 cm. What is the total area of the logo?,68 sq cm | 48 sq cm | 88 sq cm | 58 sq cm,,0,
5-3-flagship,practice,no,paragraph,A rectangle is 12 ft by 8 ft. A diagonal line cuts it into two triangles. What is the area of each triangle? Explain how the triangle area formula relates to the rectangle area formula.,,,0,
5-3-flagship,quiz,yes,mc,What is the area of a triangle with base 16 m and height 5 m?,40 sq m | 80 sq m | 21 sq m | 40 m,40 sq m,1,A = ½ × 16 × 5 = ½ × 80 = 40 square meters.
5-3-flagship,quiz,yes,mc,A triangle has an area of 36 sq cm and a height of 9 cm. What is its base?,8 cm | 4 cm | 27 cm | 324 cm,8 cm,1,36 = ½ × b × 9 → 36 = 4.5b → b = 8 cm.
5-3-flagship,quiz,yes,mc,Two triangles have the same area. One has a base of 12 ft and a height of 6 ft. The other has a base of 9 ft. What is the height of the second triangle?,8 ft | 6 ft | 4 ft | 18 ft,8 ft,1,First area = ½ × 12 × 6 = 36 sq ft. Then 36 = ½ × 9 × h → 36 = 4.5h → h = 8 ft.
5-3-flagship,quiz,yes,mc,What is the area of a triangle with base 10 cm and height 6 cm?,30 sq cm | 60 sq cm | 16 sq cm | 30 cm,30 sq cm,1,A = ½ × b × h = ½ × 10 × 6 = 30 square centimeters.
5-3-flagship,quiz,yes,mc,A triangle has an area of 24 sq ft and a base of 8 ft. What is the height?,6 ft | 3 ft | 16 ft | 12 ft,6 ft,1,24 = ½ × 8 × h → 24 = 4h → h = 6 ft.
5-3-flagship,quiz,yes,mc,What is the area of a triangle with base 14 ft and height 6 ft?,42 sq ft | 84 sq ft | 20 sq ft | 42 ft,42 sq ft,1,A = ½ × 14 × 6 = ½ × 84 = 42 sq ft.
5-3-flagship,quiz,yes,mc,A triangular window pane has a base of 9 in and a height of 4 in. What is its area?,18 sq in | 36 sq in | 13 sq in | 18 in,18 sq in,1,A = ½ × 9 × 4 = ½ × 36 = 18 square inches.
5-3-flagship,quiz,yes,mc,Which formula gives the area of a triangle with base b and height h?,A = ½ × b × h | A = b × h | A = b + h | A = 2 × b × h,A = ½ × b × h,1,"A triangle covers exactly half of a rectangle with the same base and height, so A = ½ × b × h."
5-3-flagship,quiz,yes,mc,A triangular sail has an area of 30 sq m and a height of 12 m. What is its base?,5 m | 2.5 m | 18 m | 360 m,5 m,1,30 = ½ × b × 12 → 30 = 6b → b = 5 m.
5-3-flagship,quiz,yes,mc,A composite logo is made of a rectangle (8 cm by 6 cm) with a triangle on top. The triangle has a base of 8 cm and a height of 5 cm. What is the total area of the logo?,68 sq cm | 48 sq cm | 88 sq cm | 58 sq cm,68 sq cm,1,Rectangle: 8 × 6 = 48 sq cm. Triangle: ½ × 8 × 5 = 20 sq cm. Total: 48 + 20 = 68 sq cm.
5-3-flagship,quiz,yes,mc,"Match each shape to its area. /  / Triangle b=8, h=6",24 sq units | 40 sq units | 21 sq units | 30 sq units,24 sq units,1,
5-3-flagship,quiz,yes,mc,"Match each shape to its area. /  / Triangle b=10, h=8",40 sq units | 30 sq units | 24 sq units | 21 sq units,40 sq units,1,
5-3-flagship,quiz,yes,mc,"Match each shape to its area. /  / Triangle b=12, h=5",30 sq units | 24 sq units | 40 sq units | 21 sq units,30 sq units,1,
5-3-flagship,quiz,yes,mc,Match each shape to its area. /  / Rectangle 7×3,30 sq units | 24 sq units | 40 sq units | 21 sq units,21 sq units,1,
5-3-flagship,quiz,yes,mc,Exit Ticket: A triangle has a base of 11 inches and a height of 8 inches. What is its area?,44 sq in | 88 sq in | 19 sq in | 44 in,44 sq in,1,A = 1/2 × 11 × 8 = 1/2 × 88 = 44 square inches.
5-4,notes,no,short,A polygon with all sides and all angles equal is a ___.,,,0,
5-4,notes,no,short,To break a shape into smaller shapes is to ___ it.,,,0,
5-4,notes,no,short,A three-sided polygon is a ___.,,,0,
5-4,notes,no,short,"Made of two or more shapes combined, a figure is ___.",,,0,
5-4,notes,no,short,A shape made of two or more basic shapes combined is a ___.,,,0,
5-4,notes,no,short,A math rule written with symbols is a ___.,,,0,
5-4,notes,no,paragraph,"The hexagonal skylight has sides of 6 feet, and each triangle from the center has a height of 5.2 feet. Why is it helpful to break a hexagon into triangles to find its area?",,,0,
5-4,notes,no,paragraph,"You matched each regular polygon to its number of center triangles. What pattern connects the number of SIDES to the number of TRIANGLES, and why?",,,0,
5-4,notes,no,paragraph,"The octagonal gazebo has 8 center triangles, each with base 5 ft and height 6 ft, and flooring costs $3 per sq ft. Walk through finding the total cost.",,,0,
5-4,notes,no,paragraph,What pattern do you notice between the number of sides of a regular polygon and the number of triangles you can make from the center?,,,0,
5-4,notes,no,paragraph,How much will the gazebo flooring cost?,,,0,
5-4,practice,no,mc,"A regular hexagon has 6 equal triangles, each with area 8 cm². What is the hexagon's area?",48 cm² | 14 cm² | 8 cm² | 24 cm²,,0,
5-4,practice,no,mc,"A regular pentagon is split into 5 equal triangles. If the whole area is 60 in², what is one triangle's area?",12 in² | 5 in² | 300 in² | 15 in²,,0,
5-4,practice,no,mc,Why can a regular polygon's area be found by splitting it into congruent triangles?,"All the triangles are the same size, so you can multiply one triangle's area by the number of sides | Polygons are always squares | Triangles have no area | Each triangle is different",,0,
5-4,practice,no,mc,"A regular octagon splits into 8 triangles, each with area 5.5 m². What is the total area?",44 m² | 13.5 m² | 40 m² | 48 m²,,0,
5-4,practice,no,mc,A regular hexagon is divided into 6 equal triangles from the center. Each triangle has a base of 6 ft and a height of 5.2 ft. What is the area of one triangle?,15.6 sq ft | 31.2 sq ft | 11.2 sq ft | 15.6 ft,,0,
5-4,practice,no,mc,"Using the triangle from the previous question, what is the total area of the hexagonal skylight?",93.6 sq ft | 15.6 sq ft | 187.2 sq ft | 62.4 sq ft,,0,
5-4,practice,no,mc,"A regular hexagon is split into 6 triangles, each with base 4 cm and height 3.5 cm. What is the total area?",42 sq cm | 21 sq cm | 84 sq cm | 14 sq cm,,0,
5-4,practice,no,mc,How many triangles can you make from the center of a regular pentagon?,5 | 3 | 6 | 10,,0,
5-4,practice,no,paragraph,Sort each polygon by whether it decomposes into more than 5 triangles or 5 or fewer.,,,0,
5-4,practice,no,paragraph,Complete the table.,,,0,
5-4,practice,no,paragraph,Match each polygon to its total area.,,,0,
5-4,practice,no,paragraph,"Calculate the total area of each regular polygon, then sort from smallest to largest area.",,,0,
5-4,practice,no,paragraph,"Find the triangle height: total area = 75 sq ft, 6 triangles, base = 5 ft",,,0,
5-4,practice,no,paragraph,Find the Area Error,,,0,
5-4,practice,no,paragraph,A regular hexagon and a regular pentagon both have triangles with the same base (6 ft) and the same height (5 ft). Which polygon has the greater total area? Explain why the number of sides matters.,,,0,
5-4,practice,no,paragraph,"Coordinate grid: Plot the vertices of a regular hexagon centered at (6, 5) with vertices at approximately (6,8), (8.6,6.5), (8.6,3.5), (6,2), (3.4,3.5), (3.4,6.5). Notice how the hexagon can be split into 6 triangles from the center.",,,0,
5-4,quiz,yes,mc,"A regular hexagon has 6 equal triangles, each with area 8 cm². What is the hexagon's area?",48 cm² | 14 cm² | 8 cm² | 24 cm²,48 cm²,1,6 × 8 = 48 cm².
5-4,quiz,yes,mc,"A regular pentagon is split into 5 equal triangles. If the whole area is 60 in², what is one triangle's area?",12 in² | 5 in² | 300 in² | 15 in²,12 in²,1,60 ÷ 5 = 12 in² per triangle.
5-4,quiz,yes,mc,Why can a regular polygon's area be found by splitting it into congruent triangles?,"All the triangles are the same size, so you can multiply one triangle's area by the number of sides | Polygons are always squares | Triangles have no area | Each triangle is different","All the triangles are the same size, so you can multiply one triangle's area by the number of sides",1,"A regular polygon divides into equal triangles, so total area = (one triangle) × (number of triangles)."
5-4,quiz,yes,mc,"A regular octagon splits into 8 triangles, each with area 5.5 m². What is the total area?",44 m² | 13.5 m² | 40 m² | 48 m²,44 m²,1,8 × 5.5 = 44 m².
5-4,quiz,yes,mc,A regular hexagon is divided into 6 equal triangles from the center. Each triangle has a base of 6 ft and a height of 5.2 ft. What is the area of one triangle?,15.6 sq ft | 31.2 sq ft | 11.2 sq ft | 15.6 ft,15.6 sq ft,1,A = ½ × b × h = ½ × 6 × 5.2 = 15.6 square feet.
5-4,quiz,yes,mc,"Using the triangle from the previous question, what is the total area of the hexagonal skylight?",93.6 sq ft | 15.6 sq ft | 187.2 sq ft | 62.4 sq ft,93.6 sq ft,1,Total area = 6 triangles × 15.6 sq ft = 93.6 square feet.
5-4,quiz,yes,mc,"A regular hexagon is split into 6 triangles, each with base 4 cm and height 3.5 cm. What is the total area?",42 sq cm | 21 sq cm | 84 sq cm | 14 sq cm,42 sq cm,1,Each triangle: ½ × 4 × 3.5 = 7 sq cm. Total: 6 × 7 = 42 sq cm.
5-4,quiz,yes,mc,How many triangles can you make from the center of a regular pentagon?,5 | 3 | 6 | 10,5,1,"A regular pentagon has 5 sides, so drawing lines from the center to each vertex creates 5 equal triangles."
5-4,quiz,yes,mc,Sort each polygon by whether it decomposes into more than 5 triangles or 5 or fewer. /  / Where does this belong?  Regular hexagon → 6 triangles,More than 5 triangles | 5 or fewer triangles,More than 5 triangles,1,
5-4,quiz,yes,mc,Sort each polygon by whether it decomposes into more than 5 triangles or 5 or fewer. /  / Where does this belong?  Regular octagon → 8 triangles,More than 5 triangles | 5 or fewer triangles,More than 5 triangles,1,
5-4,quiz,yes,mc,Sort each polygon by whether it decomposes into more than 5 triangles or 5 or fewer. /  / Where does this belong?  Equilateral triangle → 1 triangle,More than 5 triangles | 5 or fewer triangles,5 or fewer triangles,1,
5-4,quiz,yes,mc,Sort each polygon by whether it decomposes into more than 5 triangles or 5 or fewer. /  / Where does this belong?  Square → 2 triangles,More than 5 triangles | 5 or fewer triangles,5 or fewer triangles,1,
5-4,quiz,yes,mc,Sort each polygon by whether it decomposes into more than 5 triangles or 5 or fewer. /  / Where does this belong?  Regular pentagon → 5 triangles,More than 5 triangles | 5 or fewer triangles,5 or fewer triangles,1,
5-4,quiz,yes,mc,"Match each polygon to its total area. /  / Hexagon: 6 triangles, each ½×6×5.2",93.6 sq ft | 36 sq ft | 36 sq ft | 110 sq ft | 76.8 sq ft | 50 sq ft,93.6 sq ft,1,
5-4,quiz,yes,mc,"Match each polygon to its total area. /  / Pentagon: 5 triangles, each ½×8×5.5",93.6 sq ft | 36 sq ft | 110 sq ft | 36 sq ft | 50 sq ft | 76.8 sq ft,110 sq ft,1,
5-4,quiz,yes,mc,"Match each polygon to its total area. /  / Octagon: 8 triangles, each ½×4×4.8",110 sq ft | 36 sq ft | 76.8 sq ft | 36 sq ft | 50 sq ft | 93.6 sq ft,76.8 sq ft,1,
5-4,quiz,yes,mc,"Match each polygon to its total area. /  / Square: 2 triangles, each ½×10×5",36 sq ft | 50 sq ft | 36 sq ft | 93.6 sq ft | 110 sq ft | 76.8 sq ft,50 sq ft,1,
5-4,quiz,yes,mc,"Match each polygon to its total area. /  / Triangle b=12, h=6",50 sq ft | 76.8 sq ft | 36 sq ft | 36 sq ft | 110 sq ft | 93.6 sq ft,36 sq ft,1,
5-4,quiz,yes,mc,"Match each polygon to its total area. /  / Parallelogram b=9, h=4",36 sq ft | 93.6 sq ft | 76.8 sq ft | 50 sq ft | 36 sq ft | 110 sq ft,36 sq ft,1,
5-4,quiz,yes,mc,"Calculate the total area of each regular polygon, then sort from smallest to largest area. /  / Where does this belong?  Pentagon: 5 × (½×8×5.5) = 110 sq ft",Area ≥ 90 sq ft | Area < 90 sq ft,Area ≥ 90 sq ft,1,
5-4,quiz,yes,mc,"Calculate the total area of each regular polygon, then sort from smallest to largest area. /  / Where does this belong?  Hexagon: 6 × (½×6×5.2) = 93.6 sq ft",Area ≥ 90 sq ft | Area < 90 sq ft,Area ≥ 90 sq ft,1,
5-4,quiz,yes,mc,"Calculate the total area of each regular polygon, then sort from smallest to largest area. /  / Where does this belong?  Octagon: 8 × (½×4×4.8) = 76.8 sq ft",Area ≥ 90 sq ft | Area < 90 sq ft,Area < 90 sq ft,1,
5-4,quiz,yes,mc,"Calculate the total area of each regular polygon, then sort from smallest to largest area. /  / Where does this belong?  Square: 2 × (½×10×5) = 50 sq ft",Area ≥ 90 sq ft | Area < 90 sq ft,Area < 90 sq ft,1,
5-4,quiz,yes,mc,Exit Ticket: A regular pentagon is decomposed into 5 triangles from its center. Each triangle has a base of 7 inches and a height of 4.8 inches. What is the total area of the pentagon?,84 sq in | 16.8 sq in | 168 sq in | 84 in,84 sq in,1,One triangle: A = 1/2 x 7 x 4.8 = 16.8 sq in. Total = 5 x 16.8 = 84 square inches.
5-5,notes,no,short,A shape made of two or more basic shapes combined is a ___.,,,0,
5-5,notes,no,short,To break a composite figure into basic shapes is to ___ it.,,,0,
5-5,notes,no,short,"To find the total area of separate parts, I ___ their areas.",,,0,
5-5,notes,no,short,"To find the area of a shape with a piece removed, I ___ the missing part's area.",,,0,
5-5,notes,no,short,A math rule written with symbols is a ___.,,,0,
5-5,notes,no,paragraph,The L-shaped room splits into a 12 ft by 8 ft rectangle and a 6 ft by 5 ft rectangle. Why is it easier to find the area after you decompose the L into two rectangles?,,,0,
5-5,notes,no,paragraph,For the U-shaped pool you subtracted a 6 ft by 4 ft cutout from a 14 ft by 10 ft rectangle. How do you decide when to ADD areas and when to SUBTRACT?,,,0,
5-5,notes,no,paragraph,"The T-shaped conference room has a top of 14 ft by 4 ft and a stem of 6 ft by 10 ft, and carpet costs $5 per sq ft. Talk through finding the total cost.",,,0,
5-5,notes,no,paragraph,"For the U-shaped pool, why did we subtract instead of add? When do you add areas and when do you subtract?",,,0,
5-5,notes,no,paragraph,How much will the carpet cost?,,,0,
5-5,practice,no,mc,A figure is a 6×4 rectangle with a 2×2 square added on. What is the total area?,28 sq units | 24 sq units | 20 sq units | 32 sq units,,0,
5-5,practice,no,mc,A composite shape is a 10×8 rectangle with a 3×4 rectangle cut out. What is the area?,68 sq units | 80 sq units | 92 sq units | 12 sq units,,0,
5-5,practice,no,mc,What is the best first step to find the area of a composite figure?,Break it into simple shapes like rectangles and triangles | Measure only one side | Add all the side lengths | Multiply the two longest sides,,0,
5-5,practice,no,mc,A garden is a 12×5 rectangle plus a triangle with base 12 and height 4 on top. What is the total area?,84 sq units | 60 sq units | 24 sq units | 72 sq units,,0,
5-5,practice,no,mc,An L-shaped room is made of two rectangles: 10 ft × 6 ft and 4 ft × 3 ft. What is the total area?,72 sq ft | 60 sq ft | 12 sq ft | 72 ft,,0,
5-5,practice,no,mc,A rectangular patio is 15 ft × 10 ft with a 5 ft × 4 ft rectangular flower bed cut out. What is the remaining area?,130 sq ft | 150 sq ft | 20 sq ft | 170 sq ft,,0,
5-5,practice,no,mc,Find the area of an L-shape made of a 5×3 rectangle and a 2×4 rectangle.,23 sq units | 15 sq units | 8 sq units | 20 sq units,,0,
5-5,practice,no,mc,When should you subtract areas instead of adding them to find the area of a composite figure?,When a piece is cut out or removed from a larger shape | When the shapes overlap | When one shape is larger than the other | Always subtract — never add,,0,
5-5,practice,no,paragraph,Sort each composite figure by whether you ADD or SUBTRACT the areas to find the total.,,,0,
5-5,practice,no,paragraph,Complete the table.,,,0,
5-5,practice,no,paragraph,Match each composite figure to its total area.,,,0,
5-5,practice,no,short,Wall area = 120 sq ft → painted area (108) + window cutout (12)  ,,,0,
5-5,practice,no,paragraph,Calculate each composite figure's area. Sort by whether the area is more than 100 sq ft or not.,,,0,
5-5,practice,no,paragraph,Find the Area Error,,,0,
5-5,practice,no,paragraph,A T-shaped room can be decomposed in two different ways. Show both ways and prove they give the same total area. Use a T-shape where the top is 14 ft × 4 ft and the stem is 6 ft × 10 ft.,,,0,
5-5,practice,no,paragraph,Complete the table.,,,0,
5-5,quiz,yes,mc,A figure is a 6×4 rectangle with a 2×2 square added on. What is the total area?,28 sq units | 24 sq units | 20 sq units | 32 sq units,28 sq units,1,"Rectangle 6 × 4 = 24, plus square 2 × 2 = 4. Total = 28 sq units."
5-5,quiz,yes,mc,A composite shape is a 10×8 rectangle with a 3×4 rectangle cut out. What is the area?,68 sq units | 80 sq units | 92 sq units | 12 sq units,68 sq units,1,80 − 12 = 68 sq units.
5-5,quiz,yes,mc,What is the best first step to find the area of a composite figure?,Break it into simple shapes like rectangles and triangles | Measure only one side | Add all the side lengths | Multiply the two longest sides,Break it into simple shapes like rectangles and triangles,1,"Decompose the figure into simple shapes, find each area, then add or subtract."
5-5,quiz,yes,mc,A garden is a 12×5 rectangle plus a triangle with base 12 and height 4 on top. What is the total area?,84 sq units | 60 sq units | 24 sq units | 72 sq units,84 sq units,1,Rectangle 12 × 5 = 60; triangle ½ × 12 × 4 = 24. Total = 84 sq units.
5-5,quiz,yes,mc,An L-shaped room is made of two rectangles: 10 ft × 6 ft and 4 ft × 3 ft. What is the total area?,72 sq ft | 60 sq ft | 12 sq ft | 72 ft,72 sq ft,1,Area 1 = 10 × 6 = 60 sq ft. Area 2 = 4 × 3 = 12 sq ft. Total = 60 + 12 = 72 sq ft.
5-5,quiz,yes,mc,A rectangular patio is 15 ft × 10 ft with a 5 ft × 4 ft rectangular flower bed cut out. What is the remaining area?,130 sq ft | 150 sq ft | 20 sq ft | 170 sq ft,130 sq ft,1,Patio = 15 × 10 = 150 sq ft. Cutout = 5 × 4 = 20 sq ft. Remaining = 150 − 20 = 130 sq ft.
5-5,quiz,yes,mc,Find the area of an L-shape made of a 5×3 rectangle and a 2×4 rectangle.,23 sq units | 15 sq units | 8 sq units | 20 sq units,23 sq units,1,5 × 3 = 15. 2 × 4 = 8. Total = 15 + 8 = 23 sq units.
5-5,quiz,yes,mc,When should you subtract areas instead of adding them to find the area of a composite figure?,When a piece is cut out or removed from a larger shape | When the shapes overlap | When one shape is larger than the other | Always subtract — never add,When a piece is cut out or removed from a larger shape,1,Subtract when a piece is removed from a larger shape (like a window cut from a wall). Add when two shapes are joined together (like an L-shape).
5-5,quiz,yes,mc,Sort each composite figure by whether you ADD or SUBTRACT the areas to find the total. /  / Where does this belong?  L-shaped hallway (two rectangles joined),Add the areas | Subtract the areas,Add the areas,1,
5-5,quiz,yes,mc,Sort each composite figure by whether you ADD or SUBTRACT the areas to find the total. /  / Where does this belong?  Wall with a window cut out,Add the areas | Subtract the areas,Subtract the areas,1,
5-5,quiz,yes,mc,Sort each composite figure by whether you ADD or SUBTRACT the areas to find the total. /  / Where does this belong?  T-shaped stage (two rectangles joined),Add the areas | Subtract the areas,Add the areas,1,
5-5,quiz,yes,mc,Sort each composite figure by whether you ADD or SUBTRACT the areas to find the total. /  / Where does this belong?  Floor with a trapdoor removed,Add the areas | Subtract the areas,Subtract the areas,1,
5-5,quiz,yes,mc,Sort each composite figure by whether you ADD or SUBTRACT the areas to find the total. /  / Where does this belong?  U-shaped pool (rectangle with center removed),Add the areas | Subtract the areas,Subtract the areas,1,
5-5,quiz,yes,mc,Sort each composite figure by whether you ADD or SUBTRACT the areas to find the total. /  / Where does this belong?  Plus-sign shape (rectangles joined),Add the areas | Subtract the areas,Add the areas,1,
5-5,quiz,yes,mc,Match each composite figure to its total area. /  / L-shape: 10×6 + 4×3,72 sq ft | 90 sq ft | 130 sq ft | 116 sq ft | 116 sq ft | 58 sq ft,72 sq ft,1,
5-5,quiz,yes,mc,Match each composite figure to its total area. /  / T-shape: 14×4 + 6×10,90 sq ft | 58 sq ft | 116 sq ft | 72 sq ft | 116 sq ft | 130 sq ft,116 sq ft,1,
5-5,quiz,yes,mc,Match each composite figure to its total area. /  / Wall 15×10 minus window 5×4,116 sq ft | 130 sq ft | 116 sq ft | 90 sq ft | 58 sq ft | 72 sq ft,130 sq ft,1,
5-5,quiz,yes,mc,Match each composite figure to its total area. /  / Pool 14×10 minus cutout 6×4,58 sq ft | 90 sq ft | 130 sq ft | 72 sq ft | 116 sq ft | 116 sq ft,116 sq ft,1,
5-5,quiz,yes,mc,Match each composite figure to its total area. /  / L-shape: 8×5 + 3×6,116 sq ft | 116 sq ft | 58 sq ft | 90 sq ft | 130 sq ft | 72 sq ft,58 sq ft,1,
5-5,quiz,yes,mc,Match each composite figure to its total area. /  / Floor 12×8 minus vent 2×3,72 sq ft | 116 sq ft | 90 sq ft | 116 sq ft | 58 sq ft | 130 sq ft,90 sq ft,1,
5-5,quiz,yes,mc,Calculate each composite figure's area. Sort by whether the area is more than 100 sq ft or not. /  / Where does this belong?  L-shape: 12×8 + 6×5 = 126 sq ft,Area > 100 sq ft | Area ≤ 100 sq ft,Area > 100 sq ft,1,
5-5,quiz,yes,mc,Calculate each composite figure's area. Sort by whether the area is more than 100 sq ft or not. /  / Where does this belong?  T-shape: 10×3 + 4×7 = 58 sq ft,Area > 100 sq ft | Area ≤ 100 sq ft,Area ≤ 100 sq ft,1,
5-5,quiz,yes,mc,Calculate each composite figure's area. Sort by whether the area is more than 100 sq ft or not. /  / Where does this belong?  Wall 15×10 − window 5×4 = 130 sq ft,Area > 100 sq ft | Area ≤ 100 sq ft,Area > 100 sq ft,1,
5-5,quiz,yes,mc,Calculate each composite figure's area. Sort by whether the area is more than 100 sq ft or not. /  / Where does this belong?  L-shape: 9×7 + 3×4 = 75 sq ft,Area > 100 sq ft | Area ≤ 100 sq ft,Area ≤ 100 sq ft,1,
5-5,quiz,yes,mc,Calculate each composite figure's area. Sort by whether the area is more than 100 sq ft or not. /  / Where does this belong?  Floor 20×8 − vent 6×3 = 142 sq ft,Area > 100 sq ft | Area ≤ 100 sq ft,Area > 100 sq ft,1,
5-5,quiz,yes,mc,Calculate each composite figure's area. Sort by whether the area is more than 100 sq ft or not. /  / Where does this belong?  U-shape: 10×8 − 4×3 = 68 sq ft,Area > 100 sq ft | Area ≤ 100 sq ft,Area ≤ 100 sq ft,1,
5-5,quiz,yes,mc,Exit Ticket: A composite figure is made of a 9 ft x 7 ft rectangle and a 3 ft x 4 ft rectangle joined together. What is the total area?,75 sq ft | 63 sq ft | 12 sq ft | 75 ft,75 sq ft,1,Area 1 = 9 x 7 = 63 sq ft. Area 2 = 3 x 4 = 12 sq ft. Total = 63 + 12 = 75 square feet.
6-1,notes,no,short,The small raised number that shows how many times the base is multiplied is the ___.,,,0,
6-1,notes,no,short,"The number being multiplied repeatedly in a power, like the 3 in 3⁴, is the ___.",,,0,
6-1,notes,no,short,"A number written with a base and an exponent, like 3⁴, is a ___.",,,0,
6-1,notes,no,short,"To find the value of an expression, like 2³ = 8, is to ___ it.",,,0,
6-1,notes,no,short,"A number multiplied by a variable, like the 5 in 5x, is a ___.",,,0,
6-1,notes,no,short,"Terms with the same variable raised to the same power, like 3x and 7x, are ___.",,,0,
6-1,notes,no,paragraph,"In the sound studio, the volume doubles each time you flip the switch. Why is the volume after 3 flips 2³ = 8 and not 2 × 3 = 6?",,,0,
6-1,notes,no,paragraph,"Look at the table: when the exponent goes up by 1 (like from 2³ to 2⁴), what happens to the value, and why?",,,0,
6-1,notes,no,paragraph,"Each recording layer doubles the file size, modeled by 4 × 2ⁿ. Why does the file size grow so fast as you add layers?",,,0,
6-1,notes,no,paragraph,How does the value change when you increase the exponent by 1? Why?,,,0,
6-1,notes,no,paragraph,How large is the file after 5 layers? Why does the file size grow so quickly?,,,0,
6-1,practice,no,mc,What is the value of 2⁵?,32 | 10 | 25 | 16,,0,
6-1,practice,no,mc,What is 10⁴?,"10,000 | 40 | 1,000 | 100",,0,
6-1,practice,no,mc,Which expression equals 81?,3⁴ | 3³ | 2⁶ | 4³,,0,
6-1,practice,no,mc,What is 5³?,125 | 15 | 25 | 8,,0,
6-1,practice,no,mc,What is the value of 4³?,64 | 12 | 43 | 7,,0,
6-1,practice,no,mc,What is the value of 6²?,36 | 12 | 62 | 8,,0,
6-1,practice,no,mc,Which expression shows 5³ as repeated multiplication?,5 × 5 × 5 | 5 × 3 | 5 + 5 + 5 | 3 × 3 × 3 × 3 × 3,,0,
6-1,practice,no,mc,Evaluate: 3 × (4 + 2)²,108 | 54 | 36 | 144,,0,
6-1,practice,no,paragraph,Complete the table.,,,0,
6-1,practice,no,paragraph,Complete the table.,,,0,
6-1,practice,no,paragraph,Sort each power by whether its value is greater than 50 or not.,,,0,
6-1,practice,no,paragraph,Match each power to its value.,,,0,
6-1,practice,no,paragraph,Which side is greater? Evaluate each expression. Left: 3⁴. Right: 4³.,,,0,
6-1,practice,no,paragraph,Find the Exponent Error,,,0,
6-1,practice,no,paragraph,"A bacteria colony doubles every hour. Starting with 1 bacterium, write a power expression for the number after 6 hours. Explain why exponential growth is so much faster than adding the same number each hour.",,,0,
6-1,practice,no,paragraph,Complete the table.,,,0,
6-1,quiz,yes,mc,What is the value of 2⁵?,32 | 10 | 25 | 16,32,1,2⁵ = 2 × 2 × 2 × 2 × 2 = 32.
6-1,quiz,yes,mc,What is 10⁴?,"10,000 | 40 | 1,000 | 100","10,000",1,"10⁴ = 10 × 10 × 10 × 10 = 10,000."
6-1,quiz,yes,mc,Which expression equals 81?,3⁴ | 3³ | 2⁶ | 4³,3⁴,1,"3⁴ = 3 × 3 × 3 × 3 = 81. 3³ = 27, 2⁶ = 64, and 4³ = 64."
6-1,quiz,yes,mc,What is 5³?,125 | 15 | 25 | 8,125,1,5³ = 5 × 5 × 5 = 125.
6-1,quiz,yes,mc,What is the value of 4³?,64 | 12 | 43 | 7,64,1,4³ = 4 × 4 × 4 = 64.
6-1,quiz,yes,mc,What is the value of 6²?,36 | 12 | 62 | 8,36,1,6² = 6 × 6 = 36.
6-1,quiz,yes,mc,Which expression shows 5³ as repeated multiplication?,5 × 5 × 5 | 5 × 3 | 5 + 5 + 5 | 3 × 3 × 3 × 3 × 3,5 × 5 × 5,1,"5³ means use 5 as a factor 3 times: 5 × 5 × 5. The exponent tells how many times to multiply, not what to multiply by."
6-1,quiz,yes,mc,Evaluate: 3 × (4 + 2)²,108 | 54 | 36 | 144,108,1,4 + 2 = 6. 6² = 36. 3 × 36 = 108.
6-1,quiz,yes,mc,Sort each power by whether its value is greater than 50 or not. /  / Where does this belong?  2⁵ = 32,Value > 50 | Value ≤ 50,Value ≤ 50,1,
6-1,quiz,yes,mc,Sort each power by whether its value is greater than 50 or not. /  / Where does this belong?  3⁴ = 81,Value > 50 | Value ≤ 50,Value > 50,1,
6-1,quiz,yes,mc,Sort each power by whether its value is greater than 50 or not. /  / Where does this belong?  7² = 49,Value > 50 | Value ≤ 50,Value ≤ 50,1,
6-1,quiz,yes,mc,Sort each power by whether its value is greater than 50 or not. /  / Where does this belong?  10² = 100,Value > 50 | Value ≤ 50,Value > 50,1,
6-1,quiz,yes,mc,Sort each power by whether its value is greater than 50 or not. /  / Where does this belong?  5³ = 125,Value > 50 | Value ≤ 50,Value > 50,1,
6-1,quiz,yes,mc,Sort each power by whether its value is greater than 50 or not. /  / Where does this belong?  4² = 16,Value > 50 | Value ≤ 50,Value ≤ 50,1,
6-1,quiz,yes,mc,Match each power to its value. /  / 2⁵,64 | 32 | 27 | 1000 | 128 | 25,32,1,
6-1,quiz,yes,mc,Match each power to its value. /  / 3³,25 | 32 | 128 | 27 | 64 | 1000,27,1,
6-1,quiz,yes,mc,Match each power to its value. /  / 4³,32 | 1000 | 27 | 25 | 128 | 64,64,1,
6-1,quiz,yes,mc,Match each power to its value. /  / 10³,1000 | 64 | 128 | 27 | 32 | 25,1000,1,
6-1,quiz,yes,mc,Match each power to its value. /  / 5²,27 | 32 | 64 | 25 | 1000 | 128,25,1,
6-1,quiz,yes,mc,Match each power to its value. /  / 2⁷,64 | 32 | 27 | 25 | 1000 | 128,128,1,
6-1,quiz,yes,mc,Exit Ticket: What is the value of 3⁴?,81 | 12 | 34 | 64,81,1,3⁴ = 3 × 3 × 3 × 3 = 81.
6-1-flagship,notes,no,short,The small raised number that shows how many times the base is multiplied is the ___.,,,0,
6-1-flagship,notes,no,short,"The number being multiplied repeatedly in a power, like the 3 in 3⁴, is the ___.",,,0,
6-1-flagship,notes,no,short,"A number written with a base and an exponent, like 3⁴, is a ___.",,,0,
6-1-flagship,notes,no,short,"To find the value of an expression, like 2³ = 8, is to ___ it.",,,0,
6-1-flagship,notes,no,short,"A number multiplied by a variable, like the 5 in 5x, is a ___.",,,0,
6-1-flagship,notes,no,short,"Terms with the same variable raised to the same power, like 3x and 7x, are ___.",,,0,
6-1-flagship,notes,no,paragraph,"Each switch flip doubles the volume: 1, then 2, then 4, then 8. How is each number related to the one before, and how could you write 2 times 2 times 2 a shorter way?",,,0,
6-1-flagship,notes,no,paragraph,"In the power 2 cubed, which number is the base and which is the exponent? What job does each one do when you evaluate it?",,,0,
6-1-flagship,notes,no,paragraph,"When you bounce a track, the file size grows as you double the layers. Where else do you see quantities that grow by repeated multiplication?",,,0,
6-1-flagship,notes,no,paragraph,How does the value change when you increase the exponent by 1? Why?,,,0,
6-1-flagship,notes,no,paragraph,How large is the file after 5 layers? Why does the file size grow so quickly?,,,0,
6-1-flagship,practice,no,mc,What is the value of 4³?,64 | 12 | 43 | 7,,0,
6-1-flagship,practice,no,mc,What is the value of 6²?,36 | 12 | 62 | 8,,0,
6-1-flagship,practice,no,mc,Which expression shows 5³ as repeated multiplication?,5 × 5 × 5 | 5 × 3 | 5 + 5 + 5 | 3 × 3 × 3 × 3 × 3,,0,
6-1-flagship,practice,no,mc,Evaluate: 3 × (4 + 2)²,108 | 54 | 36 | 144,,0,
6-1-flagship,practice,no,paragraph,Complete the table.,,,0,
6-1-flagship,practice,no,paragraph,Complete the table.,,,0,
6-1-flagship,practice,no,paragraph,Sort each power by whether its value is greater than 50 or not.,,,0,
6-1-flagship,practice,no,paragraph,Match each power to its value.,,,0,
6-1-flagship,practice,no,paragraph,Which side is greater? Evaluate each expression. Left: 3⁴. Right: 4³.,,,0,
6-1-flagship,practice,no,paragraph,Find the Exponent Error,,,0,
6-1-flagship,practice,no,paragraph,"A bacteria colony doubles every hour. Starting with 1 bacterium, write a power expression for the number after 6 hours. Explain why exponential growth is so much faster than adding the same number each hour.",,,0,
6-1-flagship,practice,no,paragraph,Complete the table.,,,0,
6-1-flagship,quiz,yes,mc,What is the value of 4³?,64 | 12 | 43 | 7,64,1,4³ = 4 × 4 × 4 = 64.
6-1-flagship,quiz,yes,mc,What is the value of 6²?,36 | 12 | 62 | 8,36,1,6² = 6 × 6 = 36.
6-1-flagship,quiz,yes,mc,Which expression shows 5³ as repeated multiplication?,5 × 5 × 5 | 5 × 3 | 5 + 5 + 5 | 3 × 3 × 3 × 3 × 3,5 × 5 × 5,1,"5³ means use 5 as a factor 3 times: 5 × 5 × 5. The exponent tells how many times to multiply, not what to multiply by."
6-1-flagship,quiz,yes,mc,Evaluate: 3 × (4 + 2)²,108 | 54 | 36 | 144,108,1,4 + 2 = 6. 6² = 36. 3 × 36 = 108.
6-1-flagship,quiz,yes,mc,Sort each power by whether its value is greater than 50 or not. /  / Where does this belong?  2⁵ = 32,Value > 50 | Value ≤ 50,Value ≤ 50,1,
6-1-flagship,quiz,yes,mc,Sort each power by whether its value is greater than 50 or not. /  / Where does this belong?  3⁴ = 81,Value > 50 | Value ≤ 50,Value > 50,1,
6-1-flagship,quiz,yes,mc,Sort each power by whether its value is greater than 50 or not. /  / Where does this belong?  7² = 49,Value > 50 | Value ≤ 50,Value ≤ 50,1,
6-1-flagship,quiz,yes,mc,Sort each power by whether its value is greater than 50 or not. /  / Where does this belong?  10² = 100,Value > 50 | Value ≤ 50,Value > 50,1,
6-1-flagship,quiz,yes,mc,Sort each power by whether its value is greater than 50 or not. /  / Where does this belong?  5³ = 125,Value > 50 | Value ≤ 50,Value > 50,1,
6-1-flagship,quiz,yes,mc,Sort each power by whether its value is greater than 50 or not. /  / Where does this belong?  4² = 16,Value > 50 | Value ≤ 50,Value ≤ 50,1,
6-1-flagship,quiz,yes,mc,Match each power to its value. /  / 2⁵,1000 | 27 | 128 | 64 | 25 | 32,32,1,
6-1-flagship,quiz,yes,mc,Match each power to its value. /  / 3³,25 | 64 | 27 | 128 | 32 | 1000,27,1,
6-1-flagship,quiz,yes,mc,Match each power to its value. /  / 4³,64 | 25 | 32 | 1000 | 27 | 128,64,1,
6-1-flagship,quiz,yes,mc,Match each power to its value. /  / 10³,32 | 64 | 27 | 1000 | 128 | 25,1000,1,
6-1-flagship,quiz,yes,mc,Match each power to its value. /  / 5²,1000 | 32 | 27 | 64 | 25 | 128,25,1,
6-1-flagship,quiz,yes,mc,Match each power to its value. /  / 2⁷,25 | 27 | 128 | 1000 | 64 | 32,128,1,
6-1-flagship,quiz,yes,mc,Exit Ticket: What is the value of 3⁴?,81 | 12 | 34 | 64,81,1,3⁴ = 3 × 3 × 3 × 3 = 81.
6-2,notes,no,short,"A letter that stands for an unknown number, like x, is a ___.",,,0,
6-2,notes,no,short,"A group of numbers, variables, and operations with no equal sign is an ___.",,,0,
6-2,notes,no,short,To find the value of an expression for given values is to ___ it.,,,0,
6-2,notes,no,short,To replace a variable with a number is to ___.,,,0,
6-2,notes,no,short,"A number multiplied by a variable, like the 4 in 4y, is a ___.",,,0,
6-2,notes,no,short,"Terms with the same variable part, like 2x and 6x, are ___.",,,0,
6-2,notes,no,paragraph,"The concert cost is 150 + 12s, where s is the number of speakers. How do you find the cost for 5 speakers, and why does this one expression work for any number of speakers?",,,0,
6-2,notes,no,paragraph,"When you evaluate an expression like 4x² + 3, what order do you follow, and why must you square before you multiply?",,,0,
6-2,notes,no,paragraph,"The rideshare fare is 2.50 + 1.75m for m miles. How much is an 8-mile ride, and what does each part of the expression represent?",,,0,
6-2,notes,no,paragraph,What happens to the total cost each time you add one more speaker? Why?,,,0,
6-2,notes,no,paragraph,How much will the ride cost? How does the expression model this situation?,,,0,
6-2,practice,no,mc,Evaluate 3 + 4 × 2².,19 | 28 | 56 | 14,,0,
6-2,practice,no,mc,Evaluate (8 − 3)² + 6.,31 | 19 | 61 | 25,,0,
6-2,practice,no,mc,"If a = 4, what is 2a + 5?",13 | 9 | 20 | 11,,0,
6-2,practice,no,mc,Evaluate 24 ÷ (2 + 4) × 3.,12 | 1.33 | 4 | 18,,0,
6-2,practice,no,mc,Evaluate 3x + 7 when x = 4.,19 | 34 | 12 | 14,,0,
6-2,practice,no,mc,Evaluate 20 − 2n when n = 6.,8 | 14 | 32 | 12,,0,
6-2,practice,no,mc,Which expression means '5 less than twice a number n'?,2n − 5 | 5 − 2n | 2(n − 5) | 2 − 5n,,0,
6-2,practice,no,mc,Evaluate 4m + 1 when m = 5.,21 | 20 | 9 | 25,,0,
6-2,practice,no,paragraph,Complete the table.,,,0,
6-2,practice,no,paragraph,Complete the table.,,,0,
6-2,practice,no,paragraph,Evaluate each expression when a = 3. Sort by whether the result is greater than 15 or not.,,,0,
6-2,practice,no,paragraph,Match each expression to its value.,,,0,
6-2,practice,no,paragraph,Evaluate both sides when x = 5. Which side is greater? Left: 3x + 1. Right: 2x + 8.,,,0,
6-2,practice,no,paragraph,Find the Evaluation Error,,,0,
6-2,practice,no,paragraph,"A gym membership costs $25 per month plus a $40 signup fee. Write an expression using m for months, then evaluate it for 6 months and 12 months. Explain what each part of the expression represents.",,,0,
6-2,practice,no,paragraph,Complete the table.,,,0,
6-2,quiz,yes,mc,Evaluate 3 + 4 × 2².,19 | 28 | 56 | 14,19,1,"Order of operations: 2² = 4, then 4 × 4 = 16, then 3 + 16 = 19."
6-2,quiz,yes,mc,Evaluate (8 − 3)² + 6.,31 | 19 | 61 | 25,31,1,"(8 − 3)² = 5² = 25, then 25 + 6 = 31."
6-2,quiz,yes,mc,"If a = 4, what is 2a + 5?",13 | 9 | 20 | 11,13,1,2 × 4 + 5 = 8 + 5 = 13.
6-2,quiz,yes,mc,Evaluate 24 ÷ (2 + 4) × 3.,12 | 1.33 | 4 | 18,12,1,2 + 4 = 6; 24 ÷ 6 = 4; 4 × 3 = 12.
6-2,quiz,yes,mc,Evaluate 3x + 7 when x = 4.,19 | 34 | 12 | 14,19,1,3(4) + 7 = 12 + 7 = 19.
6-2,quiz,yes,mc,Evaluate 20 − 2n when n = 6.,8 | 14 | 32 | 12,8,1,20 − 2(6) = 20 − 12 = 8.
6-2,quiz,yes,mc,Which expression means '5 less than twice a number n'?,2n − 5 | 5 − 2n | 2(n − 5) | 2 − 5n,2n − 5,1,Twice n is 2n. Five less than that is 2n − 5.
6-2,quiz,yes,mc,Evaluate 4m + 1 when m = 5.,21 | 20 | 9 | 25,21,1,4(5) + 1 = 20 + 1 = 21.
6-2,quiz,yes,mc,Evaluate each expression when a = 3. Sort by whether the result is greater than 15 or not. /  / Where does this belong?  5a + 2 = 17,Greater than 15 | 15 or less,Greater than 15,1,
6-2,quiz,yes,mc,Evaluate each expression when a = 3. Sort by whether the result is greater than 15 or not. /  / Where does this belong?  6a = 18,Greater than 15 | 15 or less,Greater than 15,1,
6-2,quiz,yes,mc,Evaluate each expression when a = 3. Sort by whether the result is greater than 15 or not. /  / Where does this belong?  a² + 7 = 16,Greater than 15 | 15 or less,Greater than 15,1,
6-2,quiz,yes,mc,Evaluate each expression when a = 3. Sort by whether the result is greater than 15 or not. /  / Where does this belong?  4a − 1 = 11,Greater than 15 | 15 or less,15 or less,1,
6-2,quiz,yes,mc,Evaluate each expression when a = 3. Sort by whether the result is greater than 15 or not. /  / Where does this belong?  2a + 5 = 11,Greater than 15 | 15 or less,15 or less,1,
6-2,quiz,yes,mc,Evaluate each expression when a = 3. Sort by whether the result is greater than 15 or not. /  / Where does this belong?  10 − a = 7,Greater than 15 | 15 or less,15 or less,1,
6-2,quiz,yes,mc,Match each expression to its value. /  / 3x when x=4,5 | 10 | 5 | 25 | 7 | 12,12,1,
6-2,quiz,yes,mc,Match each expression to its value. /  / x² when x=5,12 | 5 | 25 | 10 | 5 | 7,25,1,
6-2,quiz,yes,mc,Match each expression to its value. /  / 2x+1 when x=3,12 | 10 | 25 | 7 | 5 | 5,7,1,
6-2,quiz,yes,mc,Match each expression to its value. /  / x/2 when x=10,25 | 5 | 12 | 5 | 10 | 7,5,1,
6-2,quiz,yes,mc,Match each expression to its value. /  / 4x−3 when x=2,5 | 5 | 12 | 7 | 25 | 10,5,1,
6-2,quiz,yes,mc,Match each expression to its value. /  / x²+1 when x=3,12 | 7 | 5 | 5 | 10 | 25,10,1,
6-2,quiz,yes,mc,Exit Ticket: Evaluate 5(n − 3) + 2 when n = 7.,22 | 32 | 17 | 36,22,1,5(7 − 3) + 2 = 5(4) + 2 = 20 + 2 = 22.
6-3,notes,no,short,A letter that stands for an unknown number is a ___.,,,0,
6-3,notes,no,short,"A math phrase with variables, numbers, and operations but no equal sign is an ___.",,,0,
6-3,notes,no,short,"The number multiplied by a variable, like the 7 in 7n, is the ___.",,,0,
6-3,notes,no,short,"A term that is just a number and never changes, like the 5 in 3x + 5, is a ___.",,,0,
6-3,notes,no,short,Terms with the same variable part are ___.,,,0,
6-3,notes,no,paragraph,"Tickets cost $12 each with a flat $50 venue fee. If t is the number of tickets, how would you write an expression for total revenue, and which part changes with the crowd?",,,0,
6-3,notes,no,paragraph,How do you turn words into an expression? Why does '12 less than a number g' become g − 12 and not 12 − g?,,,0,
6-3,notes,no,paragraph,"A studio charges a $25 setup fee plus $8 per recording hour. With h hours, what expression models the cost, and what does each part represent?",,,0,
6-3,notes,no,paragraph,What key words helped you decide which operation to use? How can the same phrase be written differently?,,,0,
6-3,notes,no,paragraph,Write an expression for the total cost. What does each part of the expression represent?,,,0,
6-3,practice,no,mc,Which expression means '5 more than a number n'?,n + 5 | 5n | n − 5 | 5 − n,,0,
6-3,practice,no,mc,Which expression means 'the product of 7 and a number x'?,7x | 7 + x | x − 7 | x ÷ 7,,0,
6-3,practice,no,mc,Write 'a number y divided by 4' as an expression.,y/4 | 4y | y − 4 | 4 − y,,0,
6-3,practice,no,mc,Which expression means '3 less than twice a number m'?,2m − 3 | 3 − 2m | 2(m − 3) | 3m − 2,,0,
6-3,practice,no,mc,Which expression represents 'the product of 6 and a number n'?,6n | 6 + n | n − 6 | n ÷ 6,,0,
6-3,practice,no,mc,Which expression represents '9 less than a number y'?,y − 9 | 9 − y | y + 9 | 9y,,0,
6-3,practice,no,mc,Which expression represents 'the sum of a number m and 15'?,m + 15 | m − 15 | 15m | m ÷ 15,,0,
6-3,practice,no,mc,Which key word tells you to multiply?,Product | Sum | Difference | Quotient,,0,
6-3,practice,no,paragraph,Sort each key word by the operation it represents.,,,0,
6-3,practice,no,paragraph,Match each word phrase to its correct algebraic expression.,,,0,
6-3,practice,no,paragraph,Match each word phrase to its algebraic expression.,,,0,
6-3,practice,no,paragraph,Complete the table.,,,0,
6-3,practice,no,paragraph,Are these two expressions equivalent? Left: 'the sum of 3 and a number n' → 3 + n. Right: 'a number n increased by 3' → n + 3.,,,0,
6-3,practice,no,paragraph,Find the Translation Error,,,0,
6-3,practice,no,paragraph,"Write a real-world situation that could be modeled by the expression 4n + 10. Explain what the variable n represents, what the coefficient 4 means, and what the constant 10 represents.",,,0,
6-3,practice,no,paragraph,Complete the table.,,,0,
6-3,quiz,yes,mc,Which expression means '5 more than a number n'?,n + 5 | 5n | n − 5 | 5 − n,n + 5,1,'More than' means addition: n + 5.
6-3,quiz,yes,mc,Which expression means 'the product of 7 and a number x'?,7x | 7 + x | x − 7 | x ÷ 7,7x,1,'Product' means multiplication: 7x.
6-3,quiz,yes,mc,Write 'a number y divided by 4' as an expression.,y/4 | 4y | y − 4 | 4 − y,y/4,1,'Divided by 4' means y/4.
6-3,quiz,yes,mc,Which expression means '3 less than twice a number m'?,2m − 3 | 3 − 2m | 2(m − 3) | 3m − 2,2m − 3,1,Twice a number is 2m; '3 less' subtracts 3: 2m − 3.
6-3,quiz,yes,mc,Which expression represents 'the product of 6 and a number n'?,6n | 6 + n | n − 6 | n ÷ 6,6n,1,"'Product' means multiplication, so the product of 6 and n is 6n."
6-3,quiz,yes,mc,Which expression represents '9 less than a number y'?,y − 9 | 9 − y | y + 9 | 9y,y − 9,1,"'Less than' means subtract from the number, so it's y − 9."
6-3,quiz,yes,mc,Which expression represents 'the sum of a number m and 15'?,m + 15 | m − 15 | 15m | m ÷ 15,m + 15,1,"'Sum' means addition, so the sum of m and 15 is m + 15."
6-3,quiz,yes,mc,Which key word tells you to multiply?,Product | Sum | Difference | Quotient,Product,1,"'Product' means multiplication. 'Sum' means addition, 'difference' means subtraction, and 'quotient' means division."
6-3,quiz,yes,mc,Sort each key word by the operation it represents. /  / Where does this belong?  sum,Addition | Subtraction | Multiplication,Addition,1,
6-3,quiz,yes,mc,Sort each key word by the operation it represents. /  / Where does this belong?  more than,Addition | Subtraction | Multiplication,Addition,1,
6-3,quiz,yes,mc,Sort each key word by the operation it represents. /  / Where does this belong?  difference,Addition | Subtraction | Multiplication,Subtraction,1,
6-3,quiz,yes,mc,Sort each key word by the operation it represents. /  / Where does this belong?  less than,Addition | Subtraction | Multiplication,Subtraction,1,
6-3,quiz,yes,mc,Sort each key word by the operation it represents. /  / Where does this belong?  product,Addition | Subtraction | Multiplication,Multiplication,1,
6-3,quiz,yes,mc,Sort each key word by the operation it represents. /  / Where does this belong?  times,Addition | Subtraction | Multiplication,Multiplication,1,
6-3,quiz,yes,mc,Match each word phrase to its algebraic expression. /  / the product of 5 and n,2x + 3 | y ÷ 4 | z + 7 | p + 12 | w − 8 | 5n,5n,1,
6-3,quiz,yes,mc,Match each word phrase to its algebraic expression. /  / 8 less than a number w,z + 7 | 2x + 3 | y ÷ 4 | 5n | p + 12 | w − 8,w − 8,1,
6-3,quiz,yes,mc,Match each word phrase to its algebraic expression. /  / a number p increased by 12,2x + 3 | w − 8 | z + 7 | y ÷ 4 | 5n | p + 12,p + 12,1,
6-3,quiz,yes,mc,"Match each word phrase to its algebraic expression. /  / twice a number x, plus 3",y ÷ 4 | p + 12 | 5n | 2x + 3 | w − 8 | z + 7,2x + 3,1,
6-3,quiz,yes,mc,Match each word phrase to its algebraic expression. /  / a number y divided by 4,5n | z + 7 | w − 8 | 2x + 3 | p + 12 | y ÷ 4,y ÷ 4,1,
6-3,quiz,yes,mc,Match each word phrase to its algebraic expression. /  / 7 more than a number z,2x + 3 | z + 7 | y ÷ 4 | 5n | w − 8 | p + 12,z + 7,1,
6-3,quiz,yes,mc,Exit Ticket: Which expression represents '3 more than twice a number n'?,2n + 3 | 3n + 2 | 2(n + 3) | 2 + 3n,2n + 3,1,'Twice a number n' is 2n. '3 more than' means + 3. So the expression is 2n + 3.
6-4,notes,no,short,"The rule that order does not change a sum or product, like a + b = b + a, is the ___.",,,0,
6-4,notes,no,short,"The rule that grouping does not change a sum or product, like (a + b) + c = a + (b + c), is the ___.",,,0,
6-4,notes,no,short,The rule that adding 0 or multiplying by 1 keeps a number the same is the ___.,,,0,
6-4,notes,no,short,A rule that is always true in math is a ___.,,,0,
6-4,notes,no,short,A number multiplied by a variable is a ___.,,,0,
6-4,notes,no,short,Terms with the same variable part are ___.,,,0,
6-4,notes,no,paragraph,"The band has 3 guitarists, 5 drummers, and 2 keyboard players. Whether you seat guitarists or drummers first, you still have 10 musicians. Which property explains this, and why does it work?",,,0,
6-4,notes,no,paragraph,How can you tell the commutative property from the associative property? Use 6 + 9 = 9 + 6 and (3 + 5) + 2 = 3 + (5 + 2) to explain.,,,0,
6-4,notes,no,paragraph,"To find 4 × 17 × 25 mentally, the engineer rearranges to 4 × 25 × 17 = 100 × 17. Which properties did she use, and why does rearranging help?",,,0,
6-4,notes,no,paragraph,How can you tell the difference between the commutative and associative properties? What clue helps you decide?,,,0,
6-4,notes,no,paragraph,"What properties did the engineer use, and why does rearranging make the calculation easier?",,,0,
6-4,practice,no,mc,Which property is shown by 4 + 7 = 7 + 4?,Commutative Property of Addition | Associative Property | Distributive Property | Identity Property,,0,
6-4,practice,no,mc,Which property is shown by (2 × 3) × 5 = 2 × (3 × 5)?,Associative Property of Multiplication | Commutative Property | Distributive Property | Identity Property,,0,
6-4,practice,no,mc,What number completes the Identity Property: 9 × ___ = 9?,1 | 0 | 9 | 81,,0,
6-4,practice,no,mc,Which equation shows the Distributive Property?,3(x + 2) = 3x + 6 | 3 + x = x + 3 | (3x)y = 3(xy) | x + 0 = x,,0,
6-4,practice,no,mc,Which property is shown? 5 + 13 = 13 + 5,Commutative Property | Associative Property | Identity Property | Distributive Property,,0,
6-4,practice,no,mc,Which property is shown? (6 × 3) × 2 = 6 × (3 × 2),Associative Property | Commutative Property | Identity Property | Distributive Property,,0,
6-4,practice,no,mc,Which property is shown? 47 + 0 = 47,Identity Property | Commutative Property | Associative Property | Distributive Property,,0,
6-4,practice,no,mc,Which property lets you rearrange 8 × 5 to 5 × 8?,Commutative Property | Associative Property | Identity Property | Distributive Property,,0,
6-4,practice,no,paragraph,Sort each equation by the property it shows.,,,0,
6-4,practice,no,paragraph,Match each equation with the property it demonstrates.,,,0,
6-4,practice,no,paragraph,Match each equation to its property.,,,0,
6-4,practice,no,paragraph,Complete the table.,,,0,
6-4,practice,no,paragraph,Do both sides equal the same value? Identify which property proves it. Left: (3 + 8) + 2. Right: 3 + (8 + 2).,,,0,
6-4,practice,no,paragraph,Find the Property Error,,,0,
6-4,practice,no,paragraph,Explain why the commutative property works for addition and multiplication but NOT for subtraction and division. Give a specific number example for each operation to prove your point.,,,0,
6-4,practice,no,paragraph,Complete the table.,,,0,
6-4,quiz,yes,mc,Which property is shown by 4 + 7 = 7 + 4?,Commutative Property of Addition | Associative Property | Distributive Property | Identity Property,Commutative Property of Addition,1,Changing the order of addends shows the Commutative Property.
6-4,quiz,yes,mc,Which property is shown by (2 × 3) × 5 = 2 × (3 × 5)?,Associative Property of Multiplication | Commutative Property | Distributive Property | Identity Property,Associative Property of Multiplication,1,Changing the grouping shows the Associative Property.
6-4,quiz,yes,mc,What number completes the Identity Property: 9 × ___ = 9?,1 | 0 | 9 | 81,1,1,Multiplying by 1 keeps the value the same.
6-4,quiz,yes,mc,Which equation shows the Distributive Property?,3(x + 2) = 3x + 6 | 3 + x = x + 3 | (3x)y = 3(xy) | x + 0 = x,3(x + 2) = 3x + 6,1,Distributing 3 over (x + 2) gives 3x + 6.
6-4,quiz,yes,mc,Which property is shown? 5 + 13 = 13 + 5,Commutative Property | Associative Property | Identity Property | Distributive Property,Commutative Property,1,"The order of the addends changed, so this is the Commutative Property of Addition."
6-4,quiz,yes,mc,Which property is shown? (6 × 3) × 2 = 6 × (3 × 2),Associative Property | Commutative Property | Identity Property | Distributive Property,Associative Property,1,"The grouping (parentheses) changed but the order stayed the same, so this is the Associative Property of Multiplication."
6-4,quiz,yes,mc,Which property is shown? 47 + 0 = 47,Identity Property | Commutative Property | Associative Property | Distributive Property,Identity Property,1,"Adding 0 does not change the value, so this is the Identity Property of Addition."
6-4,quiz,yes,mc,Which property lets you rearrange 8 × 5 to 5 × 8?,Commutative Property | Associative Property | Identity Property | Distributive Property,Commutative Property,1,Changing the order of factors is the Commutative Property of Multiplication.
6-4,quiz,yes,mc,Sort each equation by the property it shows. /  / Where does this belong?  9 + 4 = 4 + 9,Commutative | Associative | Identity,Commutative,1,
6-4,quiz,yes,mc,Sort each equation by the property it shows. /  / Where does this belong?  7 × 1 = 7,Commutative | Associative | Identity,Identity,1,
6-4,quiz,yes,mc,Sort each equation by the property it shows. /  / Where does this belong?  (5 + 1) + 3 = 5 + (1 + 3),Commutative | Associative | Identity,Associative,1,
6-4,quiz,yes,mc,Match each equation with the property it demonstrates. /  / Where does this belong?  a + b = b + a,Commutative | Associative | Identity,Commutative,1,
6-4,quiz,yes,mc,Match each equation with the property it demonstrates. /  / Where does this belong?  x × 1 = x,Commutative | Associative | Identity,Identity,1,
6-4,quiz,yes,mc,Match each equation with the property it demonstrates. /  / Where does this belong?  (m + n) + p = m + (n + p),Commutative | Associative | Identity,Associative,1,
6-4,quiz,yes,mc,Match each equation with the property it demonstrates. /  / Where does this belong?  c × d = d × c,Commutative | Associative | Identity,Commutative,1,
6-4,quiz,yes,mc,Match each equation with the property it demonstrates. /  / Where does this belong?  y + 0 = y,Commutative | Associative | Identity,Identity,1,
6-4,quiz,yes,mc,Match each equation with the property it demonstrates. /  / Where does this belong?  (a × b) × c = a × (b × c),Commutative | Associative | Identity,Associative,1,
6-4,quiz,yes,mc,Match each equation to its property. /  / 7 + 9 = 9 + 7,Identity (Mult) | Commutative (Mult) | Associative (Mult) | Identity (Add) | Associative (Add) | Commutative (Add),Commutative (Add),1,
6-4,quiz,yes,mc,Match each equation to its property. /  / (2 × 5) × 3 = 2 × (5 × 3),Identity (Mult) | Identity (Add) | Associative (Add) | Associative (Mult) | Commutative (Add) | Commutative (Mult),Associative (Mult),1,
6-4,quiz,yes,mc,Match each equation to its property. /  / 15 × 1 = 15,Identity (Add) | Commutative (Mult) | Identity (Mult) | Associative (Add) | Associative (Mult) | Commutative (Add),Identity (Mult),1,
6-4,quiz,yes,mc,Match each equation to its property. /  / 0 + 23 = 23,Commutative (Add) | Identity (Add) | Identity (Mult) | Associative (Mult) | Associative (Add) | Commutative (Mult),Identity (Add),1,
6-4,quiz,yes,mc,Match each equation to its property. /  / 6 × 4 = 4 × 6,Commutative (Add) | Associative (Mult) | Commutative (Mult) | Identity (Mult) | Associative (Add) | Identity (Add),Commutative (Mult),1,
6-4,quiz,yes,mc,Match each equation to its property. /  / (8 + 3) + 7 = 8 + (3 + 7),Associative (Mult) | Identity (Add) | Associative (Add) | Commutative (Add) | Commutative (Mult) | Identity (Mult),Associative (Add),1,
6-4,quiz,yes,mc,Exit Ticket: Which property is shown? (8 + 5) + 2 = 8 + (5 + 2),Associative Property | Commutative Property | Identity Property | Distributive Property,Associative Property,1,"The grouping (parentheses) changed but the numbers stayed in the same order, so this is the Associative Property of Addition."
6-5,notes,no,short,The rule that a(b + c) = ab + ac is the ___.,,,0,
6-5,notes,no,short,"To rewrite a sum as a product, like 3x + 12 = 3(x + 4), is to ___.",,,0,
6-5,notes,no,short,"To multiply out a product over a sum, like 3(x + 4) = 3x + 12, is to ___.",,,0,
6-5,notes,no,short,Two expressions that always have the same value are ___.,,,0,
6-5,notes,no,short,A number multiplied by a variable is a ___.,,,0,
6-5,notes,no,short,Terms with the same variable part are ___.,,,0,
6-5,notes,no,paragraph,"Each bundle is a ticket ($15) and a snack ($5). For 3 people, why does 3(15 + 5) give the same $60 as 3 × 15 + 3 × 5?",,,0,
6-5,notes,no,paragraph,"When you expand 5(2x + 4), why must the 5 multiply BOTH terms inside the parentheses?",,,0,
6-5,notes,no,paragraph,"For 8 practice rooms each needing a music stand ($12) and a stool ($9), the cost is 8(12 + 9). How do you use the distributive property to find the total, and which form is easier for you?",,,0,
6-5,notes,no,paragraph,What pattern do you see when you expand an expression using the distributive property?,,,0,
6-5,notes,no,paragraph,Use the distributive property to find the total cost. Which way of calculating is easier for you?,,,0,
6-5,practice,no,mc,Use the Distributive Property: 4(x + 3) = ?,4x + 12 | 4x + 3 | x + 12 | 4x + 7,,0,
6-5,practice,no,mc,Use the Distributive Property: 5(2x − 1) = ?,10x − 5 | 10x − 1 | 7x − 5 | 10x + 5,,0,
6-5,practice,no,mc,Which expression is equal to 6x + 18 using a common factor?,6(x + 3) | 6(x + 18) | x(6 + 18) | 6(x + 12),,0,
6-5,practice,no,mc,Use the Distributive Property to compute 7 × 104.,728 | 700 | 98 | 742,,0,
6-5,practice,no,mc,Expand 6(n + 3) using the distributive property.,6n + 18 | 6n + 3 | n + 18 | 6n + 9,,0,
6-5,practice,no,mc,Expand 4(5 − 2) using the distributive property.,12 | 20 − 2 | 9 | 22,,0,
6-5,practice,no,mc,Expand 3(x + 4) using the distributive property.,3x + 12 | 3x + 4 | x + 12 | 7x,,0,
6-5,practice,no,mc,"When using the distributive property with a(b + c), you must multiply 'a' by:","Both b and c | Only b | Only c | b + c first, then multiply",,0,
6-5,practice,no,paragraph,Complete the table.,,,0,
6-5,practice,no,paragraph,Complete the table.,,,0,
6-5,practice,no,paragraph,Match each factored form to its expanded form.,,,0,
6-5,practice,no,paragraph,"Expand each expression, then sort by whether the expanded form has a constant greater than 15 or not.",,,0,
6-5,practice,no,paragraph,Are these expressions equivalent? Left: 4(x + 3). Right: 4x + 12. Test with x = 5.,,,0,
6-5,practice,no,paragraph,Find the Distributive Error,,,0,
6-5,practice,no,paragraph,Use the distributive property to explain why 6 × 98 can be calculated as 6 × 100 − 6 × 2 = 588. Then create your own example of using the distributive property to make multiplication easier.,,,0,
6-5,practice,no,paragraph,Complete the table.,,,0,
6-5,quiz,yes,mc,Use the Distributive Property: 4(x + 3) = ?,4x + 12 | 4x + 3 | x + 12 | 4x + 7,4x + 12,1,4 × x + 4 × 3 = 4x + 12.
6-5,quiz,yes,mc,Use the Distributive Property: 5(2x − 1) = ?,10x − 5 | 10x − 1 | 7x − 5 | 10x + 5,10x − 5,1,5 × 2x − 5 × 1 = 10x − 5.
6-5,quiz,yes,mc,Which expression is equal to 6x + 18 using a common factor?,6(x + 3) | 6(x + 18) | x(6 + 18) | 6(x + 12),6(x + 3),1,The GCF of 6x and 18 is 6: 6(x + 3).
6-5,quiz,yes,mc,Use the Distributive Property to compute 7 × 104.,728 | 700 | 98 | 742,728,1,7 × 104 = 7 × 100 + 7 × 4 = 700 + 28 = 728.
6-5,quiz,yes,mc,Expand 6(n + 3) using the distributive property.,6n + 18 | 6n + 3 | n + 18 | 6n + 9,6n + 18,1,6(n + 3) = 6 × n + 6 × 3 = 6n + 18.
6-5,quiz,yes,mc,Expand 4(5 − 2) using the distributive property.,12 | 20 − 2 | 9 | 22,12,1,4(5 − 2) = 4 × 5 − 4 × 2 = 20 − 8 = 12.
6-5,quiz,yes,mc,Expand 3(x + 4) using the distributive property.,3x + 12 | 3x + 4 | x + 12 | 7x,3x + 12,1,3(x + 4) = 3 × x + 3 × 4 = 3x + 12.
6-5,quiz,yes,mc,"When using the distributive property with a(b + c), you must multiply 'a' by:","Both b and c | Only b | Only c | b + c first, then multiply",Both b and c,1,The distributive property says a(b + c) = ab + ac. You multiply the outside factor by EACH term inside the parentheses.
6-5,quiz,yes,mc,Match each factored form to its expanded form. /  / 2(x + 9),12m + 6 | 2x + 18 | 21 − 3y | 4a + 24 | 8x − 24 | 15n − 10,2x + 18,1,
6-5,quiz,yes,mc,Match each factored form to its expanded form. /  / 5(3n − 2),21 − 3y | 2x + 18 | 4a + 24 | 12m + 6 | 8x − 24 | 15n − 10,15n − 10,1,
6-5,quiz,yes,mc,Match each factored form to its expanded form. /  / 4(a + 6),12m + 6 | 4a + 24 | 8x − 24 | 21 − 3y | 2x + 18 | 15n − 10,4a + 24,1,
6-5,quiz,yes,mc,Match each factored form to its expanded form. /  / 3(7 − y),12m + 6 | 8x − 24 | 21 − 3y | 15n − 10 | 2x + 18 | 4a + 24,21 − 3y,1,
6-5,quiz,yes,mc,Match each factored form to its expanded form. /  / 6(2m + 1),15n − 10 | 12m + 6 | 4a + 24 | 2x + 18 | 21 − 3y | 8x − 24,12m + 6,1,
6-5,quiz,yes,mc,Match each factored form to its expanded form. /  / 8(x − 3),8x − 24 | 2x + 18 | 21 − 3y | 15n − 10 | 12m + 6 | 4a + 24,8x − 24,1,
6-5,quiz,yes,mc,"Expand each expression, then sort by whether the expanded form has a constant greater than 15 or not. /  / Where does this belong?  3(x + 7) = 3x + 21",Constant > 15 | Constant ≤ 15,Constant > 15,1,
6-5,quiz,yes,mc,"Expand each expression, then sort by whether the expanded form has a constant greater than 15 or not. /  / Where does this belong?  2(n + 5) = 2n + 10",Constant > 15 | Constant ≤ 15,Constant ≤ 15,1,
6-5,quiz,yes,mc,"Expand each expression, then sort by whether the expanded form has a constant greater than 15 or not. /  / Where does this belong?  5(a + 4) = 5a + 20",Constant > 15 | Constant ≤ 15,Constant > 15,1,
6-5,quiz,yes,mc,"Expand each expression, then sort by whether the expanded form has a constant greater than 15 or not. /  / Where does this belong?  4(y − 2) = 4y − 8",Constant > 15 | Constant ≤ 15,Constant ≤ 15,1,
6-5,quiz,yes,mc,"Expand each expression, then sort by whether the expanded form has a constant greater than 15 or not. /  / Where does this belong?  6(m + 3) = 6m + 18",Constant > 15 | Constant ≤ 15,Constant > 15,1,
6-5,quiz,yes,mc,"Expand each expression, then sort by whether the expanded form has a constant greater than 15 or not. /  / Where does this belong?  2(3x + 1) = 6x + 2",Constant > 15 | Constant ≤ 15,Constant ≤ 15,1,
6-5,quiz,yes,mc,Exit Ticket: Which expression is equivalent to 7(x + 3)?,7x + 21 | 7x + 3 | x + 21 | 7x + 10,7x + 21,1,7(x + 3) = 7 × x + 7 × 3 = 7x + 21.
6-6,notes,no,short,Equivalent: ___,,,0,
6-6,notes,no,short,To write an expression in its shortest equal form is to ___ it.,,,0,
6-6,notes,no,short,"Terms with the same variable raised to the same power, like 4x and 9x, are ___.",,,0,
6-6,notes,no,short,To add or subtract like terms into one term is to ___ them.,,,0,
6-6,notes,no,short,A number multiplied by a variable is a ___.,,,0,
6-6,notes,no,paragraph,Producer A wrote 3x + 2x + 10 and Producer B wrote 5x + 10. They look different but both give 30 when x = 4. Why are they equivalent?,,,0,
6-6,notes,no,paragraph,How can you prove 2(n + 4) and 2n + 8 are equivalent? What two strategies could you use?,,,0,
6-6,notes,no,paragraph,Client A pays 4h + 2h + 30 and Client B pays 6h + 30. Is the pricing fair (equivalent)? How can you prove it?,,,0,
6-6,notes,no,paragraph,How did you decide which expressions belong in the same group? What strategies did you use?,,,0,
6-6,notes,no,paragraph,Are these expressions equivalent? How can you prove it?,,,0,
6-6,practice,no,mc,Which expression is equivalent to 3x + 3x?,6x | 9x | 3x² | x + 6,,0,
6-6,practice,no,mc,Which expression is equivalent to 2(x + 4)?,2x + 8 | 2x + 4 | x + 8 | 2x + 6,,0,
6-6,practice,no,mc,Are 4x + 2 and 2(2x + 1) equivalent?,"Yes, they are equal for every value of x | No, never | Only when x = 0 | Only when x = 1",,0,
6-6,practice,no,mc,Which expression is NOT equivalent to 5x + 10?,5x + 5 | 5(x + 2) | 10 + 5x | x·5 + 10,,0,
6-6,practice,no,mc,Which expression is equivalent to 4x + 3x?,7x | 12x | 7x² | 43x,,0,
6-6,practice,no,mc,Which expression is equivalent to 2(m + 5)?,2m + 10 | 2m + 5 | m + 10 | 7m,,0,
6-6,practice,no,mc,Which property is shown: 3(x + 7) = 3x + 21?,Distributive | Commutative | Associative | Identity,,0,
6-6,practice,no,mc,Simplify: 5n + 2n,7n | 10n | 7n² | 52n,,0,
6-6,practice,no,paragraph,Sort each pair of expressions by whether they are equivalent or not.,,,0,
6-6,practice,no,paragraph,Match each expression with its simplified form.,,,0,
6-6,practice,no,paragraph,Match each expression to its simplified equivalent.,,,0,
6-6,practice,no,paragraph,Complete the table.,,,0,
6-6,practice,no,paragraph,Are these equivalent? Test with x = 2. Left: 3x + 2x + 4. Right: 5x + 4.,,,0,
6-6,practice,no,paragraph,Find the Simplification Error,,,0,
6-6,practice,no,paragraph,"A student says 2x + 3 and 5x are equivalent because both equal 5 when x = 1. Is the student correct? Explain why testing one value is not enough to prove equivalence, and find a value of x where they give different results.",,,0,
6-6,practice,no,paragraph,Complete the table.,,,0,
6-6,quiz,yes,mc,Which expression is equivalent to 3x + 3x?,6x | 9x | 3x² | x + 6,6x,1,Adding like terms: 3x + 3x = 6x.
6-6,quiz,yes,mc,Which expression is equivalent to 2(x + 4)?,2x + 8 | 2x + 4 | x + 8 | 2x + 6,2x + 8,1,Distribute: 2x + 8.
6-6,quiz,yes,mc,Are 4x + 2 and 2(2x + 1) equivalent?,"Yes, they are equal for every value of x | No, never | Only when x = 0 | Only when x = 1","Yes, they are equal for every value of x",1,"2(2x + 1) = 4x + 2, so they are equivalent for all x."
6-6,quiz,yes,mc,Which expression is NOT equivalent to 5x + 10?,5x + 5 | 5(x + 2) | 10 + 5x | x·5 + 10,5x + 5,1,5x + 5 is different; the others all equal 5x + 10.
6-6,quiz,yes,mc,Which expression is equivalent to 4x + 3x?,7x | 12x | 7x² | 43x,7x,1,4x + 3x = 7x. Combine the coefficients: 4 + 3 = 7.
6-6,quiz,yes,mc,Which expression is equivalent to 2(m + 5)?,2m + 10 | 2m + 5 | m + 10 | 7m,2m + 10,1,2(m + 5) = 2m + 10 using the distributive property.
6-6,quiz,yes,mc,Which property is shown: 3(x + 7) = 3x + 21?,Distributive | Commutative | Associative | Identity,Distributive,1,Multiplying 3 by each term inside the parentheses is the distributive property.
6-6,quiz,yes,mc,Simplify: 5n + 2n,7n | 10n | 7n² | 52n,7n,1,5n + 2n = 7n. Add the coefficients: 5 + 2 = 7. The variable stays as n.
6-6,quiz,yes,mc,Sort each pair of expressions by whether they are equivalent or not. /  / Where does this belong?  3x + 2x and 5x,Equivalent | Not Equivalent,Equivalent,1,
6-6,quiz,yes,mc,Sort each pair of expressions by whether they are equivalent or not. /  / Where does this belong?  2(n + 4) and 2n + 8,Equivalent | Not Equivalent,Equivalent,1,
6-6,quiz,yes,mc,Sort each pair of expressions by whether they are equivalent or not. /  / Where does this belong?  4a + 3 and 7a,Equivalent | Not Equivalent,Not Equivalent,1,
6-6,quiz,yes,mc,Sort each pair of expressions by whether they are equivalent or not. /  / Where does this belong?  x + x and 2x,Equivalent | Not Equivalent,Equivalent,1,
6-6,quiz,yes,mc,Sort each pair of expressions by whether they are equivalent or not. /  / Where does this belong?  3y + 2 and 5y,Equivalent | Not Equivalent,Not Equivalent,1,
6-6,quiz,yes,mc,Match each expression to its simplified equivalent. /  / 6x + 2x,5a + 7 | 8x | 6y − 8 | 5x + 10 | 3n + 15 | 6m + 1,8x,1,
6-6,quiz,yes,mc,Match each expression to its simplified equivalent. /  / 3(n + 5),6m + 1 | 5a + 7 | 6y − 8 | 3n + 15 | 5x + 10 | 8x,3n + 15,1,
6-6,quiz,yes,mc,Match each expression to its simplified equivalent. /  / 4a + 7 + a,6m + 1 | 3n + 15 | 5a + 7 | 5x + 10 | 8x | 6y − 8,5a + 7,1,
6-6,quiz,yes,mc,Match each expression to its simplified equivalent. /  / 2(3y − 4),8x | 3n + 15 | 6m + 1 | 5a + 7 | 6y − 8 | 5x + 10,6y − 8,1,
6-6,quiz,yes,mc,Match each expression to its simplified equivalent. /  / 10m − 4m + 1,5x + 10 | 5a + 7 | 3n + 15 | 6m + 1 | 8x | 6y − 8,6m + 1,1,
6-6,quiz,yes,mc,Match each expression to its simplified equivalent. /  / 5(x + 2),3n + 15 | 5x + 10 | 6y − 8 | 8x | 5a + 7 | 6m + 1,5x + 10,1,
6-6,quiz,yes,mc,Exit Ticket: Which expression is equivalent to 6n + 4 + 3n − 1?,9n + 3 | 9n + 5 | 63n | 18n + 4,9n + 3,1,"6n + 3n = 9n and 4 − 1 = 3, so the simplified expression is 9n + 3."
6-7,notes,no,short,"Terms with the same variable part, like 3y and 8y, are ___.",,,0,
6-7,notes,no,short,To add or subtract like terms into a single term is to ___ them.,,,0,
6-7,notes,no,short,To write an expression in its shortest equal form is to ___ it.,,,0,
6-7,notes,no,short,The number multiplied by a variable is the ___.,,,0,
6-7,notes,no,short,A number or variable separated by + or − signs is a ___.,,,0,
6-7,notes,no,short,Multiplying each part of a sum by a number uses the ___ property.,,,0,
6-7,notes,no,paragraph,Three rooms need microphones and stands. Why can you add all the microphones together (4 + 2 + 6) but not mix microphones with stands?,,,0,
6-7,notes,no,paragraph,"To simplify 6x + 4 + 2x + 7, which are the like terms, and how do you combine them?",,,0,
6-7,notes,no,paragraph,"The festival order is (8m + 5) + (3m + 7) + (4m + 2), where m is microphones per stage. What does the simplified expression tell you?",,,0,
6-7,notes,no,paragraph,What rule determines whether two terms are 'like terms'? Why can't you combine unlike terms?,,,0,
6-7,notes,no,paragraph,Simplify the total order expression. What does each part of the simplified expression tell you?,,,0,
6-7,practice,no,mc,Simplify: 4x + 3 + 2x.,6x + 3 | 9x | 6x + 5 | 4x + 5,,0,
6-7,practice,no,mc,Simplify: 7y − 2y + 5.,5y + 5 | 9y + 5 | 5y − 5 | 10y,,0,
6-7,practice,no,mc,Simplify: 3(x + 2) + 4x.,7x + 6 | 3x + 6 | 7x + 2 | 12x,,0,
6-7,practice,no,mc,Simplify: 8a + 4 − 3a − 1.,5a + 3 | 5a + 5 | 11a + 3 | 5a − 3,,0,
6-7,practice,no,mc,Simplify 7x + 3x.,10x | 10x² | 21x | 73x,,0,
6-7,practice,no,mc,Simplify 9n + 4 + 2n.,11n + 4 | 15n | 11n² + 4 | 92n + 4,,0,
6-7,practice,no,mc,Which pair are like terms?,6x and 2x | 6x and 6y | 6x and 6 | 6x and 2x²,,0,
6-7,practice,no,mc,Simplify 5a + 3 + 2a.,7a + 3 | 10a | 7a² + 3 | 52a + 3,,0,
6-7,practice,no,paragraph,Sort each pair of terms by whether they are like terms (can be combined) or not.,,,0,
6-7,practice,no,paragraph,Complete the table.,,,0,
6-7,practice,no,paragraph,Match each expression to its simplified form.,,,0,
6-7,practice,no,paragraph,"Simplify each expression, then sort by whether the simplified coefficient of the variable is greater than 6 or not.",,,0,
6-7,practice,no,paragraph,Are these equivalent? Simplify both sides. Left: 3x + 4x + 2. Right: 7x + 2.,,,0,
6-7,practice,no,paragraph,Find the Simplification Error,,,0,
6-7,practice,no,paragraph,Three students simplified 4x + 3 + 2x + 5 + x differently. Student A got 7x + 8. Student B got 7x² + 8. Student C got 6x + 9. Who is correct? Explain the mistakes the other two students made.,,,0,
6-7,practice,no,paragraph,Complete the table.,,,0,
6-7,quiz,yes,mc,Simplify: 4x + 3 + 2x.,6x + 3 | 9x | 6x + 5 | 4x + 5,6x + 3,1,"Combine like terms 4x + 2x = 6x, then add 3: 6x + 3."
6-7,quiz,yes,mc,Simplify: 7y − 2y + 5.,5y + 5 | 9y + 5 | 5y − 5 | 10y,5y + 5,1,"7y − 2y = 5y, so 5y + 5."
6-7,quiz,yes,mc,Simplify: 3(x + 2) + 4x.,7x + 6 | 3x + 6 | 7x + 2 | 12x,7x + 6,1,3x + 6 + 4x = 7x + 6.
6-7,quiz,yes,mc,Simplify: 8a + 4 − 3a − 1.,5a + 3 | 5a + 5 | 11a + 3 | 5a − 3,5a + 3,1,8a − 3a = 5a; 4 − 1 = 3; result 5a + 3.
6-7,quiz,yes,mc,Simplify 7x + 3x.,10x | 10x² | 21x | 73x,10x,1,7x + 3x = 10x. Add the coefficients: 7 + 3 = 10.
6-7,quiz,yes,mc,Simplify 9n + 4 + 2n.,11n + 4 | 15n | 11n² + 4 | 92n + 4,11n + 4,1,"9n + 2n = 11n. The constant 4 has no like term, so it stays. Result: 11n + 4."
6-7,quiz,yes,mc,Which pair are like terms?,6x and 2x | 6x and 6y | 6x and 6 | 6x and 2x²,6x and 2x,1,6x and 2x are like terms because they both have the same variable (x) raised to the same power (1).
6-7,quiz,yes,mc,Simplify 5a + 3 + 2a.,7a + 3 | 10a | 7a² + 3 | 52a + 3,7a + 3,1,5a + 2a = 7a. The constant 3 stays. Result: 7a + 3.
6-7,quiz,yes,mc,Sort each pair of terms by whether they are like terms (can be combined) or not. /  / Where does this belong?  4m and 7m,Like Terms | Not Like Terms,Like Terms,1,
6-7,quiz,yes,mc,Sort each pair of terms by whether they are like terms (can be combined) or not. /  / Where does this belong?  3x and 3y,Like Terms | Not Like Terms,Not Like Terms,1,
6-7,quiz,yes,mc,Sort each pair of terms by whether they are like terms (can be combined) or not. /  / Where does this belong?  5n and n,Like Terms | Not Like Terms,Like Terms,1,
6-7,quiz,yes,mc,Sort each pair of terms by whether they are like terms (can be combined) or not. /  / Where does this belong?  8 and 2p,Like Terms | Not Like Terms,Not Like Terms,1,
6-7,quiz,yes,mc,Sort each pair of terms by whether they are like terms (can be combined) or not. /  / Where does this belong?  6a and 9a,Like Terms | Not Like Terms,Like Terms,1,
6-7,quiz,yes,mc,Sort each pair of terms by whether they are like terms (can be combined) or not. /  / Where does this belong?  2x² and 2x,Like Terms | Not Like Terms,Not Like Terms,1,
6-7,quiz,yes,mc,Match each expression to its simplified form. /  / 8x + 3x + 1,7y | 3a + 7 | 5n + 6 | 11x + 1 | 7m + 10 | 6p + 1,11x + 1,1,
6-7,quiz,yes,mc,Match each expression to its simplified form. /  / 5a − 2a + 7,6p + 1 | 5n + 6 | 7y | 3a + 7 | 11x + 1 | 7m + 10,3a + 7,1,
6-7,quiz,yes,mc,Match each expression to its simplified form. /  / 4n + n + 6,11x + 1 | 7m + 10 | 6p + 1 | 7y | 3a + 7 | 5n + 6,5n + 6,1,
6-7,quiz,yes,mc,Match each expression to its simplified form. /  / 12y − 5y,6p + 1 | 7m + 10 | 3a + 7 | 5n + 6 | 7y | 11x + 1,7y,1,
6-7,quiz,yes,mc,Match each expression to its simplified form. /  / 3m + 8 + 4m + 2,7m + 10 | 6p + 1 | 7y | 3a + 7 | 11x + 1 | 5n + 6,7m + 10,1,
6-7,quiz,yes,mc,Match each expression to its simplified form. /  / 9p + 1 − 3p,11x + 1 | 3a + 7 | 7m + 10 | 5n + 6 | 7y | 6p + 1,6p + 1,1,
6-7,quiz,yes,mc,"Simplify each expression, then sort by whether the simplified coefficient of the variable is greater than 6 or not. /  / Where does this belong?  4x + 5x = 9x → coefficient 9",Coefficient > 6 | Coefficient ≤ 6,Coefficient > 6,1,
6-7,quiz,yes,mc,"Simplify each expression, then sort by whether the simplified coefficient of the variable is greater than 6 or not. /  / Where does this belong?  8n − 3n = 5n → coefficient 5",Coefficient > 6 | Coefficient ≤ 6,Coefficient ≤ 6,1,
6-7,quiz,yes,mc,"Simplify each expression, then sort by whether the simplified coefficient of the variable is greater than 6 or not. /  / Where does this belong?  3a + a + 4a = 8a → coefficient 8",Coefficient > 6 | Coefficient ≤ 6,Coefficient > 6,1,
6-7,quiz,yes,mc,"Simplify each expression, then sort by whether the simplified coefficient of the variable is greater than 6 or not. /  / Where does this belong?  10m − 7m = 3m → coefficient 3",Coefficient > 6 | Coefficient ≤ 6,Coefficient ≤ 6,1,
6-7,quiz,yes,mc,"Simplify each expression, then sort by whether the simplified coefficient of the variable is greater than 6 or not. /  / Where does this belong?  2y + 5y = 7y → coefficient 7",Coefficient > 6 | Coefficient ≤ 6,Coefficient > 6,1,
6-7,quiz,yes,mc,"Simplify each expression, then sort by whether the simplified coefficient of the variable is greater than 6 or not. /  / Where does this belong?  6p − p = 5p → coefficient 5",Coefficient > 6 | Coefficient ≤ 6,Coefficient ≤ 6,1,
6-7,quiz,yes,mc,Exit Ticket: Simplify 6x + 3 + 2x + 5.,8x + 8 | 8x² + 8 | 62x + 35 | 16x,8x + 8,1,"6x + 2x = 8x and 3 + 5 = 8, so the simplified expression is 8x + 8."
7-1,notes,no,short,"A math sentence that says two amounts are equal, with an = sign, is an ___.",,,0,
7-1,notes,no,short,A letter that stands for an unknown number is a ___.,,,0,
7-1,notes,no,short,The symbol = that shows two amounts are the same is the ___.,,,0,
7-1,notes,no,short,A group of numbers and variables with no equal sign is an ___.,,,0,
7-1,notes,no,short,A fixed number that does not change is a ___.,,,0,
7-1,notes,no,short,The value you are trying to find in an equation is the ___.,,,0,
7-1,notes,no,paragraph,"Detective Ruiz's clue says 'a number of stolen gems plus 8 more equals 20 total.' How would you turn this clue into an equation, and what does each part stand for?",,,0,
7-1,notes,no,paragraph,On the balance scale you put n + 8 on one side and 20 on the other. How did you decide what belongs on each side of the equal sign?,,,0,
7-1,notes,no,paragraph,When would writing an equation help you solve a real problem instead of just guessing?,,,0,
7-1,notes,no,paragraph,How did you decide what expression to put on each side of the balance?,,,0,
7-1,notes,no,paragraph,How many paintings has the detective recovered? How did writing an equation help you understand the situation?,,,0,
7-1,practice,no,mc,Which equation means 'a number x plus 7 equals 12'?,x + 7 = 12 | 7x = 12 | x − 7 = 12 | x/7 = 12,,0,
7-1,practice,no,mc,A book costs $9 more than a pen. The book costs $14. Which equation finds the pen's price p?,p + 9 = 14 | 9p = 14 | p − 9 = 14 | 14p = 9,,0,
7-1,practice,no,mc,Which equation represents '3 times a number equals 21'?,3n = 21 | n + 3 = 21 | n/3 = 21 | n − 3 = 21,,0,
7-1,practice,no,mc,Tickets cost $8 each. Which equation finds the number of tickets t bought for $48?,8t = 48 | t + 8 = 48 | t/8 = 48 | 48t = 8,,0,
7-1,practice,no,mc,Which equation represents: 'A number plus 12 equals 30'?,n + 12 = 30 | n − 12 = 30 | 12n = 30 | n / 12 = 30,,0,
7-1,practice,no,mc,Which equation represents: 'Seven less than a number is 18'?,n − 7 = 18 | 7 − n = 18 | n + 7 = 18 | n / 7 = 18,,0,
7-1,practice,no,mc,Which equation represents: 'Three times a number equals 21'?,3n = 21 | n + 3 = 21 | n − 3 = 21 | n / 3 = 21,,0,
7-1,practice,no,mc,Which equation represents: 'A number divided by 4 equals 8'?,n / 4 = 8 | 4n = 8 | n − 4 = 8 | n + 4 = 8,,0,
7-1,practice,no,paragraph,Sort each word phrase into the operation it represents.,,,0,
7-1,practice,no,paragraph,Match each situation to its equation,,,0,
7-1,practice,no,paragraph,"For each situation, identify what the variable represents and write the equation.",,,0,
7-1,practice,no,mc,"A detective found some fingerprints on Monday and 14 more on Tuesday, for a total of 30. Which equation represents this?",f + 14 = 30 | f − 14 = 30 | 14f = 30 | f / 14 = 30,,0,
7-1,practice,no,paragraph,Is each side balanced?,,,0,
7-1,practice,no,paragraph,Find the Equation Error,,,0,
7-1,practice,no,paragraph,Write a real-world situation that can be modeled by the equation n / 5 = 9. Explain what n represents and verify your equation makes sense.,,,0,
7-1,practice,no,paragraph,"For each equation, explain why one situation matches and the other does not.",,,0,
7-1,quiz,yes,mc,Which equation means 'a number x plus 7 equals 12'?,x + 7 = 12 | 7x = 12 | x − 7 = 12 | x/7 = 12,x + 7 = 12,1,'Plus 7 equals 12' is x + 7 = 12.
7-1,quiz,yes,mc,A book costs $9 more than a pen. The book costs $14. Which equation finds the pen's price p?,p + 9 = 14 | 9p = 14 | p − 9 = 14 | 14p = 9,p + 9 = 14,1,Pen plus 9 equals 14: p + 9 = 14.
7-1,quiz,yes,mc,Which equation represents '3 times a number equals 21'?,3n = 21 | n + 3 = 21 | n/3 = 21 | n − 3 = 21,3n = 21,1,"'3 times a number' is 3n, equal to 21."
7-1,quiz,yes,mc,Tickets cost $8 each. Which equation finds the number of tickets t bought for $48?,8t = 48 | t + 8 = 48 | t/8 = 48 | 48t = 8,8t = 48,1,Cost per ticket times number of tickets equals total: 8t = 48.
7-1,quiz,yes,mc,Which equation represents: 'A number plus 12 equals 30'?,n + 12 = 30 | n − 12 = 30 | 12n = 30 | n / 12 = 30,n + 12 = 30,1,"'Plus' means addition, so the equation is n + 12 = 30."
7-1,quiz,yes,mc,Which equation represents: 'Seven less than a number is 18'?,n − 7 = 18 | 7 − n = 18 | n + 7 = 18 | n / 7 = 18,n − 7 = 18,1,'Seven less than a number' means start with the number and subtract 7: n − 7 = 18.
7-1,quiz,yes,mc,Which equation represents: 'Three times a number equals 21'?,3n = 21 | n + 3 = 21 | n − 3 = 21 | n / 3 = 21,3n = 21,1,"'Three times' means multiply by 3, so the equation is 3n = 21."
7-1,quiz,yes,mc,Which equation represents: 'A number divided by 4 equals 8'?,n / 4 = 8 | 4n = 8 | n − 4 = 8 | n + 4 = 8,n / 4 = 8,1,'Divided by 4' means division: n / 4 = 8.
7-1,quiz,yes,mc,"A detective found some fingerprints on Monday and 14 more on Tuesday, for a total of 30. Which equation represents this?",f + 14 = 30 | f − 14 = 30 | 14f = 30 | f / 14 = 30,f + 14 = 30,1,The detective's Monday fingerprints (f) plus 14 more equals 30: f + 14 = 30.
7-1,quiz,yes,mc,"Match each situation to its equation /  / A detective has some cases. After getting 9 new cases, she has 22.",n + 9 = 22 | n − 6 = 15 | 4n = 28 | n / 3 = 12,n + 9 = 22,1,
7-1,quiz,yes,mc,Match each situation to its equation /  / A suspect's age divided by 3 equals 12.,n + 9 = 22 | n / 3 = 12 | 4n = 28 | n − 6 = 15,n / 3 = 12,1,
7-1,quiz,yes,mc,Match each situation to its equation /  / Four times the number of fingerprints equals 28.,4n = 28 | n / 3 = 12 | n − 6 = 15 | n + 9 = 22,4n = 28,1,
7-1,quiz,yes,mc,"Match each situation to its equation /  / A detective had some clues. After removing 6, she had 15 left.",n + 9 = 22 | 4n = 28 | n − 6 = 15 | n / 3 = 12,n − 6 = 15,1,
7-1,quiz,yes,mc,Exit Ticket: Which equation represents: 'A number divided by 6 equals 9'?,n / 6 = 9 | 6n = 9 | n − 6 = 9 | n + 6 = 9,n / 6 = 9,1,'Divided by 6' means division: n / 6 = 9. Check: 54 / 6 = 9 ✓
7-1-flagship,notes,no,short,"A math sentence that says two amounts are equal, with an = sign, is an ___.",,,0,
7-1-flagship,notes,no,short,A letter that stands for an unknown number is a ___.,,,0,
7-1-flagship,notes,no,short,The symbol = that shows two amounts are the same is the ___.,,,0,
7-1-flagship,notes,no,short,A group of numbers and variables with no equal sign is an ___.,,,0,
7-1-flagship,notes,no,paragraph,"Detective Ruiz's clue says 'a number of stolen gems plus 8 more equals 20 total.' How would you turn this clue into an equation, and what does each part stand for?",,,0,
7-1-flagship,notes,no,paragraph,On the balance scale you put n + 8 on one side and 20 on the other. How did you decide what belongs on each side of the equal sign?,,,0,
7-1-flagship,notes,no,paragraph,When would writing an equation help you solve a real problem instead of just guessing?,,,0,
7-1-flagship,notes,no,paragraph,How did you decide what expression to put on each side of the balance?,,,0,
7-1-flagship,notes,no,paragraph,How many paintings has the detective recovered? How did writing an equation help you understand the situation?,,,0,
7-1-flagship,practice,no,mc,Which equation represents: 'A number plus 12 equals 30'?,n + 12 = 30 | n − 12 = 30 | 12n = 30 | n / 12 = 30,,0,
7-1-flagship,practice,no,mc,Which equation represents: 'Seven less than a number is 18'?,n − 7 = 18 | 7 − n = 18 | n + 7 = 18 | n / 7 = 18,,0,
7-1-flagship,practice,no,mc,Which equation represents: 'Three times a number equals 21'?,3n = 21 | n + 3 = 21 | n − 3 = 21 | n / 3 = 21,,0,
7-1-flagship,practice,no,mc,Which equation represents: 'A number divided by 4 equals 8'?,n / 4 = 8 | 4n = 8 | n − 4 = 8 | n + 4 = 8,,0,
7-1-flagship,practice,no,paragraph,Sort each word phrase into the operation it represents.,,,0,
7-1-flagship,practice,no,paragraph,Match each situation to its equation,,,0,
7-1-flagship,practice,no,paragraph,"For each situation, identify what the variable represents and write the equation.",,,0,
7-1-flagship,practice,no,mc,"A detective found some fingerprints on Monday and 14 more on Tuesday, for a total of 30. Which equation represents this?",f + 14 = 30 | f − 14 = 30 | 14f = 30 | f / 14 = 30,,0,
7-1-flagship,practice,no,paragraph,Is each side balanced?,,,0,
7-1-flagship,practice,no,paragraph,Find the Equation Error,,,0,
7-1-flagship,practice,no,paragraph,Write a real-world situation that can be modeled by the equation n / 5 = 9. Explain what n represents and verify your equation makes sense.,,,0,
7-1-flagship,practice,no,paragraph,"For each equation, explain why one situation matches and the other does not.",,,0,
7-1-flagship,quiz,yes,mc,Which equation represents: 'A number plus 12 equals 30'?,n + 12 = 30 | n − 12 = 30 | 12n = 30 | n / 12 = 30,n + 12 = 30,1,"'Plus' means addition, so the equation is n + 12 = 30."
7-1-flagship,quiz,yes,mc,Which equation represents: 'Seven less than a number is 18'?,n − 7 = 18 | 7 − n = 18 | n + 7 = 18 | n / 7 = 18,n − 7 = 18,1,'Seven less than a number' means start with the number and subtract 7: n − 7 = 18.
7-1-flagship,quiz,yes,mc,Which equation represents: 'Three times a number equals 21'?,3n = 21 | n + 3 = 21 | n − 3 = 21 | n / 3 = 21,3n = 21,1,"'Three times' means multiply by 3, so the equation is 3n = 21."
7-1-flagship,quiz,yes,mc,Which equation represents: 'A number divided by 4 equals 8'?,n / 4 = 8 | 4n = 8 | n − 4 = 8 | n + 4 = 8,n / 4 = 8,1,'Divided by 4' means division: n / 4 = 8.
7-1-flagship,quiz,yes,mc,"A detective found some fingerprints on Monday and 14 more on Tuesday, for a total of 30. Which equation represents this?",f + 14 = 30 | f − 14 = 30 | 14f = 30 | f / 14 = 30,f + 14 = 30,1,The detective's Monday fingerprints (f) plus 14 more equals 30: f + 14 = 30.
7-1-flagship,quiz,yes,mc,"Match each situation to its equation /  / A detective has some cases. After getting 9 new cases, she has 22.",4n = 28 | n − 6 = 15 | n / 3 = 12 | n + 9 = 22,n + 9 = 22,1,
7-1-flagship,quiz,yes,mc,Match each situation to its equation /  / A suspect's age divided by 3 equals 12.,n + 9 = 22 | n − 6 = 15 | n / 3 = 12 | 4n = 28,n / 3 = 12,1,
7-1-flagship,quiz,yes,mc,Match each situation to its equation /  / Four times the number of fingerprints equals 28.,4n = 28 | n − 6 = 15 | n / 3 = 12 | n + 9 = 22,4n = 28,1,
7-1-flagship,quiz,yes,mc,"Match each situation to its equation /  / A detective had some clues. After removing 6, she had 15 left.",4n = 28 | n + 9 = 22 | n / 3 = 12 | n − 6 = 15,n − 6 = 15,1,
7-1-flagship,quiz,yes,mc,Exit Ticket: Which equation represents: 'A number divided by 6 equals 9'?,n / 6 = 9 | 6n = 9 | n − 6 = 9 | n + 6 = 9,n / 6 = 9,1,'Divided by 6' means division: n / 6 = 9. Check: 54 / 6 = 9 ✓
7-2,notes,no,short,A math sentence with an equal sign showing two equal amounts is an ___.,,,0,
7-2,notes,no,short,"An operation that undoes another, like subtraction undoing addition, is an ___.",,,0,
7-2,notes,no,short,To get the variable alone on one side of the equation is to ___ it.,,,0,
7-2,notes,no,short,The value of the variable that makes the equation true is the ___.,,,0,
7-2,notes,no,short,An equation solved in a single step is a ___.,,,0,
7-2,notes,no,short,Doing the same thing to both sides to keep them equal keeps the equation in ___.,,,0,
7-2,notes,no,paragraph,"Detective Chen's clue is n + 23 = 58, where n is a locker number. Why can't she just 'know' n by looking, and what could she do to both sides to find it?",,,0,
7-2,notes,no,paragraph,"What inverse operation did you use to solve n + 23 = 58, and why must you do it to BOTH sides of the balance?",,,0,
7-2,notes,no,paragraph,Where might solving a one-step equation help you find a missing amount in real life?,,,0,
7-2,notes,no,paragraph,"Why do you have to subtract 23 from BOTH sides, not just one?",,,0,
7-2,notes,no,paragraph,How far has the hiker walked? How did you use inverse operations?,,,0,
7-2,practice,no,mc,Solve: x + 9 = 15.,x = 6 | x = 24 | x = 6.6 | x = 135,,0,
7-2,practice,no,mc,Solve: y − 7 = 12.,y = 19 | y = 5 | y = 84 | y = -5,,0,
7-2,practice,no,mc,Solve: n + 4.5 = 10.,n = 5.5 | n = 14.5 | n = 6.5 | n = 45,,0,
7-2,practice,no,mc,A savings account had some money. After adding $25 it has $90. How much was there before?,$65 | $115 | $3.6 | $65.5,,0,
7-2,practice,no,mc,Solve: x + 9 = 15,x = 6 | x = 24 | x = 9 | x = 15,,0,
7-2,practice,no,mc,Solve: y − 7 = 20,y = 27 | y = 13 | y = 7 | y = 140,,0,
7-2,practice,no,mc,Solve: n + 15 = 42,n = 27 | n = 57 | n = 15 | n = 42,,0,
7-2,practice,no,mc,Solve: m − 11 = 25,m = 36 | m = 14 | m = 25 | m = 275,,0,
7-2,practice,no,paragraph,Use the number line to solve x + 8 = 20. Start at 20 and count back 8 to find x.,,,0,
7-2,practice,no,paragraph,Is each side balanced?,,,0,
7-2,practice,no,paragraph,"Complete the table: identify the inverse operation, solve, and check.",,,0,
7-2,practice,no,mc,"A shirt costs $d. After a $15 discount, it costs $38. What is d?",$53 | $23 | $38 | $45,,0,
7-2,practice,no,paragraph,Sort each equation into the correct inverse operation you would use to solve it.,,,0,
7-2,practice,no,paragraph,Find the Equation Error,,,0,
7-2,practice,no,paragraph,A detective solved x + 25 = 60 and got x = 35. Another detective solved y − 25 = 60 and got y = 35. Are both correct? Explain using inverse operations and check each answer.,,,0,
7-2,practice,no,paragraph,Is each side balanced?,,,0,
7-2,quiz,yes,mc,Solve: x + 9 = 15.,x = 6 | x = 24 | x = 6.6 | x = 135,x = 6,1,Subtract 9 from both sides: x = 15 − 9 = 6.
7-2,quiz,yes,mc,Solve: y − 7 = 12.,y = 19 | y = 5 | y = 84 | y = -5,y = 19,1,Add 7 to both sides: y = 12 + 7 = 19.
7-2,quiz,yes,mc,Solve: n + 4.5 = 10.,n = 5.5 | n = 14.5 | n = 6.5 | n = 45,n = 5.5,1,Subtract 4.5: n = 10 − 4.5 = 5.5.
7-2,quiz,yes,mc,A savings account had some money. After adding $25 it has $90. How much was there before?,$65 | $115 | $3.6 | $65.5,$65,1,"x + 25 = 90, so x = 65."
7-2,quiz,yes,mc,Solve: x + 9 = 15,x = 6 | x = 24 | x = 9 | x = 15,x = 6,1,Subtract 9 from both sides: x = 15 − 9 = 6. Check: 6 + 9 = 15 ✓
7-2,quiz,yes,mc,Solve: y − 7 = 20,y = 27 | y = 13 | y = 7 | y = 140,y = 27,1,Add 7 to both sides: y = 20 + 7 = 27. Check: 27 − 7 = 20 ✓
7-2,quiz,yes,mc,Solve: n + 15 = 42,n = 27 | n = 57 | n = 15 | n = 42,n = 27,1,Subtract 15 from both sides: n = 42 − 15 = 27. Check: 27 + 15 = 42 ✓
7-2,quiz,yes,mc,Solve: m − 11 = 25,m = 36 | m = 14 | m = 25 | m = 275,m = 36,1,Add 11 to both sides: m = 25 + 11 = 36. Check: 36 − 11 = 25 ✓
7-2,quiz,yes,mc,"A shirt costs $d. After a $15 discount, it costs $38. What is d?",$53 | $23 | $38 | $45,$53,1,d − 15 = 38 → d = 38 + 15 = 53.
7-2,quiz,yes,mc,Exit Ticket: Solve: p + 2.8 = 9.1,p = 6.3 | p = 11.9 | p = 6.8 | p = 3.25,p = 6.3,1,Subtract 2.8 from both sides: p = 9.1 − 2.8 = 6.3. Check: 6.3 + 2.8 = 9.1 ✓
7-3,notes,no,short,"An operation that undoes another, like division undoing multiplication, is an ___.",,,0,
7-3,notes,no,short,"To undo dividing by a number, I ___ both sides by that number.",,,0,
7-3,notes,no,short,"To undo multiplying by a number, I ___ both sides by that number.",,,0,
7-3,notes,no,short,To get the variable alone on one side is to ___ it.,,,0,
7-3,notes,no,short,The number multiplied by a variable is the ___.,,,0,
7-3,notes,no,short,The value of the variable that makes an equation true is the ___.,,,0,
7-3,notes,no,paragraph,"Detective Park has 3 identical boxes holding 21 pieces of evidence total, written as 3x = 21. What does each part of the equation mean, and how is solving this different from solving x + 3 = 21?",,,0,
7-3,notes,no,paragraph,How did you undo the multiplication in 3x = 21 (or the division in x / 4 = 9) to isolate the variable?,,,0,
7-3,notes,no,paragraph,When would you solve a multiplication or division equation in real life?,,,0,
7-3,notes,no,paragraph,How do you decide whether to multiply or divide to solve an equation?,,,0,
7-3,notes,no,paragraph,How many kits did the detective order? How did inverse operations help you solve this?,,,0,
7-3,practice,no,mc,Solve: 6x = 54.,x = 9 | x = 60 | x = 48 | x = 324,,0,
7-3,practice,no,mc,Solve: x/4 = 7.,x = 28 | x = 1.75 | x = 11 | x = 3,,0,
7-3,practice,no,mc,Solve: 8n = 2.,n = 0.25 | n = 16 | n = 4 | n = 10,,0,
7-3,practice,no,mc,Five friends split a bill equally and each pays $12. Which equation finds the total t?,t/5 = 12 | 5t = 12 | t − 5 = 12 | t + 5 = 12,,0,
7-3,practice,no,mc,Solve: 6x = 42,x = 7 | x = 48 | x = 36 | x = 252,,0,
7-3,practice,no,mc,Solve: n / 3 = 8,n = 24 | n = 11 | n = 5 | n = 3,,0,
7-3,practice,no,mc,Solve: 9m = 63,m = 7 | m = 54 | m = 72 | m = 567,,0,
7-3,practice,no,mc,Solve: y / 7 = 5,y = 35 | y = 12 | y = 2 | y = 7,,0,
7-3,practice,no,paragraph,Sort each equation by the inverse operation you would use to solve it.,,,0,
7-3,practice,no,paragraph,"Solve each equation, show your work, and check.",,,0,
7-3,practice,no,mc,A detective splits 54 clues equally among 9 case files. The equation 9c = 54 represents this. What is c?,c = 6 | c = 63 | c = 45 | c = 9,,0,
7-3,practice,no,paragraph,Is each side balanced?,,,0,
7-3,practice,no,short,A detective found 72 pieces of evidence and divided them equally into 6 bags. Use the bar model to show how many are in each bag.  ,,,0,
7-3,practice,no,paragraph,Find the Equation Error,,,0,
7-3,practice,no,paragraph,"A bakery packed muffins into boxes of 8. They made 96 muffins total. Write an equation, solve it, and explain why your answer is reasonable. Then write a different situation that uses division and has the same answer.",,,0,
7-3,practice,no,paragraph,"Solve each equation, then write and solve a related equation that uses the inverse operation.",,,0,
7-3,quiz,yes,mc,Solve: 6x = 54.,x = 9 | x = 60 | x = 48 | x = 324,x = 9,1,Divide both sides by 6: x = 54 ÷ 6 = 9.
7-3,quiz,yes,mc,Solve: x/4 = 7.,x = 28 | x = 1.75 | x = 11 | x = 3,x = 28,1,Multiply both sides by 4: x = 28.
7-3,quiz,yes,mc,Solve: 8n = 2.,n = 0.25 | n = 16 | n = 4 | n = 10,n = 0.25,1,n = 2 ÷ 8 = 0.25.
7-3,quiz,yes,mc,Five friends split a bill equally and each pays $12. Which equation finds the total t?,t/5 = 12 | 5t = 12 | t − 5 = 12 | t + 5 = 12,t/5 = 12,1,"Total divided by 5 equals 12, so t = 60."
7-3,quiz,yes,mc,Solve: 6x = 42,x = 7 | x = 48 | x = 36 | x = 252,x = 7,1,Divide both sides by 6: x = 42 ÷ 6 = 7. Check: 6 × 7 = 42 ✓
7-3,quiz,yes,mc,Solve: n / 3 = 8,n = 24 | n = 11 | n = 5 | n = 3,n = 24,1,Multiply both sides by 3: n = 8 × 3 = 24. Check: 24 / 3 = 8 ✓
7-3,quiz,yes,mc,Solve: 9m = 63,m = 7 | m = 54 | m = 72 | m = 567,m = 7,1,Divide both sides by 9: m = 63 ÷ 9 = 7. Check: 9 × 7 = 63 ✓
7-3,quiz,yes,mc,Solve: y / 7 = 5,y = 35 | y = 12 | y = 2 | y = 7,y = 35,1,Multiply both sides by 7: y = 5 × 7 = 35. Check: 35 / 7 = 5 ✓
7-3,quiz,yes,mc,A detective splits 54 clues equally among 9 case files. The equation 9c = 54 represents this. What is c?,c = 6 | c = 63 | c = 45 | c = 9,c = 6,1,Divide both sides by 9: c = 54 ÷ 9 = 6 clues per file.
7-3,quiz,yes,mc,Exit Ticket: Solve: w / 8 = 6,w = 48 | w = 14 | w = 0.75 | w = 2,w = 48,1,Multiply both sides by 8: w = 6 × 8 = 48. Check: 48 / 8 = 6 ✓
7-4,notes,no,short,"A math sentence comparing values with <, >, ≤, or ≥ is an ___.",,,0,
7-4,notes,no,short,The symbol > that means one value is larger than another means ___.,,,0,
7-4,notes,no,short,The symbol < that means one value is smaller than another means ___.,,,0,
7-4,notes,no,short,"'At least' means greater than or equal to, and 'at most' means ___ than or equal to.",,,0,
7-4,notes,no,short,A letter that stands for an unknown number is a ___.,,,0,
7-4,notes,no,short,"The phrase that means less than or equal to is ""no more than,"" written with the ___ symbol.",,,0,
7-4,notes,no,paragraph,"A witness says the suspect is 'at least 18 years old,' written as a ≥ 18. Why does the detective use an inequality here instead of an equation like a = 18?",,,0,
7-4,notes,no,paragraph,How do the phrases 'at least' and 'at most' change which inequality symbol you choose compared to 'more than' and 'fewer than'?,,,0,
7-4,notes,no,paragraph,"Where do you see inequalities in real life, such as age limits or speed limits?",,,0,
7-4,notes,no,paragraph,How do the words 'at least' and 'at most' change the inequality symbol compared to 'more than' and 'fewer than'?,,,0,
7-4,notes,no,paragraph,What speeds are possible for the getaway car? How did the phrase 'at most' help you write the inequality?,,,0,
7-4,practice,no,mc,Which inequality means 'a number x is at least 10'?,x ≥ 10 | x > 10 | x ≤ 10 | x < 10,,0,
7-4,practice,no,mc,Which inequality means 'you must be more than 5 feet tall to ride'?,h > 5 | h ≥ 5 | h < 5 | h ≤ 5,,0,
7-4,practice,no,mc,A bus holds at most 40 people. Which inequality shows the number p of people allowed?,p ≤ 40 | p ≥ 40 | p > 40 | p < 40,,0,
7-4,practice,no,mc,Which inequality means 'a number n is less than 8'?,n < 8 | n ≤ 8 | n > 8 | n ≥ 8,,0,
7-4,practice,no,mc,Which inequality represents: 'The temperature is less than 40 degrees'?,t < 40 | t > 40 | t ≤ 40 | t = 40,,0,
7-4,practice,no,mc,Which inequality represents: 'You must be at least 48 inches tall to ride'?,h ≥ 48 | h > 48 | h < 48 | h ≤ 48,,0,
7-4,practice,no,mc,Which inequality represents: 'A store can hold no more than 75 people'?,p ≤ 75 | p < 75 | p ≥ 75 | p > 75,,0,
7-4,practice,no,mc,Which inequality represents: 'The speed limit is more than 25 mph'?,s > 25 | s ≥ 25 | s < 25 | s = 25,,0,
7-4,practice,no,paragraph,"Place markers on the number line for each value, then decide: is 5 > 3 true or false? Is 2 ≥ 7 true or false?",,,0,
7-4,practice,no,paragraph,Match each situation to its inequality,,,0,
7-4,practice,no,paragraph,"Identify the key phrase, symbol, and write the inequality for each situation.",,,0,
7-4,practice,no,paragraph,Sort each inequality into whether x = 10 is a solution.,,,0,
7-4,practice,no,mc,A parking garage charges if your stay is more than 2 hours. Which inequality represents times t that are charged?,t > 2 | t ≥ 2 | t < 2 | t ≤ 2,,0,
7-4,practice,no,paragraph,Find the Inequality Error,,,0,
7-4,practice,no,paragraph,Write two different real-world situations: one that uses > and one that uses ≥. Explain why the situations need different symbols even though both mean 'bigger.',,,0,
7-4,practice,no,paragraph,"For each situation, decide if it needs an equation or inequality and explain why.",,,0,
7-4,quiz,yes,mc,Which inequality means 'a number x is at least 10'?,x ≥ 10 | x > 10 | x ≤ 10 | x < 10,x ≥ 10,1,'At least 10' means 10 or more: x ≥ 10.
7-4,quiz,yes,mc,Which inequality means 'you must be more than 5 feet tall to ride'?,h > 5 | h ≥ 5 | h < 5 | h ≤ 5,h > 5,1,'More than 5' is h > 5.
7-4,quiz,yes,mc,A bus holds at most 40 people. Which inequality shows the number p of people allowed?,p ≤ 40 | p ≥ 40 | p > 40 | p < 40,p ≤ 40,1,'At most 40' means 40 or fewer: p ≤ 40.
7-4,quiz,yes,mc,Which inequality means 'a number n is less than 8'?,n < 8 | n ≤ 8 | n > 8 | n ≥ 8,n < 8,1,'Less than 8' is n < 8.
7-4,quiz,yes,mc,Which inequality represents: 'The temperature is less than 40 degrees'?,t < 40 | t > 40 | t ≤ 40 | t = 40,t < 40,1,"'Less than' means <, so the inequality is t < 40."
7-4,quiz,yes,mc,Which inequality represents: 'You must be at least 48 inches tall to ride'?,h ≥ 48 | h > 48 | h < 48 | h ≤ 48,h ≥ 48,1,"'At least' means greater than or equal to, so h ≥ 48."
7-4,quiz,yes,mc,Which inequality represents: 'A store can hold no more than 75 people'?,p ≤ 75 | p < 75 | p ≥ 75 | p > 75,p ≤ 75,1,"'No more than' means less than or equal to, so p ≤ 75."
7-4,quiz,yes,mc,Which inequality represents: 'The speed limit is more than 25 mph'?,s > 25 | s ≥ 25 | s < 25 | s = 25,s > 25,1,"'More than' means strictly greater than, so s > 25."
7-4,quiz,yes,mc,A parking garage charges if your stay is more than 2 hours. Which inequality represents times t that are charged?,t > 2 | t ≥ 2 | t < 2 | t ≤ 2,t > 2,1,'More than 2 hours' means strictly greater than: t > 2. Exactly 2 hours is not charged.
7-4,quiz,yes,mc,Match each situation to its inequality /  / A suspect weighs more than 150 pounds.,c ≤ 200 | t < 3 | w > 150 | d ≥ 5,w > 150,1,
7-4,quiz,yes,mc,Match each situation to its inequality /  / The detective can spend at most $200 on equipment.,d ≥ 5 | w > 150 | t < 3 | c ≤ 200,c ≤ 200,1,
7-4,quiz,yes,mc,Match each situation to its inequality /  / The crime happened fewer than 3 hours ago.,c ≤ 200 | w > 150 | d ≥ 5 | t < 3,t < 3,1,
7-4,quiz,yes,mc,Match each situation to its inequality /  / The vault requires at least 5 digit codes.,c ≤ 200 | t < 3 | w > 150 | d ≥ 5,d ≥ 5,1,
7-4,quiz,yes,mc,Exit Ticket: Which inequality represents: 'A number n is at least 14'?,n ≥ 14 | n > 14 | n ≤ 14 | n < 14,n ≥ 14,1,"'At least 14' means 14 or greater, so n ≥ 14."
7-5,notes,no,short,A line with numbers in order used to show values and solutions is a ___.,,,0,
7-5,notes,no,short,"A hollow circle that shows a value is NOT included, used for < or >, is an ___.",,,0,
7-5,notes,no,short,"A filled-in circle that shows a value IS included, used for ≤ or ≥, is a ___.",,,0,
7-5,notes,no,short,All the values that make an inequality true form the ___.,,,0,
7-5,notes,no,short,"A math sentence comparing two amounts with <, >, ≤, or ≥ is an ___.",,,0,
7-5,notes,no,short,The number where the solution set begins on the number line is the ___.,,,0,
7-5,notes,no,paragraph,"Detective Okafor knows the suspect arrived 'no earlier than 2:00 PM,' so t ≥ 2. On the timeline, should the mark at 2 be an open or closed circle, and which way should she shade?",,,0,
7-5,notes,no,paragraph,"When you graphed x > 4 and x ≤ 7, why did you use an open circle on one and a closed circle on the other?",,,0,
7-5,notes,no,paragraph,When would graphing an inequality show a real-life limit better than a single number?,,,0,
7-5,notes,no,paragraph,How do you decide between an open circle and a closed circle when graphing?,,,0,
7-5,notes,no,paragraph,Why did the detective use an open circle instead of a closed circle? What values of p are possible?,,,0,
7-5,practice,no,mc,"On a number line, x > 3 is shown with...","An open circle at 3, shaded to the right | A closed circle at 3, shaded left | A closed circle at 3, shaded right | An open circle at 3, shaded left",,0,
7-5,practice,no,mc,Which inequality has a closed (filled) circle on its graph?,x ≤ 5 | x < 5 | x > 5 | x ≠ 5,,0,
7-5,practice,no,mc,A graph shows a closed circle at -2 shaded to the right. Which inequality is it?,x ≥ -2 | x > -2 | x ≤ -2 | x < -2,,0,
7-5,practice,no,mc,Which value is a solution to x < 4?,3 | 4 | 5 | 6,,0,
7-5,practice,no,mc,Which graph represents x < 5?,"Open circle at 5, shaded left | Closed circle at 5, shaded left | Open circle at 5, shaded right | Closed circle at 5, shaded right",,0,
7-5,practice,no,mc,Which graph represents x ≥ 3?,"Closed circle at 3, shaded right | Open circle at 3, shaded right | Closed circle at 3, shaded left | Open circle at 3, shaded left",,0,
7-5,practice,no,mc,Which graph represents x > 8?,"Open circle at 8, shaded right | Closed circle at 8, shaded right | Open circle at 8, shaded left | Closed circle at 8, shaded left",,0,
7-5,practice,no,mc,Which graph represents x ≤ 10?,"Closed circle at 10, shaded left | Open circle at 10, shaded left | Closed circle at 10, shaded right | Open circle at 10, shaded right",,0,
7-5,practice,no,paragraph,Sort each inequality by the type of circle it uses on a number line.,,,0,
7-5,practice,no,paragraph,Match each inequality to its graph description,,,0,
7-5,practice,no,paragraph,Read the graph description and write the inequality it represents. Then graph it.,,,0,
7-5,practice,no,mc,A number line shows a closed circle at 8 and is shaded to the left. Which inequality does this represent?,x ≤ 8 | x < 8 | x ≥ 8 | x > 8,,0,
7-5,practice,no,paragraph,Complete the table comparing how different symbols affect the graph.,,,0,
7-5,practice,no,paragraph,Find the Graphing Error,,,0,
7-5,practice,no,paragraph,A theme park has two rides. Ride A requires height h > 48 inches. Ride B requires height h ≥ 48 inches. A child is exactly 48 inches tall. Which ride can they go on? Explain using number line graphs for both inequalities.,,,0,
7-5,practice,no,paragraph,Graph the compound constraint: the suspect's age a is at least 18 AND at most 35. Graph a ≥ 18 and a ≤ 35 on the same number line. What range of ages is possible?,,,0,
7-5,quiz,yes,mc,"On a number line, x > 3 is shown with...","An open circle at 3, shaded to the right | A closed circle at 3, shaded left | A closed circle at 3, shaded right | An open circle at 3, shaded left","An open circle at 3, shaded to the right",1,'Greater than' uses an open circle and shades right (larger values).
7-5,quiz,yes,mc,Which inequality has a closed (filled) circle on its graph?,x ≤ 5 | x < 5 | x > 5 | x ≠ 5,x ≤ 5,1,"'Less than or equal to' includes the endpoint, shown by a closed circle."
7-5,quiz,yes,mc,A graph shows a closed circle at -2 shaded to the right. Which inequality is it?,x ≥ -2 | x > -2 | x ≤ -2 | x < -2,x ≥ -2,1,Closed circle means 'or equal to'; shaded right means greater: x ≥ -2.
7-5,quiz,yes,mc,Which value is a solution to x < 4?,3 | 4 | 5 | 6,3,1,Only 3 is less than 4.
7-5,quiz,yes,mc,Which graph represents x < 5?,"Open circle at 5, shaded left | Closed circle at 5, shaded left | Open circle at 5, shaded right | Closed circle at 5, shaded right","Open circle at 5, shaded left",1,x < 5 means 5 is NOT included (open circle) and values less than 5 are shaded (left).
7-5,quiz,yes,mc,Which graph represents x ≥ 3?,"Closed circle at 3, shaded right | Open circle at 3, shaded right | Closed circle at 3, shaded left | Open circle at 3, shaded left","Closed circle at 3, shaded right",1,x ≥ 3 means 3 IS included (closed circle) and values greater than or equal to 3 are shaded (right).
7-5,quiz,yes,mc,Which graph represents x > 8?,"Open circle at 8, shaded right | Closed circle at 8, shaded right | Open circle at 8, shaded left | Closed circle at 8, shaded left","Open circle at 8, shaded right",1,x > 8 means 8 is NOT included (open circle) and values greater than 8 are shaded to the right.
7-5,quiz,yes,mc,Which graph represents x ≤ 10?,"Closed circle at 10, shaded left | Open circle at 10, shaded left | Closed circle at 10, shaded right | Open circle at 10, shaded right","Closed circle at 10, shaded left",1,x ≤ 10 means 10 IS included (closed circle) and values less than or equal to 10 are shaded (left).
7-5,quiz,yes,mc,A number line shows a closed circle at 8 and is shaded to the left. Which inequality does this represent?,x ≤ 8 | x < 8 | x ≥ 8 | x > 8,x ≤ 8,1,Closed circle means the value is included (≤ or ≥). Shaded left means less than or equal to: x ≤ 8.
7-5,quiz,yes,mc,Match each inequality to its graph description /  / x > 10,"Closed circle at 1, shaded right | Open circle at 9, shaded left | Closed circle at 6, shaded left | Open circle at 10, shaded right","Open circle at 10, shaded right",1,
7-5,quiz,yes,mc,Match each inequality to its graph description /  / x ≤ 6,"Open circle at 10, shaded right | Closed circle at 1, shaded right | Open circle at 9, shaded left | Closed circle at 6, shaded left","Closed circle at 6, shaded left",1,
7-5,quiz,yes,mc,Match each inequality to its graph description /  / x ≥ 1,"Open circle at 10, shaded right | Open circle at 9, shaded left | Closed circle at 6, shaded left | Closed circle at 1, shaded right","Closed circle at 1, shaded right",1,
7-5,quiz,yes,mc,Match each inequality to its graph description /  / x < 9,"Closed circle at 1, shaded right | Closed circle at 6, shaded left | Open circle at 10, shaded right | Open circle at 9, shaded left","Open circle at 9, shaded left",1,
7-5,quiz,yes,mc,Exit Ticket: How would you graph the inequality x ≥ 9?,"Closed circle at 9, shaded right | Open circle at 9, shaded right | Closed circle at 9, shaded left | Open circle at 9, shaded left","Closed circle at 9, shaded right",1,x ≥ 9 means 9 is included (closed circle) and values are 9 or greater (shaded right).
7-6,notes,no,short,To find all the values that make an inequality true is to ___ it.,,,0,
7-6,notes,no,short,To show the solutions on a number line is to ___ them.,,,0,
7-6,notes,no,short,A value that makes an inequality true is a ___.,,,0,
7-6,notes,no,short,"To check a solution, I ___ the value back into the inequality.",,,0,
7-6,notes,no,short,All the values that make an inequality true form the ___.,,,0,
7-6,notes,no,short,An operation that undoes another to isolate the variable is an ___.,,,0,
7-6,notes,no,paragraph,"Solving an inequality and solving an equation both isolate the variable. What is the same about your steps, and what is different about the answer you get?",,,0,
7-6,notes,no,paragraph,"What steps did you follow to solve and then graph the inequality, and how did you check a value to make sure your solution set is right?",,,0,
7-6,notes,no,paragraph,When would solving an inequality help you stay within a real-life limit?,,,0,
7-6,notes,no,paragraph,How is solving an inequality similar to and different from solving an equation?,,,0,
7-6,notes,no,paragraph,How much more does the detective need? How did you solve and graph this inequality?,,,0,
7-6,practice,no,mc,Solve and choose the solution: x + 3 < 9.,x < 6 | x > 6 | x < 12 | x > 12,,0,
7-6,practice,no,mc,Solve: 2x ≥ 10.,x ≥ 5 | x ≤ 5 | x ≥ 20 | x ≥ 8,,0,
7-6,practice,no,mc,A rider must be at least 48 inches tall. Which inequality and a valid height fit?,h ≥ 48; 50 inches works | h > 48; 48 works | h ≤ 48; 50 works | h < 48; 48 works,,0,
7-6,practice,no,mc,Which value is NOT a solution of x ≤ 7?,8 | 7 | 6 | 0,,0,
7-6,practice,no,mc,Solve: x + 6 > 14,x > 8 | x > 20 | x < 8 | x = 8,,0,
7-6,practice,no,mc,Solve: x − 9 ≤ 3,x ≤ 12 | x ≤ 6 | x ≥ 12 | x = 12,,0,
7-6,practice,no,mc,Solve: x + 10 ≥ 25,x ≥ 15 | x ≥ 35 | x ≤ 15 | x = 15,,0,
7-6,practice,no,mc,Solve: x − 4 < 11,x < 15 | x < 7 | x > 15 | x = 15,,0,
7-6,practice,no,paragraph,"Solve x + 3 > 9, then graph the solution on the number line.",,,0,
7-6,practice,no,paragraph,"Solve each inequality, describe the inverse operation, and describe the graph.",,,0,
7-6,practice,no,mc,Is x = 5 a solution to x + 4 > 12?,"No, because 5 + 4 = 9, and 9 is not greater than 12 | Yes, because 5 + 4 = 9 | Yes, because 5 > 4 | No, because 5 < 12",,0,
7-6,practice,no,paragraph,"Solve each inequality first, then sort by whether x = 10 is a solution.",,,0,
7-6,practice,no,paragraph,Is each side balanced?,,,0,
7-6,practice,no,paragraph,Find the Solving Error,,,0,
7-6,practice,no,paragraph,"A detective has a budget of at most $100 for supplies. She already spent $37 on gloves. Write an inequality for the remaining amount r she can spend, solve it, graph it, and name three possible values for r.",,,0,
7-6,practice,no,paragraph,Solve each inequality and verify by testing two values.,,,0,
7-6,quiz,yes,mc,Solve and choose the solution: x + 3 < 9.,x < 6 | x > 6 | x < 12 | x > 12,x < 6,1,Subtract 3 from both sides: x < 6.
7-6,quiz,yes,mc,Solve: 2x ≥ 10.,x ≥ 5 | x ≤ 5 | x ≥ 20 | x ≥ 8,x ≥ 5,1,Divide both sides by 2: x ≥ 5.
7-6,quiz,yes,mc,A rider must be at least 48 inches tall. Which inequality and a valid height fit?,h ≥ 48; 50 inches works | h > 48; 48 works | h ≤ 48; 50 works | h < 48; 48 works,h ≥ 48; 50 inches works,1,"'At least 48' is h ≥ 48, and 50 satisfies it."
7-6,quiz,yes,mc,Which value is NOT a solution of x ≤ 7?,8 | 7 | 6 | 0,8,1,"8 is greater than 7, so it is not a solution."
7-6,quiz,yes,mc,Solve: x + 6 > 14,x > 8 | x > 20 | x < 8 | x = 8,x > 8,1,"Subtract 6 from both sides: x > 14 − 6 = 8. Graph: open circle at 8, shade right."
7-6,quiz,yes,mc,Solve: x − 9 ≤ 3,x ≤ 12 | x ≤ 6 | x ≥ 12 | x = 12,x ≤ 12,1,"Add 9 to both sides: x ≤ 3 + 9 = 12. Graph: closed circle at 12, shade left."
7-6,quiz,yes,mc,Solve: x + 10 ≥ 25,x ≥ 15 | x ≥ 35 | x ≤ 15 | x = 15,x ≥ 15,1,"Subtract 10 from both sides: x ≥ 25 − 10 = 15. Graph: closed circle at 15, shade right."
7-6,quiz,yes,mc,Solve: x − 4 < 11,x < 15 | x < 7 | x > 15 | x = 15,x < 15,1,"Add 4 to both sides: x < 11 + 4 = 15. Graph: open circle at 15, shade left."
7-6,quiz,yes,mc,Is x = 5 a solution to x + 4 > 12?,"No, because 5 + 4 = 9, and 9 is not greater than 12 | Yes, because 5 + 4 = 9 | Yes, because 5 > 4 | No, because 5 < 12","No, because 5 + 4 = 9, and 9 is not greater than 12",1,"Substitute: 5 + 4 = 9. Since 9 > 12 is false, x = 5 is NOT a solution."
7-6,quiz,yes,mc,Exit Ticket: Solve and describe the graph: x + 5 < 11,"x < 6; open circle at 6, shade left | x < 16; open circle at 16, shade left | x ≤ 6; closed circle at 6, shade left | x > 6; open circle at 6, shade right","x < 6; open circle at 6, shade left",1,"Subtract 5 from both sides: x < 11 − 5 = 6. Open circle at 6 (not included), shade left. ✓"
7-7,notes,no,short,"A drawing, equation, or diagram that represents a situation is a ___.",,,0,
7-7,notes,no,short,A math sentence with an equal sign is an ___.,,,0,
7-7,notes,no,short,"A math sentence that compares values with <, >, ≤, or ≥ is an ___.",,,0,
7-7,notes,no,short,Checking whether an answer makes sense for the problem is checking its ___.,,,0,
7-7,notes,no,short,A letter that stands for the unknown amount in a problem is a ___.,,,0,
7-7,notes,no,short,A limit that tells which values are allowed in a problem is a ___.,,,0,
7-7,notes,no,paragraph,"Before solving a word problem, how do you decide whether to model it with an equation or an inequality?",,,0,
7-7,notes,no,paragraph,"What was your plan to solve this problem, and how did you check that your answer was reasonable?",,,0,
7-7,notes,no,paragraph,"Describe a real situation that an equation or inequality could model, and explain which one you would use.",,,0,
7-7,notes,no,paragraph,How do you decide whether a word problem needs an equation or an inequality?,,,0,
7-7,notes,no,paragraph,How much more can the detective spend? How much does each flashlight cost? When do you use an equation versus an inequality?,,,0,
7-7,practice,no,mc,A taxi charges $3 plus $2 per mile. The ride cost $15. Which equation finds the miles m?,2m + 3 = 15 | 3m + 2 = 15 | 2m = 15 | m + 2 = 15,,0,
7-7,practice,no,mc,Solve: 4x = 28. How many items if each is $4 and total is $28?,x = 7 | x = 32 | x = 24 | x = 112,,0,
7-7,practice,no,mc,You have $50 and spend $8 per ticket. Which inequality shows how many tickets t you can buy?,8t ≤ 50 | 8t ≥ 50 | t + 8 ≤ 50 | 8t = 50,,0,
7-7,practice,no,mc,Solve: x − 12 = 20.,x = 32 | x = 8 | x = 240 | x = -8,,0,
7-7,practice,no,mc,"A museum has some paintings. After adding 12, they have 45. Which equation models this?",p + 12 = 45 | p − 12 = 45 | 12p = 45 | p / 12 = 45,,0,
7-7,practice,no,mc,A detective needs more than 8 hours to finish the investigation. She has already worked 3 hours. Which inequality represents the additional hours h she needs?,3 + h > 8 | 3 + h = 8 | h > 3 | 8 + h > 3,,0,
7-7,practice,no,mc,Which model is correct for: 'A number divided by 6 equals 7'?,n / 6 = 7 | 6n = 7 | n − 6 = 7 | n + 6 = 7,,0,
7-7,practice,no,mc,A bus can carry at most 48 passengers. There are already 31 on board. Which inequality shows how many more can board?,31 + p ≤ 48 | 31 + p > 48 | 31 + p = 48 | p − 31 ≤ 48,,0,
7-7,practice,no,paragraph,Sort each word problem into whether it needs an equation or an inequality.,,,0,
7-7,practice,no,paragraph,"Write a model, solve, and check reasonableness for each problem.",,,0,
7-7,practice,no,mc,A student solved 4n = 52 and got n = 13. Is the answer reasonable if n represents the number of notebooks in a box?,Yes — 13 notebooks per box is reasonable | No — 13 is too many notebooks | No — the answer should be 48 | Yes — but only if n is a fraction,,0,
7-7,practice,no,paragraph,Match each situation to its correct model,,,0,
7-7,practice,no,paragraph,Is each side balanced?,,,0,
7-7,practice,no,paragraph,Find the Problem-Solving Error,,,0,
7-7,practice,no,paragraph,Create two word problems about the same situation: one that requires an equation and one that requires an inequality. Solve both and explain why the models are different.,,,0,
7-7,practice,no,paragraph,"Check each student's model. If wrong, write the correct model and solve.",,,0,
7-7,quiz,yes,mc,A taxi charges $3 plus $2 per mile. The ride cost $15. Which equation finds the miles m?,2m + 3 = 15 | 3m + 2 = 15 | 2m = 15 | m + 2 = 15,2m + 3 = 15,1,"Base $3 plus $2 per mile: 2m + 3 = 15, so m = 6 miles."
7-7,quiz,yes,mc,Solve: 4x = 28. How many items if each is $4 and total is $28?,x = 7 | x = 32 | x = 24 | x = 112,x = 7,1,28 ÷ 4 = 7 items.
7-7,quiz,yes,mc,You have $50 and spend $8 per ticket. Which inequality shows how many tickets t you can buy?,8t ≤ 50 | 8t ≥ 50 | t + 8 ≤ 50 | 8t = 50,8t ≤ 50,1,Total spent must be 50 or less: 8t ≤ 50 (so t ≤ 6 whole tickets).
7-7,quiz,yes,mc,Solve: x − 12 = 20.,x = 32 | x = 8 | x = 240 | x = -8,x = 32,1,Add 12 to both sides: x = 32.
7-7,quiz,yes,mc,"A museum has some paintings. After adding 12, they have 45. Which equation models this?",p + 12 = 45 | p − 12 = 45 | 12p = 45 | p / 12 = 45,p + 12 = 45,1,'Adding 12' to the original number gives 45: p + 12 = 45. Solve: p = 33.
7-7,quiz,yes,mc,A detective needs more than 8 hours to finish the investigation. She has already worked 3 hours. Which inequality represents the additional hours h she needs?,3 + h > 8 | 3 + h = 8 | h > 3 | 8 + h > 3,3 + h > 8,1,3 hours plus additional hours h must be more than 8: 3 + h > 8. Solve: h > 5.
7-7,quiz,yes,mc,Which model is correct for: 'A number divided by 6 equals 7'?,n / 6 = 7 | 6n = 7 | n − 6 = 7 | n + 6 = 7,n / 6 = 7,1,Divided by 6 is n / 6. Equals 7 means = 7. So n / 6 = 7.
7-7,quiz,yes,mc,A bus can carry at most 48 passengers. There are already 31 on board. Which inequality shows how many more can board?,31 + p ≤ 48 | 31 + p > 48 | 31 + p = 48 | p − 31 ≤ 48,31 + p ≤ 48,1,'At most 48' means the total must be ≤ 48. So 31 + p ≤ 48. Solve: p ≤ 17.
7-7,quiz,yes,mc,A student solved 4n = 52 and got n = 13. Is the answer reasonable if n represents the number of notebooks in a box?,Yes — 13 notebooks per box is reasonable | No — 13 is too many notebooks | No — the answer should be 48 | Yes — but only if n is a fraction,Yes — 13 notebooks per box is reasonable,1,4 × 13 = 52 ✓. 13 notebooks per box is a reasonable whole number answer.
7-7,quiz,yes,mc,Match each situation to its correct model /  / A recipe needs exactly 3 cups of flour.,4t = 36 (equation) | f = 3 (equation) | t ≥ 72 (inequality) | p > 20 (inequality),f = 3 (equation),1,
7-7,quiz,yes,mc,Match each situation to its correct model /  / You must read more than 20 pages tonight.,4t = 36 (equation) | t ≥ 72 (inequality) | f = 3 (equation) | p > 20 (inequality),p > 20 (inequality),1,
7-7,quiz,yes,mc,"Match each situation to its correct model /  / Each team has the same number of players, and there are 36 players on 4 teams.",f = 3 (equation) | 4t = 36 (equation) | p > 20 (inequality) | t ≥ 72 (inequality),4t = 36 (equation),1,
7-7,quiz,yes,mc,Match each situation to its correct model /  / The pool temperature must be at least 72°F.,t ≥ 72 (inequality) | 4t = 36 (equation) | p > 20 (inequality) | f = 3 (equation),t ≥ 72 (inequality),1,
7-7,quiz,yes,mc,"Exit Ticket: A box of donuts has some donuts. After giving away 7, there are fewer than 5 left. Which inequality represents the starting number of donuts d?",d − 7 < 5 | d + 7 < 5 | d − 7 > 5 | d − 7 = 5,d − 7 < 5,1,Starting with d donuts and giving away 7 leaves fewer than 5: d − 7 < 5. Solve: d < 12. ✓
8-1,notes,no,short,A question that expects a variety of answers and is answered by collecting data is a ___.,,,0,
8-1,notes,no,short,Facts or numbers collected to answer a question are ___.,,,0,
8-1,notes,no,short,How much the values in a data set differ from one another is the ___.,,,0,
8-1,notes,no,short,A way to collect data by asking many people the same question is a ___.,,,0,
8-1,notes,no,short,The way data values are spread out across a range is the ___.,,,0,
8-1,notes,no,paragraph,"The coach asks, ""How tall is our point guard?"" and ""How tall is each player on the roster?"" Which one is a statistical question, and why?",,,0,
8-1,notes,no,paragraph,"While sorting the questions, what clue tells you instantly that a question will need DATA from many players to answer?",,,0,
8-1,notes,no,paragraph,"The newspaper editor prefers ""How many goals did each player score?"" over ""How many goals did the team score total?"" Which gives more interesting data for a story?",,,0,
8-1,notes,no,paragraph,Think of one statistical question you could ask about students in this room. What variability do you expect in the answers?,,,0,
8-1,notes,no,paragraph,What pattern do you notice about statistical questions compared to non-statistical questions?,,,0,
8-1,notes,no,paragraph,Which question is statistical? Why would the editor's question give the newspaper more interesting data?,,,0,
8-1,practice,no,mc,Which is a statistical question?,How tall are the students in our class? | How tall is the teacher? | What is my height? | Is the door open?,,0,
8-1,practice,no,mc,Which question is NOT statistical?,What time did the bus arrive today? | How many minutes do students sleep each night? | How long do people wait at the store? | What ages are the players on the team?,,0,
8-1,practice,no,mc,Why do statistical questions expect different answers?,Because the data values vary from one case to another | Because they are always about numbers | Because they cannot be answered | Because they only have one answer,,0,
8-1,practice,no,mc,Which rewrite makes 'How old am I?' a statistical question?,How old are the students in this school? | How old is my best friend? | When is my birthday? | Am I older than 12?,,0,
8-1,practice,no,mc,Which of the following is a statistical question?,How many points did each player score this season? | How many points are scored for a free throw? | What sport does this team play? | How many halves are in a soccer game?,,0,
8-1,practice,no,mc,Which question is NOT a statistical question?,How many innings are in a baseball game? | How many home runs did each player hit this year? | How many miles does each runner train per week? | How tall is each player on the basketball team?,,0,
8-1,practice,no,mc,Why is 'How many hours of sleep did each student get last night?' a statistical question?,Because different students got different amounts of sleep | Because it asks about sleep | Because hours are numbers | Because the answer is always 8 hours,,0,
8-1,practice,no,paragraph,Match each item to its partner.,,,0,
8-1,practice,no,paragraph,Sort these questions into Statistical or Not Statistical.,,,0,
8-1,practice,no,mc,"A coach asks: ""How many hours does each athlete on the track team sleep the night before a meet?"" Why is this a statistical question?",Because the answers will vary from athlete to athlete | Because it is about sports | Because it has a numerical answer | Because the coach asked it,,0,
8-1,practice,no,paragraph,Decide if each question is statistical and explain why.,,,0,
8-1,practice,no,paragraph,Match each item to its partner.,,,0,
8-1,practice,no,paragraph,Each non-statistical question below has been rewritten to become statistical. Match the original to its rewritten version.,,,0,
8-1,practice,no,paragraph,Find the Reasoning Error,,,0,
8-1,practice,no,paragraph,"Write one statistical question and one non-statistical question about your school's cafeteria. Explain why each question is or is not statistical, and describe what the data would look like for the statistical question.",,,0,
8-1,practice,no,paragraph,Rewrite each non-statistical question to make it statistical and explain the variability.,,,0,
8-1,quiz,yes,mc,Which is a statistical question?,How tall are the students in our class? | How tall is the teacher? | What is my height? | Is the door open?,How tall are the students in our class?,1,A statistical question anticipates variability — heights vary across students.
8-1,quiz,yes,mc,Which question is NOT statistical?,What time did the bus arrive today? | How many minutes do students sleep each night? | How long do people wait at the store? | What ages are the players on the team?,What time did the bus arrive today?,1,"A single bus arrival time has one answer, so it is not statistical."
8-1,quiz,yes,mc,Why do statistical questions expect different answers?,Because the data values vary from one case to another | Because they are always about numbers | Because they cannot be answered | Because they only have one answer,Because the data values vary from one case to another,1,Statistical questions anticipate variability in the data.
8-1,quiz,yes,mc,Which rewrite makes 'How old am I?' a statistical question?,How old are the students in this school? | How old is my best friend? | When is my birthday? | Am I older than 12?,How old are the students in this school?,1,Asking about many students produces data that varies.
8-1,quiz,yes,mc,Which of the following is a statistical question?,How many points did each player score this season? | How many points are scored for a free throw? | What sport does this team play? | How many halves are in a soccer game?,How many points did each player score this season?,1,"""How many points did each player score?"" is statistical because different players will have different scores — there is variability in the data."
8-1,quiz,yes,mc,Which question is NOT a statistical question?,How many innings are in a baseball game? | How many home runs did each player hit this year? | How many miles does each runner train per week? | How tall is each player on the basketball team?,How many innings are in a baseball game?,1,"""How many innings are in a baseball game?"" has one fixed answer (9) — no variability. The other questions all produce different answers for different people."
8-1,quiz,yes,mc,Why is 'How many hours of sleep did each student get last night?' a statistical question?,Because different students got different amounts of sleep | Because it asks about sleep | Because hours are numbers | Because the answer is always 8 hours,Because different students got different amounts of sleep,1,"A statistical question anticipates variability — different students slept different amounts, so the data will vary."
8-1,quiz,yes,mc,"A coach asks: ""How many hours does each athlete on the track team sleep the night before a meet?"" Why is this a statistical question?",Because the answers will vary from athlete to athlete | Because it is about sports | Because it has a numerical answer | Because the coach asked it,Because the answers will vary from athlete to athlete,1,"A statistical question anticipates variability. Different athletes sleep different amounts, so the data collected will vary."
8-1,quiz,yes,mc,Match each item to its partner. /  / How tall is each swimmer on the team?,Not Statistical | Not Statistical | Statistical | Statistical,Statistical,1,
8-1,quiz,yes,mc,Match each item to its partner. /  / What color is the team mascot?,Not Statistical | Not Statistical | Statistical | Statistical,Not Statistical,1,
8-1,quiz,yes,mc,Match each item to its partner. /  / How many laps does each runner complete?,Not Statistical | Not Statistical | Statistical | Statistical,Statistical,1,
8-1,quiz,yes,mc,Match each item to its partner. /  / How many players are on a soccer team?,Not Statistical | Statistical | Statistical | Not Statistical,Not Statistical,1,
8-1,quiz,yes,mc,Match each item to its partner. /  / How fast does each sprinter run the 100m?,One answer — Not Statistical | Variability — Statistical | One answer — Not Statistical | Variability — Statistical,Variability — Statistical,1,
8-1,quiz,yes,mc,Match each item to its partner. /  / How long is an Olympic pool?,Variability — Statistical | One answer — Not Statistical | One answer — Not Statistical | Variability — Statistical,One answer — Not Statistical,1,
8-1,quiz,yes,mc,Match each item to its partner. /  / How many goals did each player score this season?,One answer — Not Statistical | Variability — Statistical | One answer — Not Statistical | Variability — Statistical,Variability — Statistical,1,
8-1,quiz,yes,mc,Match each item to its partner. /  / How many innings are in a baseball game?,Variability — Statistical | One answer — Not Statistical | One answer — Not Statistical | Variability — Statistical,One answer — Not Statistical,1,
8-1,quiz,yes,mc,Exit Ticket: Which question is a statistical question? / A) How many students are in the school? / B) How many hours does each student in 6th grade exercise per week? / C) What time does school start? / D) How many days are in a week?,B) How many hours does each student exercise per week? | A) How many students are in the school? | C) What time does school start? | D) How many days are in a week?,B) How many hours does each student exercise per week?,1,"""How many hours does each student exercise per week?"" is statistical because different students exercise different amounts — the data has variability."
8-1-flagship,notes,no,short,A question that expects a variety of answers and is answered by collecting data is a ___.,,,0,
8-1-flagship,notes,no,short,Facts or numbers collected to answer a question are ___.,,,0,
8-1-flagship,notes,no,short,How much the values in a data set differ from one another is the ___.,,,0,
8-1-flagship,notes,no,short,A way to collect data by asking many people the same question is a ___.,,,0,
8-1-flagship,notes,no,short,The way data values are spread out across a range is the ___.,,,0,
8-1-flagship,notes,no,paragraph,"The coach asks, ""How tall is our point guard?"" and ""How tall is each player on the roster?"" Which one is a statistical question, and why?",,,0,
8-1-flagship,notes,no,paragraph,"While sorting the questions, what clue tells you instantly that a question will need DATA from many players to answer?",,,0,
8-1-flagship,notes,no,paragraph,"The newspaper editor prefers ""How many goals did each player score?"" over ""How many goals did the team score total?"" Which gives more interesting data for a story?",,,0,
8-1-flagship,notes,no,paragraph,Think of one statistical question you could ask about students in this room. What variability do you expect in the answers?,,,0,
8-1-flagship,notes,no,paragraph,What pattern do you notice about statistical questions compared to non-statistical questions?,,,0,
8-1-flagship,notes,no,paragraph,Which question is statistical? Why would the editor's question give the newspaper more interesting data?,,,0,
8-1-flagship,practice,no,mc,Which of the following is a statistical question?,How many points did each player score this season? | How many points are scored for a free throw? | What sport does this team play? | How many halves are in a soccer game?,,0,
8-1-flagship,practice,no,mc,Which question is NOT a statistical question?,How many innings are in a baseball game? | How many home runs did each player hit this year? | How many miles does each runner train per week? | How tall is each player on the basketball team?,,0,
8-1-flagship,practice,no,mc,Why is 'How many hours of sleep did each student get last night?' a statistical question?,Because different students got different amounts of sleep | Because it asks about sleep | Because hours are numbers | Because the answer is always 8 hours,,0,
8-1-flagship,practice,no,paragraph,Match each item to its partner.,,,0,
8-1-flagship,practice,no,paragraph,Sort these questions into Statistical or Not Statistical.,,,0,
8-1-flagship,practice,no,mc,"A coach asks: ""How many hours does each athlete on the track team sleep the night before a meet?"" Why is this a statistical question?",Because the answers will vary from athlete to athlete | Because it is about sports | Because it has a numerical answer | Because the coach asked it,,0,
8-1-flagship,practice,no,paragraph,Decide if each question is statistical and explain why.,,,0,
8-1-flagship,practice,no,paragraph,Match each item to its partner.,,,0,
8-1-flagship,practice,no,paragraph,Each non-statistical question below has been rewritten to become statistical. Match the original to its rewritten version.,,,0,
8-1-flagship,practice,no,paragraph,Find the Reasoning Error,,,0,
8-1-flagship,practice,no,paragraph,"Write one statistical question and one non-statistical question about your school's cafeteria. Explain why each question is or is not statistical, and describe what the data would look like for the statistical question.",,,0,
8-1-flagship,practice,no,paragraph,Rewrite each non-statistical question to make it statistical and explain the variability.,,,0,
8-1-flagship,quiz,yes,mc,Which of the following is a statistical question?,How many points did each player score this season? | How many points are scored for a free throw? | What sport does this team play? | How many halves are in a soccer game?,How many points did each player score this season?,1,"""How many points did each player score?"" is statistical because different players will have different scores — there is variability in the data."
8-1-flagship,quiz,yes,mc,Which question is NOT a statistical question?,How many innings are in a baseball game? | How many home runs did each player hit this year? | How many miles does each runner train per week? | How tall is each player on the basketball team?,How many innings are in a baseball game?,1,"""How many innings are in a baseball game?"" has one fixed answer (9) — no variability. The other questions all produce different answers for different people."
8-1-flagship,quiz,yes,mc,Why is 'How many hours of sleep did each student get last night?' a statistical question?,Because different students got different amounts of sleep | Because it asks about sleep | Because hours are numbers | Because the answer is always 8 hours,Because different students got different amounts of sleep,1,"A statistical question anticipates variability — different students slept different amounts, so the data will vary."
8-1-flagship,quiz,yes,mc,"A coach asks: ""How many hours does each athlete on the track team sleep the night before a meet?"" Why is this a statistical question?",Because the answers will vary from athlete to athlete | Because it is about sports | Because it has a numerical answer | Because the coach asked it,Because the answers will vary from athlete to athlete,1,"A statistical question anticipates variability. Different athletes sleep different amounts, so the data collected will vary."
8-1-flagship,quiz,yes,mc,Match each item to its partner. /  / How tall is each swimmer on the team?,Statistical | Not Statistical | Statistical | Not Statistical,Statistical,1,
8-1-flagship,quiz,yes,mc,Match each item to its partner. /  / What color is the team mascot?,Statistical | Statistical | Not Statistical | Not Statistical,Not Statistical,1,
8-1-flagship,quiz,yes,mc,Match each item to its partner. /  / How many laps does each runner complete?,Statistical | Statistical | Not Statistical | Not Statistical,Statistical,1,
8-1-flagship,quiz,yes,mc,Match each item to its partner. /  / How many players are on a soccer team?,Not Statistical | Statistical | Statistical | Not Statistical,Not Statistical,1,
8-1-flagship,quiz,yes,mc,Match each item to its partner. /  / How fast does each sprinter run the 100m?,Variability — Statistical | One answer — Not Statistical | Variability — Statistical | One answer — Not Statistical,Variability — Statistical,1,
8-1-flagship,quiz,yes,mc,Match each item to its partner. /  / How long is an Olympic pool?,One answer — Not Statistical | Variability — Statistical | One answer — Not Statistical | Variability — Statistical,One answer — Not Statistical,1,
8-1-flagship,quiz,yes,mc,Match each item to its partner. /  / How many goals did each player score this season?,Variability — Statistical | Variability — Statistical | One answer — Not Statistical | One answer — Not Statistical,Variability — Statistical,1,
8-1-flagship,quiz,yes,mc,Match each item to its partner. /  / How many innings are in a baseball game?,One answer — Not Statistical | Variability — Statistical | Variability — Statistical | One answer — Not Statistical,One answer — Not Statistical,1,
8-1-flagship,quiz,yes,mc,Exit Ticket: Which question is a statistical question? / A) How many students are in the school? / B) How many hours does each student in 6th grade exercise per week? / C) What time does school start? / D) How many days are in a week?,B) How many hours does each student exercise per week? | A) How many students are in the school? | C) What time does school start? | D) How many days are in a week?,B) How many hours does each student exercise per week?,1,"""How many hours does each student exercise per week?"" is statistical because different students exercise different amounts — the data has variability."
8-2,notes,no,short,The average found by adding all values and dividing by how many there are is the ___.,,,0,
8-2,notes,no,short,The middle value of a data set when the numbers are in order is the ___.,,,0,
8-2,notes,no,short,The value that appears most often in a data set is the ___.,,,0,
8-2,notes,no,short,A value that is much larger or smaller than the rest of the data is an ___.,,,0,
8-2,notes,no,short,The way data values are spread out is the ___.,,,0,
8-2,notes,no,short,How spread out the data values are is the ___.,,,0,
8-2,notes,no,paragraph,"The team scored 42, 38, 55, 41, 38, 44, 40 points over 7 games. Which 'average' would best tell the coach the team's typical scoring: mean, median, or mode?",,,0,
8-2,notes,no,paragraph,"After ordering the scores on the number line, how do you find the median, and how is it different from the mean you calculated?",,,0,
8-2,notes,no,paragraph,"Quiz scores were 85, 92, 78, 88, 92, 95, 72, 88, 92, 84. The teacher says 'most scored around 87'; a student says 'the most common score was 92.' Who used the mean, and who used the mode?",,,0,
8-2,notes,no,paragraph,"For the data set 4, 7, 10, 7, 12, talk through how you find the median.",,,0,
8-2,notes,no,paragraph,The mean (42.6 ≈ 42) is higher than the median (41). Why? Which better represents a 'typical' game?,,,0,
8-2,notes,no,paragraph,"Who is using the mean, and who is using the mode? Which is more useful here?",,,0,
8-2,practice,no,mc,"What is the mean of 4, 6, 8, 10, 12?",8 | 10 | 40 | 6,,0,
8-2,practice,no,mc,"What is the median of 3, 7, 9, 12, 15?",9 | 7 | 12 | 46,,0,
8-2,practice,no,mc,"What is the mode of 2, 5, 5, 7, 9, 5?",5 | 7 | 2 | 9,,0,
8-2,practice,no,mc,"What is the median of 4, 8, 10, 14?",9 | 10 | 8 | 12,,0,
8-2,practice,no,mc,"Find the mean of: 10, 14, 8, 12, 16",12 | 14 | 10 | 60,,0,
8-2,practice,no,mc,"Find the median of: 3, 7, 2, 9, 5",5 | 3 | 7 | 5.2,,0,
8-2,practice,no,mc,"Find the mode of: 4, 7, 4, 9, 2, 4, 8",4 | 7 | 9 | 2,,0,
8-2,practice,no,mc,"Find the mean of: 6, 8, 10, 12, 14",10 | 8 | 12 | 50,,0,
8-2,practice,no,paragraph,Sort each step into the correct order for finding the median.,,,0,
8-2,practice,no,paragraph,Complete the table.,,,0,
8-2,practice,no,paragraph,Match each measure to its definition.,,,0,
8-2,practice,no,paragraph,"Data: 20, 25, 30, 35, 40. Place the mean and median on the number line.",,,0,
8-2,practice,no,mc,"Data set: 4, 6, 6, 8, 10, 12. What is the median?",7 | 6 | 8 | 7.67,,0,
8-2,practice,no,paragraph,Find the Stats Error,,,0,
8-2,practice,no,paragraph,"A basketball player scored 15, 18, 16, 42, and 14 points in 5 games. Find the mean and median. Which better represents the player's typical game? Explain how the outlier affects each measure.",,,0,
8-2,practice,no,paragraph,Complete the table.,,,0,
8-2,quiz,yes,mc,"What is the mean of 4, 6, 8, 10, 12?",8 | 10 | 40 | 6,8,1,Sum = 40; 40 ÷ 5 = 8.
8-2,quiz,yes,mc,"What is the median of 3, 7, 9, 12, 15?",9 | 7 | 12 | 46,9,1,The middle value of five ordered numbers is the third one: 9.
8-2,quiz,yes,mc,"What is the mode of 2, 5, 5, 7, 9, 5?",5 | 7 | 2 | 9,5,1,5 appears most often (three times).
8-2,quiz,yes,mc,"What is the median of 4, 8, 10, 14?",9 | 10 | 8 | 12,9,1,"With four values, average the middle two: (8 + 10) ÷ 2 = 9."
8-2,quiz,yes,mc,"Find the mean of: 10, 14, 8, 12, 16",12 | 14 | 10 | 60,12,1,Sum = 10 + 14 + 8 + 12 + 16 = 60. Mean = 60 ÷ 5 = 12.
8-2,quiz,yes,mc,"Find the median of: 3, 7, 2, 9, 5",5 | 3 | 7 | 5.2,5,1,"Ordered: 2, 3, 5, 7, 9. The middle value is 5."
8-2,quiz,yes,mc,"Find the mode of: 4, 7, 4, 9, 2, 4, 8",4 | 7 | 9 | 2,4,1,4 appears three times — more than any other value. Mode = 4.
8-2,quiz,yes,mc,"Find the mean of: 6, 8, 10, 12, 14",10 | 8 | 12 | 50,10,1,Sum = 6 + 8 + 10 + 12 + 14 = 50. Mean = 50 ÷ 5 = 10.
8-2,quiz,yes,mc,"Data set: 4, 6, 6, 8, 10, 12. What is the median?",7 | 6 | 8 | 7.67,7,1,"With 6 values, the median is the average of the 3rd and 4th values: (6 + 8) ÷ 2 = 7."
8-2,quiz,yes,mc,Match each measure to its definition. /  / Mean,Middle value | Max − Min | Most frequent | Sum ÷ Count,Sum ÷ Count,1,
8-2,quiz,yes,mc,Match each measure to its definition. /  / Median,Sum ÷ Count | Max − Min | Most frequent | Middle value,Middle value,1,
8-2,quiz,yes,mc,Match each measure to its definition. /  / Mode,Max − Min | Sum ÷ Count | Most frequent | Middle value,Most frequent,1,
8-2,quiz,yes,mc,Match each measure to its definition. /  / Range,Middle value | Most frequent | Sum ÷ Count | Max − Min,Max − Min,1,
8-2,quiz,yes,mc,"Exit Ticket: Data set: 4, 7, 10, 7, 12. What is the median?",7 | 8 | 10 | 4,7,1,"Ordered: 4, 7, 7, 10, 12. The middle (3rd) value is 7."
8-3,notes,no,short,The average distance of each value from the mean is the ___.,,,0,
8-3,notes,no,short,How far a single value is from the mean is its ___.,,,0,
8-3,notes,no,short,"The distance of a number from zero, always positive, is its ___.",,,0,
8-3,notes,no,short,How far apart the data values are from each other is the ___.,,,0,
8-3,notes,no,short,The way data values are spread out is the ___.,,,0,
8-3,notes,no,short,How much the data values differ is the ___.,,,0,
8-3,notes,no,paragraph,"Player A scored 18, 22, 20, 24, 16 and Player B scored 10, 30, 25, 12, 23. Both average 20. Which player would you count on to score close to 20 every night, and why?",,,0,
8-3,notes,no,paragraph,"To find the MAD for Player A (18, 22, 20, 24, 16, mean 20), why do we take the ABSOLUTE VALUE of each deviation before averaging?",,,0,
8-3,notes,no,paragraph,"Two keepers both allow a mean of 1.67 goals, but Keeper A's MAD is 0.56 and Keeper B's is 1.22. Which keeper should the coach start in the championship, and why?",,,0,
8-3,notes,no,paragraph,"For the data set 4, 8, 6, 10, 2 with a mean of 6, talk through the steps to find the MAD.",,,0,
8-3,notes,no,paragraph,"Player A's MAD is 2.4 points. If Player B's MAD is 7.2 points, what does that tell you about their consistency?",,,0,
8-3,notes,no,paragraph,Both keepers allow the same average goals. Which should the coach pick and why?,,,0,
8-3,practice,no,mc,"The data 5, 7, 9 has mean 7. What is the mean absolute deviation (MAD)?",1.33 | 2 | 7 | 21,,0,
8-3,practice,no,mc,What does a larger MAD tell you about a data set?,The values are more spread out from the mean | The mean is larger | There are more values | The data has no mode,,0,
8-3,practice,no,mc,"The data 10, 10, 10, 10 has what MAD?",0 | 10 | 2.5 | 40,,0,
8-3,practice,no,mc,"For the data 2, 4, 6 (mean 4), what is the MAD?",1.33 | 2 | 4 | 12,,0,
8-3,practice,no,mc,The mean of a data set is 15. One value is 11. What is the absolute deviation of that value from the mean?,4 | −4 | 26 | 11,,0,
8-3,practice,no,mc,"A data set has absolute deviations of 3, 1, 5, 2, 4. What is the MAD?",3 | 5 | 15 | 1,,0,
8-3,practice,no,mc,The mean of a data set is 20. A value is 26. What is the absolute deviation?,6 | −6 | 46 | 26,,0,
8-3,practice,no,mc,Team A has MAD = 2.1 points. Team B has MAD = 6.8 points. Which team is more consistent?,Team A — lower MAD means scores are closer to the mean | Team B — higher MAD means better performance | Both are equally consistent | Cannot tell from MAD alone,,0,
8-3,practice,no,paragraph,"The mean is 10. Place each data value on the number line, then find how far each is from the mean: Data: 7, 10, 13.",,,0,
8-3,practice,no,paragraph,Complete the table.,,,0,
8-3,practice,no,paragraph,Match each MAD value to what it tells you about the data.,,,0,
8-3,practice,no,paragraph,Sort these data sets from LEAST spread out (lowest MAD) to MOST spread out (highest MAD).,,,0,
8-3,practice,no,mc,Two runners have the same average time of 60 seconds. Runner A's MAD is 1.2 seconds. Runner B's MAD is 5.8 seconds. Which runner is the coach more likely to pick for a relay race that needs a reliable time?,Runner A — lower MAD means more consistent times | Runner B — higher MAD means faster potential | Either — they have the same average | Neither — MAD doesn't matter for relay races,,0,
8-3,practice,no,paragraph,Find the MAD Error,,,0,
8-3,practice,no,paragraph,"Two basketball teams both average 75 points per game. Team A's last 5 scores: 73, 76, 74, 77, 75. Team B's last 5 scores: 60, 90, 65, 85, 75. Calculate the MAD for each team and explain which team a coach would prefer if they need predictable scoring.",,,0,
8-3,practice,no,paragraph,"For each scenario, would you want low or high MAD? Explain.",,,0,
8-3,quiz,yes,mc,"The data 5, 7, 9 has mean 7. What is the mean absolute deviation (MAD)?",1.33 | 2 | 7 | 21,1.33,1,"Distances from 7 are 2, 0, 2; mean = 4 ÷ 3 ≈ 1.33."
8-3,quiz,yes,mc,What does a larger MAD tell you about a data set?,The values are more spread out from the mean | The mean is larger | There are more values | The data has no mode,The values are more spread out from the mean,1,MAD measures average distance from the mean; larger MAD means more spread.
8-3,quiz,yes,mc,"The data 10, 10, 10, 10 has what MAD?",0 | 10 | 2.5 | 40,0,1,"Every value equals the mean, so each distance is 0 and MAD = 0."
8-3,quiz,yes,mc,"For the data 2, 4, 6 (mean 4), what is the MAD?",1.33 | 2 | 4 | 12,1.33,1,"Distances are 2, 0, 2; mean = 4 ÷ 3 ≈ 1.33."
8-3,quiz,yes,mc,The mean of a data set is 15. One value is 11. What is the absolute deviation of that value from the mean?,4 | −4 | 26 | 11,4,1,Deviation = 11 − 15 = −4. Absolute deviation = |−4| = 4.
8-3,quiz,yes,mc,"A data set has absolute deviations of 3, 1, 5, 2, 4. What is the MAD?",3 | 5 | 15 | 1,3,1,Sum of absolute deviations = 3 + 1 + 5 + 2 + 4 = 15. MAD = 15 ÷ 5 = 3.
8-3,quiz,yes,mc,The mean of a data set is 20. A value is 26. What is the absolute deviation?,6 | −6 | 46 | 26,6,1,Deviation = 26 − 20 = 6. Absolute deviation = |6| = 6.
8-3,quiz,yes,mc,Team A has MAD = 2.1 points. Team B has MAD = 6.8 points. Which team is more consistent?,Team A — lower MAD means scores are closer to the mean | Team B — higher MAD means better performance | Both are equally consistent | Cannot tell from MAD alone,Team A — lower MAD means scores are closer to the mean,1,"Lower MAD means less spread — Team A's scores stay closer to their average, making them more consistent."
8-3,quiz,yes,mc,Two runners have the same average time of 60 seconds. Runner A's MAD is 1.2 seconds. Runner B's MAD is 5.8 seconds. Which runner is the coach more likely to pick for a relay race that needs a reliable time?,Runner A — lower MAD means more consistent times | Runner B — higher MAD means faster potential | Either — they have the same average | Neither — MAD doesn't matter for relay races,Runner A — lower MAD means more consistent times,1,"Runner A's MAD of 1.2 means times are usually within 1.2 seconds of 60. Runner B's times vary more widely. For reliability, pick Runner A."
8-3,quiz,yes,mc,Match each MAD value to what it tells you about the data. /  / MAD = 1.5,All values are identical | Very spread out data | Very consistent data | Moderate spread,Very consistent data,1,
8-3,quiz,yes,mc,Match each MAD value to what it tells you about the data. /  / MAD = 8.0,All values are identical | Very spread out data | Moderate spread | Very consistent data,Very spread out data,1,
8-3,quiz,yes,mc,Match each MAD value to what it tells you about the data. /  / MAD = 0,Moderate spread | All values are identical | Very spread out data | Very consistent data,All values are identical,1,
8-3,quiz,yes,mc,Match each MAD value to what it tells you about the data. /  / MAD = 4.2,Moderate spread | Very consistent data | Very spread out data | All values are identical,Moderate spread,1,
8-3,quiz,yes,mc,"Exit Ticket: Data set: 4, 8, 6, 10, 2. The mean is 6. What is the MAD?",2.4 | 6 | 0 | 12,2.4,1,"Deviations: −2, 2, 0, 4, −4. Absolute deviations: 2, 2, 0, 4, 4. Sum = 12. MAD = 12 ÷ 5 = 2.4."
8-4,notes,no,short,The average of a data set is the ___.,,,0,
8-4,notes,no,short,"The middle value when data is in order, often best when there is an outlier, is the ___.",,,0,
8-4,notes,no,short,"A value far from the rest of the data, which can pull the mean, is an ___.",,,0,
8-4,notes,no,short,Data that is bunched on one side with a tail on the other is ___.,,,0,
8-4,notes,no,short,The way data values are spread out is the ___.,,,0,
8-4,notes,no,short,How much the data values differ is the ___.,,,0,
8-4,notes,no,paragraph,"A top scorer's points were 22, 24, 20, 25, 23, 21, 58. The mean is 27.6 but the median is 23. Which should the league report as the 'typical' game, and why?",,,0,
8-4,notes,no,paragraph,"As you sort scenarios into 'Use Mean' or 'Use Median,' what clue tells you a data set needs the median instead of the mean?",,,0,
8-4,notes,no,paragraph,"A reporter writes 'the average playoff ticket is $85,' but prices are $45, $50, $48, $52, $55, $260. Is $85 a fair 'typical' price? What measure should the reporter use?",,,0,
8-4,notes,no,paragraph,"For the data set 15, 18, 16, 17, 15, 72, which measure of center best represents the data, and why?",,,0,
8-4,notes,no,paragraph,What pattern do you notice about when median is the better choice?,,,0,
8-4,notes,no,paragraph,Is $85 a fair way to describe a 'typical' ticket price? What measure should the reporter use?,,,0,
8-4,practice,no,mc,A data set has an extreme outlier. Which measure of center is usually best?,Median | Mean | Range | Mode only,,0,
8-4,practice,no,mc,Which measure of spread pairs naturally with the mean?,Mean absolute deviation | Median | Mode | Range only,,0,
8-4,practice,no,mc,"Test scores are 80, 82, 85, 88, 12. Why is the median better than the mean here?",The score of 12 is an outlier that pulls the mean down | The mean is always wrong | There are too few scores | The data has no median,,0,
8-4,practice,no,mc,"For data with no outliers and a symmetric shape, which center is appropriate?",Mean | Only mode | Only range | Neither mean nor median,,0,
8-4,practice,no,mc,"A gymnast's scores are: 8.5, 8.8, 8.7, 8.6, 8.9. There are no outliers. Which measure best represents a typical score?",Mean | Median | Neither — the data is too small | Both are equally bad,,0,
8-4,practice,no,mc,"A runner's mile times are: 7:10, 7:15, 7:12, 7:20, 12:00. The 12:00 was due to a cramp. Which measure best represents a typical mile?",Median — the outlier 12:00 pulls the mean too high | Mean — it uses all the data | Mode — it shows the most common time | Neither measure works,,0,
8-4,practice,no,paragraph,Match each item to its partner.,,,0,
8-4,practice,no,mc,"Data set: 5, 6, 7, 7, 8, 50. The mean is about 13.8 and the median is 7. Which better represents the typical value?",Median (7) — the outlier 50 inflates the mean | Mean (13.8) — it includes all values | Both are equally good | Neither works for this data,,0,
8-4,practice,no,paragraph,Sort each data feature into whether it suggests using the mean or the median.,,,0,
8-4,practice,no,mc,"A baseball player's batting averages over 6 seasons are: .280, .295, .290, .285, .300, .110. The .110 was an injury-shortened season. Which measure better represents the player's typical batting average?","Median, because the .110 outlier pulls the mean down | Mean, because it uses all the data | Mean, because .110 is a real season | Neither measure works",,0,
8-4,practice,no,paragraph,Complete the table.,,,0,
8-4,practice,no,paragraph,Match each item to its partner.,,,0,
8-4,practice,no,paragraph,"Data: 10, 12, 11, 13, 50. Place the mean (19.2) and median (12) on the number line. Notice how far apart they are because of the outlier.",,,0,
8-4,practice,no,paragraph,Find the Reasoning Error,,,0,
8-4,practice,no,paragraph,"A local newspaper reports that the average home price in a neighborhood is $450,000. The actual prices are: $180K, $200K, $190K, $210K, $195K, $1,725K. Is the reporter's claim misleading? Calculate the mean and median and explain which better represents a 'typical' home price.",,,0,
8-4,practice,no,paragraph,Sort each real-world situation into whether the mean or median is more commonly reported.,,,0,
8-4,quiz,yes,mc,A data set has an extreme outlier. Which measure of center is usually best?,Median | Mean | Range | Mode only,Median,1,"The median is resistant to outliers, so it better represents typical values."
8-4,quiz,yes,mc,Which measure of spread pairs naturally with the mean?,Mean absolute deviation | Median | Mode | Range only,Mean absolute deviation,1,MAD measures spread around the mean.
8-4,quiz,yes,mc,"Test scores are 80, 82, 85, 88, 12. Why is the median better than the mean here?",The score of 12 is an outlier that pulls the mean down | The mean is always wrong | There are too few scores | The data has no median,The score of 12 is an outlier that pulls the mean down,1,"The outlier 12 lowers the mean a lot, but the median stays near the typical scores."
8-4,quiz,yes,mc,"For data with no outliers and a symmetric shape, which center is appropriate?",Mean | Only mode | Only range | Neither mean nor median,Mean,1,"With no outliers, the mean represents the data well."
8-4,quiz,yes,mc,"A gymnast's scores are: 8.5, 8.8, 8.7, 8.6, 8.9. There are no outliers. Which measure best represents a typical score?",Mean | Median | Neither — the data is too small | Both are equally bad,Mean,1,"The data is symmetric with no outliers, so the mean (8.7) best represents the typical score."
8-4,quiz,yes,mc,"A runner's mile times are: 7:10, 7:15, 7:12, 7:20, 12:00. The 12:00 was due to a cramp. Which measure best represents a typical mile?",Median — the outlier 12:00 pulls the mean too high | Mean — it uses all the data | Mode — it shows the most common time | Neither measure works,Median — the outlier 12:00 pulls the mean too high,1,The 12:00 is an outlier that pulls the mean up. The median (7:15) better represents the runner's typical time.
8-4,quiz,yes,mc,"Data set: 5, 6, 7, 7, 8, 50. The mean is about 13.8 and the median is 7. Which better represents the typical value?",Median (7) — the outlier 50 inflates the mean | Mean (13.8) — it includes all values | Both are equally good | Neither works for this data,Median (7) — the outlier 50 inflates the mean,1,The mean (13.8) is higher than 5 of the 6 values because the outlier 50 pulls it up. The median (7) better represents a typical value.
8-4,quiz,yes,mc,"A baseball player's batting averages over 6 seasons are: .280, .295, .290, .285, .300, .110. The .110 was an injury-shortened season. Which measure better represents the player's typical batting average?","Median, because the .110 outlier pulls the mean down | Mean, because it uses all the data | Mean, because .110 is a real season | Neither measure works","Median, because the .110 outlier pulls the mean down",1,The .110 is an outlier that pulls the mean down to .260. The median (.2875) better represents typical performance because it isn't affected by the extreme value.
8-4,quiz,yes,mc,"Match each item to its partner. /  / Test scores: 88, 90, 85, 92, 87 (no outliers)",Mean | Median | Mean | Median,Mean,1,
8-4,quiz,yes,mc,"Match each item to its partner. /  / Salaries: $30K, $32K, $35K, $31K, $250K",Median | Mean | Mean | Median,Median,1,
8-4,quiz,yes,mc,"Match each item to its partner. /  / Race times: 12.1s, 12.3s, 12.0s, 12.2s, 12.1s",Median | Median | Mean | Mean,Mean,1,
8-4,quiz,yes,mc,"Match each item to its partner. /  / Goals scored: 1, 2, 1, 0, 2, 1, 15",Mean | Mean | Median | Median,Median,1,
8-4,quiz,yes,mc,Match each item to its partner. /  / Data is symmetric and has no extreme values,Use Mean | Use Median | Use Mean | Use Median,Use Mean,1,
8-4,quiz,yes,mc,Match each item to its partner. /  / Data has one or more outliers,Use Median | Use Mean | Use Median | Use Mean,Use Median,1,
8-4,quiz,yes,mc,Match each item to its partner. /  / Data is skewed to one side,Use Median | Use Mean | Use Median | Use Mean,Use Median,1,
8-4,quiz,yes,mc,Match each item to its partner. /  / All values are clustered close together,Use Mean | Use Median | Use Median | Use Mean,Use Mean,1,
8-4,quiz,yes,mc,"Exit Ticket: Data set: 15, 18, 16, 17, 15, 72. Which measure of center best represents the data?","Median, because 72 is an outlier | Mean, because it uses all values | Mean, because it is always best | Neither works for this data","Median, because 72 is an outlier",1,The value 72 is an outlier. The mean (25.5) is pulled high by 72 and doesn't represent the typical values. The median (16.5) is a better measure of center.
8-5,notes,no,short,A graph that shows data with a box and whiskers based on the five-number summary is a ___.,,,0,
8-5,notes,no,short,"The middle value of the data, shown as a line inside the box, is the ___.",,,0,
8-5,notes,no,short,A value that divides the data into four equal parts is a ___.,,,0,
8-5,notes,no,short,"The distance between the first and third quartiles, showing the middle 50% of data, is the ___.",,,0,
8-5,notes,no,short,The way data values are spread out is the ___.,,,0,
8-5,notes,no,short,How spread out the data values are is the ___.,,,0,
8-5,notes,no,paragraph,"The Wildcats' scores are 4, 6, 8, 10, 12, 14, 15, 18, 22, 24, 28. To build a box plot you need a five-number summary. What five numbers will you need?",,,0,
8-5,notes,no,paragraph,"As you draw the box from Q1 to Q3, what does the length of the box tell you about the players' scores?",,,0,
8-5,notes,no,paragraph,"Team A: Min=40, Q1=52, Med=60, Q3=68, Max=75. Team B: Min=35, Q1=55, Med=61, Q3=65, Max=80. A fan says Team B is better because they scored 80 once. Which team scores high more consistently?",,,0,
8-5,notes,no,paragraph,"A box plot has Q1 = 20 and Q3 = 36. What is the IQR, and what does it represent?",,,0,
8-5,notes,no,paragraph,The IQR is Q3 − Q1 = 22 − 8 = 14. What does this tell you about the middle 50% of scorers?,,,0,
8-5,notes,no,paragraph,Which team is more consistently scoring high? Use the box plot values to support your answer.,,,0,
8-5,practice,no,mc,"In a box plot, the line inside the box represents the...",Median | Mean | Maximum | Range,,0,
8-5,practice,no,mc,A box plot has Q1 = 20 and Q3 = 35. What is the interquartile range (IQR)?,15 | 55 | 27.5 | 20,,0,
8-5,practice,no,mc,What does the box (between Q1 and Q3) of a box plot represent?,The middle 50% of the data | All of the data | The mean | Only the largest values,,0,
8-5,practice,no,mc,A data set has minimum 5 and maximum 45. What is the range?,40 | 50 | 25 | 9,,0,
8-5,practice,no,mc,"A box plot shows: Min = 10, Q1 = 15, Median = 20, Q3 = 28, Max = 35. What is the interquartile range (IQR)?",13 | 25 | 10 | 20,,0,
8-5,practice,no,mc,"On a box plot, what does the line inside the box represent?",The median | The mean | The mode | The range,,0,
8-5,practice,no,mc,What percentage of data falls between Q1 and Q3 on a box plot?,50% | 25% | 75% | 100%,,0,
8-5,practice,no,mc,"Find the range of: 14, 22, 8, 31, 17",23 | 31 | 8 | 18,,0,
8-5,practice,no,paragraph,Put the steps for creating a box plot in the correct order.,,,0,
8-5,practice,no,paragraph,Complete the table.,,,0,
8-5,practice,no,paragraph,Match each box plot term to its meaning.,,,0,
8-5,practice,no,paragraph,"Data: 3, 5, 7, 9, 11, 13, 15. Place the five-number summary on the number line.",,,0,
8-5,practice,no,mc,"Two box plots show: Team A has IQR = 8, Team B has IQR = 22. What does this tell you?",Team A's middle 50% is more consistent; Team B's is more spread out | Team B is a better team | Team A has a higher median | The IQRs don't tell you about consistency,,0,
8-5,practice,no,paragraph,Find the Box Plot Error,,,0,
8-5,practice,no,paragraph,"Two basketball teams played 9 games each. Team A: 40, 42, 44, 46, 48, 50, 52, 54, 56. Team B: 30, 35, 40, 45, 48, 50, 55, 60, 65. Find the five-number summary and IQR for each team. Which team is more consistent? Which has a wider spread in the middle 50%?",,,0,
8-5,practice,no,paragraph,Match each box plot feature with what it tells you about the data.,,,0,
8-5,quiz,yes,mc,"In a box plot, the line inside the box represents the...",Median | Mean | Maximum | Range,Median,1,The middle line of a box plot marks the median.
8-5,quiz,yes,mc,A box plot has Q1 = 20 and Q3 = 35. What is the interquartile range (IQR)?,15 | 55 | 27.5 | 20,15,1,IQR = Q3 − Q1 = 35 − 20 = 15.
8-5,quiz,yes,mc,What does the box (between Q1 and Q3) of a box plot represent?,The middle 50% of the data | All of the data | The mean | Only the largest values,The middle 50% of the data,1,"The box spans Q1 to Q3, holding the middle half of the data."
8-5,quiz,yes,mc,A data set has minimum 5 and maximum 45. What is the range?,40 | 50 | 25 | 9,40,1,Range = maximum − minimum = 45 − 5 = 40.
8-5,quiz,yes,mc,"A box plot shows: Min = 10, Q1 = 15, Median = 20, Q3 = 28, Max = 35. What is the interquartile range (IQR)?",13 | 25 | 10 | 20,13,1,IQR = Q3 − Q1 = 28 − 15 = 13.
8-5,quiz,yes,mc,"On a box plot, what does the line inside the box represent?",The median | The mean | The mode | The range,The median,1,The line inside the box of a box plot always represents the median.
8-5,quiz,yes,mc,What percentage of data falls between Q1 and Q3 on a box plot?,50% | 25% | 75% | 100%,50%,1,The box in a box plot contains the middle 50% of the data (from Q1 to Q3).
8-5,quiz,yes,mc,"Find the range of: 14, 22, 8, 31, 17",23 | 31 | 8 | 18,23,1,Range = max − min = 31 − 8 = 23.
8-5,quiz,yes,mc,"Two box plots show: Team A has IQR = 8, Team B has IQR = 22. What does this tell you?",Team A's middle 50% is more consistent; Team B's is more spread out | Team B is a better team | Team A has a higher median | The IQRs don't tell you about consistency,Team A's middle 50% is more consistent; Team B's is more spread out,1,A smaller IQR means the middle 50% of data is more tightly clustered. Team A's scoring is more consistent in the middle range.
8-5,quiz,yes,mc,Match each box plot term to its meaning. /  / Minimum,Smallest value in the data set | Median of the lower half | Largest value in the data set | Median of the upper half | Middle value of the entire data set | Q3 − Q1 (spread of middle 50%),Smallest value in the data set,1,
8-5,quiz,yes,mc,Match each box plot term to its meaning. /  / Q1,Smallest value in the data set | Q3 − Q1 (spread of middle 50%) | Largest value in the data set | Median of the lower half | Middle value of the entire data set | Median of the upper half,Median of the lower half,1,
8-5,quiz,yes,mc,Match each box plot term to its meaning. /  / Median,Largest value in the data set | Q3 − Q1 (spread of middle 50%) | Middle value of the entire data set | Median of the upper half | Median of the lower half | Smallest value in the data set,Middle value of the entire data set,1,
8-5,quiz,yes,mc,Match each box plot term to its meaning. /  / Q3,Median of the upper half | Median of the lower half | Smallest value in the data set | Largest value in the data set | Middle value of the entire data set | Q3 − Q1 (spread of middle 50%),Median of the upper half,1,
8-5,quiz,yes,mc,Match each box plot term to its meaning. /  / IQR,Median of the upper half | Median of the lower half | Largest value in the data set | Q3 − Q1 (spread of middle 50%) | Smallest value in the data set | Middle value of the entire data set,Q3 − Q1 (spread of middle 50%),1,
8-5,quiz,yes,mc,Match each box plot term to its meaning. /  / Maximum,Q3 − Q1 (spread of middle 50%) | Median of the upper half | Smallest value in the data set | Largest value in the data set | Median of the lower half | Middle value of the entire data set,Largest value in the data set,1,
8-5,quiz,yes,mc,Exit Ticket: A box plot has Q1 = 20 and Q3 = 36. What is the IQR and what does it represent?,IQR = 16; it is the spread of the middle 50% of the data | IQR = 56; it is the total of Q1 and Q3 | IQR = 28; it is the median between Q1 and Q3 | IQR = 36; it is the value of Q3,IQR = 16; it is the spread of the middle 50% of the data,1,IQR = Q3 − Q1 = 36 − 20 = 16. The IQR tells you the range of the middle 50% of the data.
8-6,notes,no,short,A bar graph that shows how often data falls into equal intervals is a ___.,,,0,
8-6,notes,no,short,How many data values fall in an interval is the ___.,,,0,
8-6,notes,no,short,An equal-sized range of values used to group data is an ___.,,,0,
8-6,notes,no,short,The overall pattern of how data is spread out is the ___.,,,0,
8-6,notes,no,short,The way data values are spread out is the ___.,,,0,
8-6,notes,no,short,How much the data values differ is the ___.,,,0,
8-6,notes,no,paragraph,You have 30 players' points-per-game averages. Why is it easier to display them in a histogram with intervals than to list all 30 numbers?,,,0,
8-6,notes,no,paragraph,"As you build the frequency table with intervals of 10, what does the height of each bar in the histogram represent?",,,0,
8-6,notes,no,paragraph,"A histogram of shots-per-game shows 0-2: 1 player, 3-5: 8, 6-8: 10, 9-11: 3, 12-14: 1. The coach says 'most players take a good number of shots.' Does the shape support that claim?",,,0,
8-6,notes,no,paragraph,"A histogram of heights shows 60-63 in: 2, 64-67 in: 7, 68-71 in: 9, 72-75 in: 4. Which interval has the most players, and how do you know?",,,0,
8-6,notes,no,paragraph,The tallest bar is the 10–19 interval with 15 players. What does the shape of this histogram tell you about scoring in the league?,,,0,
8-6,notes,no,paragraph,Does the histogram support the coach's claim? What does the shape of the data tell you?,,,0,
8-6,practice,no,mc,A histogram differs from a bar graph because...,It groups numeric data into equal intervals with no gaps | It uses pictures | It only shows one value | It cannot show frequency,,0,
8-6,practice,no,mc,A histogram bin for 10–19 has a bar height of 6. What does 6 represent?,6 data values fall in that interval | The value 6 only | 6 intervals | The mean is 6,,0,
8-6,practice,no,mc,"Histogram bins are 0–9, 10–19, 20–29 with heights 4, 9, 2. How many data values total?",15 | 9 | 6 | 45,,0,
8-6,practice,no,mc,Why should histogram intervals be equal in width?,So the bars fairly compare how many values fall in each range | To make the graph colorful | Because data must be negative | So there are no numbers,,0,
8-6,practice,no,mc,"A histogram shows these frequencies: 0–4: 3 players, 5–9: 8 players, 10–14: 12 players, 15–19: 5 players. How many players are represented in total?",28 | 12 | 20 | 15,,0,
8-6,practice,no,mc,"In a histogram, what does the height of each bar represent?",The frequency (count) of data in that interval | The average of the data in that interval | The range of the interval | The median of the data,,0,
8-6,practice,no,mc,How is a histogram different from a regular bar graph?,Histogram bars touch (no gaps) because the intervals are continuous ranges | Histograms use colors and bar graphs don't | Bar graphs show numbers and histograms show words | There is no difference,,0,
8-6,practice,no,mc,"A histogram has intervals: 0–4, 5–9, 10–14, 15–19. What is the width of each interval?",5 | 4 | 10 | 19,,0,
8-6,practice,no,paragraph,Put the steps for creating a histogram in the correct order.,,,0,
8-6,practice,no,paragraph,Complete the table.,,,0,
8-6,practice,no,mc,"A histogram of test scores shows: 50–59: 2, 60–69: 5, 70–79: 10, 80–89: 8, 90–99: 3. Which interval has the most students?",70–79 with 10 students | 80–89 with 8 students | 60–69 with 5 students | 90–99 with 3 students,,0,
8-6,practice,no,paragraph,Match each term to its description.,,,0,
8-6,practice,no,paragraph,"Based on the histogram frequencies below, sort the intervals from most players to fewest: 0–9: 4, 10–19: 11, 20–29: 7, 30–39: 2.",,,0,
8-6,practice,no,paragraph,Find the Histogram Error,,,0,
8-6,practice,no,paragraph,"A teacher collected test scores and made two different histograms — one with intervals of 5 (50–54, 55–59, etc.) and one with intervals of 20 (50–69, 70–89, 90–109). Both use the same data. How might the two histograms look different? Which interval size gives you more detail about the distribution? When might the larger interval be better?",,,0,
8-6,practice,no,paragraph,Match each histogram shape with its description and a sports example.,,,0,
8-6,quiz,yes,mc,A histogram differs from a bar graph because...,It groups numeric data into equal intervals with no gaps | It uses pictures | It only shows one value | It cannot show frequency,It groups numeric data into equal intervals with no gaps,1,Histograms display continuous numeric data in intervals (bins) with bars touching.
8-6,quiz,yes,mc,A histogram bin for 10–19 has a bar height of 6. What does 6 represent?,6 data values fall in that interval | The value 6 only | 6 intervals | The mean is 6,6 data values fall in that interval,1,The bar height is the frequency — how many values fall in that bin.
8-6,quiz,yes,mc,"Histogram bins are 0–9, 10–19, 20–29 with heights 4, 9, 2. How many data values total?",15 | 9 | 6 | 45,15,1,4 + 9 + 2 = 15 data values.
8-6,quiz,yes,mc,Why should histogram intervals be equal in width?,So the bars fairly compare how many values fall in each range | To make the graph colorful | Because data must be negative | So there are no numbers,So the bars fairly compare how many values fall in each range,1,Equal widths make frequency comparisons fair across bins.
8-6,quiz,yes,mc,"A histogram shows these frequencies: 0–4: 3 players, 5–9: 8 players, 10–14: 12 players, 15–19: 5 players. How many players are represented in total?",28 | 12 | 20 | 15,28,1,Add all frequencies: 3 + 8 + 12 + 5 = 28 players.
8-6,quiz,yes,mc,"In a histogram, what does the height of each bar represent?",The frequency (count) of data in that interval | The average of the data in that interval | The range of the interval | The median of the data,The frequency (count) of data in that interval,1,Each bar's height shows the frequency — how many data values fall within that interval.
8-6,quiz,yes,mc,How is a histogram different from a regular bar graph?,Histogram bars touch (no gaps) because the intervals are continuous ranges | Histograms use colors and bar graphs don't | Bar graphs show numbers and histograms show words | There is no difference,Histogram bars touch (no gaps) because the intervals are continuous ranges,1,"In a histogram, bars touch because each interval connects to the next (0–9, 10–19, etc.) — the data is continuous."
8-6,quiz,yes,mc,"A histogram has intervals: 0–4, 5–9, 10–14, 15–19. What is the width of each interval?",5 | 4 | 10 | 19,5,1,"Each interval covers 5 values (0,1,2,3,4 then 5,6,7,8,9 etc.), so the width is 5."
8-6,quiz,yes,mc,"A histogram of test scores shows: 50–59: 2, 60–69: 5, 70–79: 10, 80–89: 8, 90–99: 3. Which interval has the most students?",70–79 with 10 students | 80–89 with 8 students | 60–69 with 5 students | 90–99 with 3 students,70–79 with 10 students,1,The 70–79 interval has the highest frequency of 10 students.
8-6,quiz,yes,mc,Match each term to its description. /  / Histogram,"Bars separated, shows categories | Bars touch, shows frequency by interval | Range of values grouped together | Count of values in an interval","Bars touch, shows frequency by interval",1,
8-6,quiz,yes,mc,Match each term to its description. /  / Bar graph,"Bars separated, shows categories | Range of values grouped together | Count of values in an interval | Bars touch, shows frequency by interval","Bars separated, shows categories",1,
8-6,quiz,yes,mc,Match each term to its description. /  / Frequency,"Range of values grouped together | Bars touch, shows frequency by interval | Bars separated, shows categories | Count of values in an interval",Count of values in an interval,1,
8-6,quiz,yes,mc,Match each term to its description. /  / Interval,"Bars separated, shows categories | Bars touch, shows frequency by interval | Range of values grouped together | Count of values in an interval",Range of values grouped together,1,
8-6,quiz,yes,mc,"Exit Ticket: A histogram of player heights shows: 60–63 in: 2, 64–67 in: 7, 68–71 in: 9, 72–75 in: 4. Which interval has the most players?",68–71 inches | 64–67 inches | 72–75 inches | 60–63 inches,68–71 inches,1,The 68–71 inch interval has the highest frequency of 9 players.
8-7,notes,no,short,A distribution where both sides look like mirror images is ___.,,,0,
8-7,notes,no,short,A distribution with a tail stretching out to one side is ___.,,,0,
8-7,notes,no,short,A group of data values bunched close together is a ___.,,,0,
8-7,notes,no,short,An interval where there are no data values is a ___.,,,0,
8-7,notes,no,short,The way data values are spread out across a range is the ___.,,,0,
8-7,notes,no,short,How much the values in a data set differ from one another is the ___.,,,0,
8-7,notes,no,paragraph,"The analyst graphs player heights, 3-pointers per game, and coaches' years of experience. Why might each data set have a DIFFERENT shape when graphed?",,,0,
8-7,notes,no,paragraph,"As you match each data description to its shape, how can you tell a symmetric distribution from a skewed one just by looking?",,,0,
8-7,notes,no,paragraph,"Marathon times cluster at 3.5-4.5 hours, with elites at 2.0-2.5 and a long tail of slower runners at 5-7 hours. What is the shape, and should the reporter use the mean or median for a 'typical' time?",,,0,
8-7,notes,no,paragraph,"A data set has most values clustered between 40-60 with a few at 90-100. What is the shape of the distribution, and which measure of center is best?",,,0,
8-7,notes,no,paragraph,"When data is skewed right, is the mean or median a better measure of center? Why?",,,0,
8-7,notes,no,paragraph,What is the shape of this distribution? Should the reporter use the mean or median to describe a 'typical' finish time?,,,0,
8-7,practice,no,mc,A distribution with a long tail stretching to the right is called...,Skewed right | Skewed left | Symmetric | Uniform,,0,
8-7,practice,no,mc,A data set that is roughly the same on both sides of the center is...,Symmetric | Skewed right | Skewed left | Bimodal only,,0,
8-7,practice,no,mc,"In a right-skewed distribution, how does the mean compare to the median?",The mean is usually greater than the median | They are always equal | The mean is always 0 | The median is always larger by 10,,0,
8-7,practice,no,mc,A distribution with two clear peaks is described as...,Bimodal | Symmetric only | Uniform | Skewed left,,0,
8-7,practice,no,mc,"A histogram of basketball players' ages shows: most players are 22–28, with a long tail of older players up to age 40. What is the shape of this distribution?",Skewed right | Symmetric | Skewed left | Uniform,,0,
8-7,practice,no,mc,A data set is symmetric. What is likely true about the mean and median?,They are approximately equal | The mean is much higher than the median | The median is much higher than the mean | They are always exactly the same,,0,
8-7,practice,no,paragraph,Match each item to its partner.,,,0,
8-7,practice,no,mc,"Which word describes the direction of the TAIL, not the peak?",Skew — the direction of the long tail tells you the skew direction | Skew — the direction of the peak tells you the skew direction | Skew — the direction the median points | Skew — the direction of the mode,,0,
8-7,practice,no,paragraph,Sort each histogram description into its shape.,,,0,
8-7,practice,no,mc,"A dot plot of goals scored per game shows: 0(5 dots), 1(7 dots), 2(4 dots), 3(2 dots), 4(1 dot). What is the shape?",Skewed right — most values at the low end with a tail to the right | Symmetric — equal on both sides | Skewed left — most values at the high end | Uniform — all bars the same height,,0,
8-7,practice,no,paragraph,Complete the table: how does distribution shape affect the relationship between mean and median?,,,0,
8-7,practice,no,paragraph,Match each item to its partner.,,,0,
8-7,practice,no,paragraph,"For each data set, decide: is it symmetric, skewed right, or skewed left?",,,0,
8-7,practice,no,paragraph,Find the Shape Error,,,0,
8-7,practice,no,paragraph,A teacher shows two dot plots of quiz scores from two different classes. Class A's data is symmetric with a cluster around 80. Class B's data is skewed right with most scores between 60–70 and a few scores near 100. Compare the classes: which has a higher median? Which has a higher mean? In which class does the mean better represent a typical score?,,,0,
8-7,practice,no,paragraph,"For each data set, identify the shape, compare mean vs. median, and explain why.",,,0,
8-7,quiz,yes,mc,A distribution with a long tail stretching to the right is called...,Skewed right | Skewed left | Symmetric | Uniform,Skewed right,1,A tail pulling toward larger values means it is skewed right.
8-7,quiz,yes,mc,A data set that is roughly the same on both sides of the center is...,Symmetric | Skewed right | Skewed left | Bimodal only,Symmetric,1,"If both sides mirror each other, the distribution is symmetric."
8-7,quiz,yes,mc,"In a right-skewed distribution, how does the mean compare to the median?",The mean is usually greater than the median | They are always equal | The mean is always 0 | The median is always larger by 10,The mean is usually greater than the median,1,The long right tail pulls the mean above the median.
8-7,quiz,yes,mc,A distribution with two clear peaks is described as...,Bimodal | Symmetric only | Uniform | Skewed left,Bimodal,1,Two peaks means the distribution is bimodal.
8-7,quiz,yes,mc,"A histogram of basketball players' ages shows: most players are 22–28, with a long tail of older players up to age 40. What is the shape of this distribution?",Skewed right | Symmetric | Skewed left | Uniform,Skewed right,1,Most data is on the left (younger ages) with a tail stretching right (older ages). This is skewed right.
8-7,quiz,yes,mc,A data set is symmetric. What is likely true about the mean and median?,They are approximately equal | The mean is much higher than the median | The median is much higher than the mean | They are always exactly the same,They are approximately equal,1,"In a symmetric distribution, the mean and median are approximately equal because the data is balanced on both sides."
8-7,quiz,yes,mc,"Which word describes the direction of the TAIL, not the peak?",Skew — the direction of the long tail tells you the skew direction | Skew — the direction of the peak tells you the skew direction | Skew — the direction the median points | Skew — the direction of the mode,Skew — the direction of the long tail tells you the skew direction,1,"The skew direction is named after the TAIL. If the tail stretches to the right, it is skewed right, even though the peak is on the left."
8-7,quiz,yes,mc,"A dot plot of goals scored per game shows: 0(5 dots), 1(7 dots), 2(4 dots), 3(2 dots), 4(1 dot). What is the shape?",Skewed right — most values at the low end with a tail to the right | Symmetric — equal on both sides | Skewed left — most values at the high end | Uniform — all bars the same height,Skewed right — most values at the low end with a tail to the right,1,The data peaks at 0–1 goals and tails off toward 4. Most data is on the left with fewer values stretching right — this is skewed right.
8-7,quiz,yes,mc,Match each item to its partner. /  / Equal amounts of data on both sides of the center,Cluster | Skewed Left | Skewed Right | Symmetric,Symmetric,1,
8-7,quiz,yes,mc,"Match each item to its partner. /  / Most data on the left, tail stretches right",Skewed Right | Skewed Left | Symmetric | Cluster,Skewed Right,1,
8-7,quiz,yes,mc,"Match each item to its partner. /  / Most data on the right, tail stretches left",Symmetric | Cluster | Skewed Left | Skewed Right,Skewed Left,1,
8-7,quiz,yes,mc,Match each item to its partner. /  / Data values grouped tightly with nothing nearby,Cluster | Skewed Right | Symmetric | Skewed Left,Cluster,1,
8-7,quiz,yes,mc,Match each item to its partner. /  / Symmetric distribution,Mean (mean ≈ median) | Median (mean is pulled left) | Median (mean is pulled right) | Median (resistant to gaps),Mean (mean ≈ median),1,
8-7,quiz,yes,mc,Match each item to its partner. /  / Skewed right distribution,Median (mean is pulled left) | Median (resistant to gaps) | Median (mean is pulled right) | Mean (mean ≈ median),Median (mean is pulled right),1,
8-7,quiz,yes,mc,Match each item to its partner. /  / Skewed left distribution,Median (mean is pulled left) | Median (resistant to gaps) | Mean (mean ≈ median) | Median (mean is pulled right),Median (mean is pulled left),1,
8-7,quiz,yes,mc,Match each item to its partner. /  / Data with a large gap and cluster,Median (resistant to gaps) | Median (mean is pulled right) | Mean (mean ≈ median) | Median (mean is pulled left),Median (resistant to gaps),1,
8-7,quiz,yes,mc,"Exit Ticket: A data set has most values clustered between 40–60, with a few values at 90–100. What is the shape of the distribution and which measure of center is best?",Skewed right; use median | Symmetric; use mean | Skewed left; use median | Uniform; use mean,Skewed right; use median,1,The data clusters on the left (40–60) with a tail to the right (90–100). This is skewed right. The median is best because the mean would be pulled toward the high values.
9-1,notes,no,short,The grid made by a horizontal and a vertical number line is the ___.,,,0,
9-1,notes,no,short,"Two numbers (x, y) that tell the location of a point are an ___.",,,0,
9-1,notes,no,short,"The point (0, 0) where the x-axis and y-axis cross is the ___.",,,0,
9-1,notes,no,short,One of the four regions of the coordinate plane is a ___.,,,0,
9-1,notes,no,short,A flip of a point or shape over an axis is a ___.,,,0,
9-1,notes,no,short,"A whole number or its opposite, with no fraction part, is an ___.",,,0,
9-1,notes,no,paragraph,"On the coordinate plane, why do we always start at the origin (0, 0) and move sideways before we move up or down to plot a point?",,,0,
9-1,notes,no,paragraph,"You need to plot (4, 2). Walk your partner through every move you make from the origin, using the words x-axis and y-axis.",,,0,
9-1,notes,no,paragraph,How is reading a coordinate pair like reading directions on a map or in a video game?,,,0,
9-1,notes,no,paragraph,"A classmate plotted (2, 6) but moved up 2 and over 6. What mistake did they make, and how would you coach them?",,,0,
9-1,notes,no,paragraph,You plotted a triangle. How did the ordered pairs tell you exactly where to place each point?,,,0,
9-1,notes,no,paragraph,How do ordered pairs help the drone navigate? What shape does the flight path make?,,,0,
9-1,practice,no,mc,"In which quadrant is the point (-3, 5)?",Quadrant II | Quadrant I | Quadrant III | Quadrant IV,,0,
9-1,practice,no,mc,What are the coordinates of a point 4 units right and 2 units down from the origin?,"(4, -2) | (-4, 2) | (2, -4) | (-2, 4)",,0,
9-1,practice,no,mc,A point lies on the x-axis at x = -6. What is its y-coordinate?,0 | -6 | 6 | 1,,0,
9-1,practice,no,mc,"In which quadrant is the point (7, -1)?",Quadrant IV | Quadrant I | Quadrant II | Quadrant III,,0,
9-1,practice,no,mc,Which ordered pair names a point 3 units right and 7 units up from the origin?,"(3, 7) | (7, 3) | (3, 3) | (0, 7)",,0,
9-1,practice,no,mc,What are the coordinates of the origin?,"(0, 0) | (1, 1) | (0, 1) | (1, 0)",,0,
9-1,practice,no,mc,"A point is at (6, 2). What does the 6 tell you?",Move 6 units to the right | Move 6 units up | Move 6 units to the left | The point is in Quadrant 6,,0,
9-1,practice,no,paragraph,Sort each item.,,,0,
9-1,practice,no,paragraph,Match each ordered pair to its description.,,,0,
9-1,practice,no,paragraph,Coordinate grid: ,,,0,
9-1,practice,no,paragraph,Match each point to its quadrant or axis.,,,0,
9-1,practice,no,paragraph,Complete the table.,,,0,
9-1,practice,no,paragraph,Sort each item.,,,0,
9-1,practice,no,paragraph,Find the Plotting Error,,,0,
9-1,practice,no,paragraph,"A student says that (3, 5) and (5, 3) are the same point because they use the same numbers. Is the student correct? Explain why or why not, and describe where each point is located on the coordinate plane.",,,0,
9-1,practice,no,paragraph,Coordinate grid: ,,,0,
9-1,quiz,yes,mc,"In which quadrant is the point (-3, 5)?",Quadrant II | Quadrant I | Quadrant III | Quadrant IV,Quadrant II,1,Negative x and positive y place a point in Quadrant II.
9-1,quiz,yes,mc,What are the coordinates of a point 4 units right and 2 units down from the origin?,"(4, -2) | (-4, 2) | (2, -4) | (-2, 4)","(4, -2)",1,"Right is positive x, down is negative y: (4, -2)."
9-1,quiz,yes,mc,A point lies on the x-axis at x = -6. What is its y-coordinate?,0 | -6 | 6 | 1,0,1,"Points on the x-axis always have y = 0, so the point is (-6, 0)."
9-1,quiz,yes,mc,"In which quadrant is the point (7, -1)?",Quadrant IV | Quadrant I | Quadrant II | Quadrant III,Quadrant IV,1,Positive x and negative y place a point in Quadrant IV.
9-1,quiz,yes,mc,Which ordered pair names a point 3 units right and 7 units up from the origin?,"(3, 7) | (7, 3) | (3, 3) | (0, 7)","(3, 7)",1,"The first coordinate is horizontal (right 3), the second is vertical (up 7). So (3, 7)."
9-1,quiz,yes,mc,What are the coordinates of the origin?,"(0, 0) | (1, 1) | (0, 1) | (1, 0)","(0, 0)",1,"The origin is where the x-axis and y-axis cross, at (0, 0)."
9-1,quiz,yes,mc,"A point is at (6, 2). What does the 6 tell you?",Move 6 units to the right | Move 6 units up | Move 6 units to the left | The point is in Quadrant 6,Move 6 units to the right,1,The first number (x-coordinate) tells you horizontal movement. 6 means go right 6 units from the origin.
9-1,quiz,yes,mc,"Match each ordered pair to its description. /  / (0, 0)","On the y-axis | Right 1, Up 6 | On the x-axis | Right 5, Up 5 | Origin | Right 4, Up 2",Origin,1,
9-1,quiz,yes,mc,"Match each ordered pair to its description. /  / (4, 2)","Right 1, Up 6 | Right 4, Up 2 | Right 5, Up 5 | Origin | On the x-axis | On the y-axis","Right 4, Up 2",1,
9-1,quiz,yes,mc,"Match each ordered pair to its description. /  / (1, 6)","Right 5, Up 5 | Right 1, Up 6 | Origin | On the x-axis | On the y-axis | Right 4, Up 2","Right 1, Up 6",1,
9-1,quiz,yes,mc,"Match each ordered pair to its description. /  / (5, 5)","Right 1, Up 6 | Origin | Right 5, Up 5 | On the y-axis | Right 4, Up 2 | On the x-axis","Right 5, Up 5",1,
9-1,quiz,yes,mc,"Match each ordered pair to its description. /  / (3, 0)","Right 4, Up 2 | Right 5, Up 5 | On the y-axis | Right 1, Up 6 | Origin | On the x-axis",On the x-axis,1,
9-1,quiz,yes,mc,"Match each ordered pair to its description. /  / (0, 4)","Right 5, Up 5 | On the y-axis | Origin | Right 4, Up 2 | Right 1, Up 6 | On the x-axis",On the y-axis,1,
9-1,quiz,yes,mc,"Match each point to its quadrant or axis. /  / (3, 2)",Quadrant IV | x-axis | y-axis | Quadrant III | Quadrant I | Quadrant II,Quadrant I,1,
9-1,quiz,yes,mc,"Match each point to its quadrant or axis. /  / (-4, 5)",y-axis | Quadrant IV | x-axis | Quadrant III | Quadrant II | Quadrant I,Quadrant II,1,
9-1,quiz,yes,mc,"Match each point to its quadrant or axis. /  / (-2, -6)",Quadrant II | y-axis | Quadrant III | Quadrant I | Quadrant IV | x-axis,Quadrant III,1,
9-1,quiz,yes,mc,"Match each point to its quadrant or axis. /  / (7, -1)",Quadrant II | Quadrant I | y-axis | Quadrant III | x-axis | Quadrant IV,Quadrant IV,1,
9-1,quiz,yes,mc,"Match each point to its quadrant or axis. /  / (0, 3)",x-axis | Quadrant I | Quadrant III | Quadrant II | y-axis | Quadrant IV,y-axis,1,
9-1,quiz,yes,mc,"Match each point to its quadrant or axis. /  / (5, 0)",Quadrant IV | Quadrant I | Quadrant II | Quadrant III | y-axis | x-axis,x-axis,1,
9-1,quiz,yes,mc,Exit Ticket: Point P is located 6 units right and 3 units up from the origin. What ordered pair names point P?,"(6, 3) | (3, 6) | (6, 0) | (0, 3)","(6, 3)",1,"Right 6 = x-coordinate of 6, Up 3 = y-coordinate of 3. The ordered pair is (6, 3)."
9-1-flagship,notes,no,short,The grid made by a horizontal and a vertical number line is the ___.,,,0,
9-1-flagship,notes,no,short,"Two numbers (x, y) that tell the location of a point are an ___.",,,0,
9-1-flagship,notes,no,short,"The point (0, 0) where the x-axis and y-axis cross is the ___.",,,0,
9-1-flagship,notes,no,short,One of the four regions of the coordinate plane is a ___.,,,0,
9-1-flagship,notes,no,short,A flip of a point or shape over an axis is a ___.,,,0,
9-1-flagship,notes,no,short,"A whole number or its opposite, with no fraction part, is an ___.",,,0,
9-1-flagship,notes,no,paragraph,"On a treasure map laid over a coordinate plane, why do we always start at the origin (0, 0) and move sideways before moving up or down to reach the treasure?",,,0,
9-1-flagship,notes,no,paragraph,"Your map says the treasure is at (4, 2). Walk your partner through every move you make from the origin, using the words x-axis and y-axis.",,,0,
9-1-flagship,notes,no,paragraph,How is reading a coordinate pair on the treasure map like reading directions in a video game or on a real map?,,,0,
9-1-flagship,notes,no,paragraph,"A teammate marked the treasure at (2, 6) by moving up 2 and over 6. What mistake did they make, and how would you coach them?",,,0,
9-1-flagship,notes,no,paragraph,You plotted a triangle. How did the ordered pairs tell you exactly where to place each point?,,,0,
9-1-flagship,notes,no,paragraph,How do ordered pairs help the drone navigate? What shape does the flight path make?,,,0,
9-1-flagship,practice,no,mc,Which ordered pair names a point 3 units right and 7 units up from the origin?,"(3, 7) | (7, 3) | (3, 3) | (0, 7)",,0,
9-1-flagship,practice,no,mc,What are the coordinates of the origin?,"(0, 0) | (1, 1) | (0, 1) | (1, 0)",,0,
9-1-flagship,practice,no,mc,"A point is at (6, 2). What does the 6 tell you?",Move 6 units to the right | Move 6 units up | Move 6 units to the left | The point is in Quadrant 6,,0,
9-1-flagship,practice,no,paragraph,Sort each item.,,,0,
9-1-flagship,practice,no,paragraph,Match each ordered pair to its description.,,,0,
9-1-flagship,practice,no,paragraph,Coordinate grid: ,,,0,
9-1-flagship,practice,no,paragraph,Match each point to its quadrant or axis.,,,0,
9-1-flagship,practice,no,paragraph,Complete the table.,,,0,
9-1-flagship,practice,no,paragraph,Sort each item.,,,0,
9-1-flagship,practice,no,paragraph,Find the Plotting Error,,,0,
9-1-flagship,practice,no,paragraph,"A student says that (3, 5) and (5, 3) are the same point because they use the same numbers. Is the student correct? Explain why or why not, and describe where each point is located on the coordinate plane.",,,0,
9-1-flagship,practice,no,paragraph,Coordinate grid: ,,,0,
9-1-flagship,quiz,yes,mc,Which ordered pair names a point 3 units right and 7 units up from the origin?,"(3, 7) | (7, 3) | (3, 3) | (0, 7)","(3, 7)",1,"The first coordinate is horizontal (right 3), the second is vertical (up 7). So (3, 7)."
9-1-flagship,quiz,yes,mc,What are the coordinates of the origin?,"(0, 0) | (1, 1) | (0, 1) | (1, 0)","(0, 0)",1,"The origin is where the x-axis and y-axis cross, at (0, 0)."
9-1-flagship,quiz,yes,mc,"A point is at (6, 2). What does the 6 tell you?",Move 6 units to the right | Move 6 units up | Move 6 units to the left | The point is in Quadrant 6,Move 6 units to the right,1,The first number (x-coordinate) tells you horizontal movement. 6 means go right 6 units from the origin.
9-1-flagship,quiz,yes,mc,"Match each ordered pair to its description. /  / (0, 0)","Right 5, Up 5 | On the x-axis | Right 4, Up 2 | On the y-axis | Right 1, Up 6 | Origin",Origin,1,
9-1-flagship,quiz,yes,mc,"Match each ordered pair to its description. /  / (4, 2)","Origin | Right 4, Up 2 | On the x-axis | Right 5, Up 5 | Right 1, Up 6 | On the y-axis","Right 4, Up 2",1,
9-1-flagship,quiz,yes,mc,"Match each ordered pair to its description. /  / (1, 6)","Right 1, Up 6 | On the x-axis | On the y-axis | Right 5, Up 5 | Right 4, Up 2 | Origin","Right 1, Up 6",1,
9-1-flagship,quiz,yes,mc,"Match each ordered pair to its description. /  / (5, 5)","Right 5, Up 5 | On the y-axis | Right 1, Up 6 | Origin | Right 4, Up 2 | On the x-axis","Right 5, Up 5",1,
9-1-flagship,quiz,yes,mc,"Match each ordered pair to its description. /  / (3, 0)","Right 4, Up 2 | On the x-axis | Origin | Right 5, Up 5 | Right 1, Up 6 | On the y-axis",On the x-axis,1,
9-1-flagship,quiz,yes,mc,"Match each ordered pair to its description. /  / (0, 4)","Right 5, Up 5 | On the x-axis | Right 4, Up 2 | Right 1, Up 6 | On the y-axis | Origin",On the y-axis,1,
9-1-flagship,quiz,yes,mc,"Match each point to its quadrant or axis. /  / (3, 2)",x-axis | Quadrant III | Quadrant IV | y-axis | Quadrant II | Quadrant I,Quadrant I,1,
9-1-flagship,quiz,yes,mc,"Match each point to its quadrant or axis. /  / (-4, 5)",Quadrant II | Quadrant I | x-axis | Quadrant IV | y-axis | Quadrant III,Quadrant II,1,
9-1-flagship,quiz,yes,mc,"Match each point to its quadrant or axis. /  / (-2, -6)",y-axis | Quadrant II | Quadrant III | x-axis | Quadrant I | Quadrant IV,Quadrant III,1,
9-1-flagship,quiz,yes,mc,"Match each point to its quadrant or axis. /  / (7, -1)",Quadrant IV | Quadrant II | y-axis | x-axis | Quadrant I | Quadrant III,Quadrant IV,1,
9-1-flagship,quiz,yes,mc,"Match each point to its quadrant or axis. /  / (0, 3)",x-axis | y-axis | Quadrant I | Quadrant III | Quadrant II | Quadrant IV,y-axis,1,
9-1-flagship,quiz,yes,mc,"Match each point to its quadrant or axis. /  / (5, 0)",Quadrant IV | x-axis | Quadrant II | Quadrant I | Quadrant III | y-axis,x-axis,1,
9-1-flagship,quiz,yes,mc,Exit Ticket: Point P is located 6 units right and 3 units up from the origin. What ordered pair names point P?,"(6, 3) | (3, 6) | (6, 0) | (0, 3)","(6, 3)",1,"Right 6 = x-coordinate of 6, Up 3 = y-coordinate of 3. The ordered pair is (6, 3)."
9-2,notes,no,short,"A whole number or its opposite, like −2, 0, or 5, is an ___.",,,0,
9-2,notes,no,short,A number greater than zero is ___.,,,0,
9-2,notes,no,short,A number less than zero is ___.,,,0,
9-2,notes,no,short,"The distance of a number from zero, always positive, is its ___.",,,0,
9-2,notes,no,short,"Two numbers the same distance from zero but on different sides, like 4 and −4, are ___.",,,0,
9-2,notes,no,paragraph,"Why are -5 and 5 both the same distance from zero on the number line, even though one is negative and one is positive?",,,0,
9-2,notes,no,paragraph,A diver is at -30 feet and a hawk is at +30 feet. How can absolute value help you describe how far each is from sea level?,,,0,
9-2,notes,no,paragraph,How is the opposite of a number different from the absolute value of a number?,,,0,
9-2,notes,no,paragraph,Think of a real situation where a negative integer makes sense. What does zero mean in that situation?,,,0,
9-2,notes,no,paragraph,How does the number line help you see the difference between an integer and its absolute value?,,,0,
9-2,notes,no,paragraph,How does absolute value help the rescue team compare the submarine and helicopter positions?,,,0,
9-2,practice,no,mc,What is the absolute value of -9?,9 | -9 | 0 | 81,,0,
9-2,practice,no,mc,Which integer represents '12 degrees below zero'?,-12 | 12 | 0 | -1.2,,0,
9-2,practice,no,mc,What is |6| + |-4|?,10 | 2 | -10 | 24,,0,
9-2,practice,no,mc,A diver is at -30 feet and a bird at +30 feet. What is true about their distances from sea level?,They are the same distance from 0 | The diver is farther | The bird is farther | They are both at 0,,0,
9-2,practice,no,mc,What is the absolute value of -9?,9 | -9 | 0 | 1,,0,
9-2,practice,no,mc,"Which integer has the GREATEST absolute value: -3, 7, -5, 2?",7 | -5 | -3 | 2,,0,
9-2,practice,no,mc,What is |0|?,0 | 1 | -1 | There is no answer,,0,
9-2,practice,no,paragraph,Match each integer to its absolute value.,,,0,
9-2,practice,no,paragraph,"Plot these integers on the number line: -6, -2, 0, 4, 7",,,0,
9-2,practice,no,paragraph,"Plot these integers and circle pairs that have the same absolute value: -6, 6, -2, 2, -4, 4",,,0,
9-2,practice,no,paragraph,Complete the table.,,,0,
9-2,practice,no,paragraph,Sort each item.,,,0,
9-2,practice,no,mc,Which statement about absolute value is TRUE?,|-4| = |4| because both are 4 units from zero | |-4| = -4 because the number is negative | |4| > |-4| because positive is always bigger | |-4| = 0 because negatives cancel out,,0,
9-2,practice,no,paragraph,Find the Absolute Value Error,,,0,
9-2,practice,no,paragraph,A submarine is at -150 meters and a bird is flying at +150 meters. A student says the submarine is closer to sea level because -150 is less than 150. Is the student correct? Explain using absolute value.,,,0,
9-2,practice,no,paragraph,Calculate each side. Left: |-8| + |3| = 8 + 3 = 11. Right: |7| + |-4| = 7 + 4 = 11. Are they balanced?,,,0,
9-2,quiz,yes,mc,What is the absolute value of -9?,9 | -9 | 0 | 81,9,1,"Absolute value is distance from 0, so |-9| = 9."
9-2,quiz,yes,mc,Which integer represents '12 degrees below zero'?,-12 | 12 | 0 | -1.2,-12,1,'Below zero' is negative: -12.
9-2,quiz,yes,mc,What is |6| + |-4|?,10 | 2 | -10 | 24,10,1,|6| = 6 and |-4| = 4; 6 + 4 = 10.
9-2,quiz,yes,mc,A diver is at -30 feet and a bird at +30 feet. What is true about their distances from sea level?,They are the same distance from 0 | The diver is farther | The bird is farther | They are both at 0,They are the same distance from 0,1,"|-30| = |30| = 30, so both are 30 feet from sea level."
9-2,quiz,yes,mc,What is the absolute value of -9?,9 | -9 | 0 | 1,9,1,"Absolute value is the distance from zero. -9 is 9 units from zero, so |-9| = 9."
9-2,quiz,yes,mc,"Which integer has the GREATEST absolute value: -3, 7, -5, 2?",7 | -5 | -3 | 2,7,1,"|-3| = 3, |7| = 7, |-5| = 5, |2| = 2. The greatest absolute value is 7."
9-2,quiz,yes,mc,What is |0|?,0 | 1 | -1 | There is no answer,0,1,"Zero is 0 units from itself on the number line, so |0| = 0."
9-2,quiz,yes,mc,Which statement about absolute value is TRUE?,|-4| = |4| because both are 4 units from zero | |-4| = -4 because the number is negative | |4| > |-4| because positive is always bigger | |-4| = 0 because negatives cancel out,|-4| = |4| because both are 4 units from zero,1,"Absolute value measures distance from zero. Both -4 and 4 are 4 units from zero, so |-4| = |4| = 4."
9-2,quiz,yes,mc,Match each integer to its absolute value. /  / -5,8 | 7 | 3 | 1 | 0 | 5,5,1,
9-2,quiz,yes,mc,Match each integer to its absolute value. /  / 3,8 | 3 | 1 | 5 | 7 | 0,3,1,
9-2,quiz,yes,mc,Match each integer to its absolute value. /  / -8,8 | 7 | 0 | 5 | 3 | 1,8,1,
9-2,quiz,yes,mc,Match each integer to its absolute value. /  / 0,5 | 0 | 3 | 8 | 7 | 1,0,1,
9-2,quiz,yes,mc,Match each integer to its absolute value. /  / -1,3 | 8 | 5 | 7 | 1 | 0,1,1,
9-2,quiz,yes,mc,Match each integer to its absolute value. /  / 7,5 | 8 | 0 | 3 | 1 | 7,7,1,
9-2,quiz,yes,mc,Exit Ticket: Which integer has an absolute value of 8 and is located to the LEFT of zero on the number line?,8 | -8 | 0 | -80,-8,1,To the left of zero means negative. The integer -8 has an absolute value of 8 because it is 8 units from zero.
9-3,notes,no,short,To decide which number is larger or smaller is to ___ them.,,,0,
9-3,notes,no,short,To arrange numbers from least to greatest or greatest to least is to ___ them.,,,0,
9-3,notes,no,short,"On a number line, a number farther to the right is ___ another number.",,,0,
9-3,notes,no,short,"On a number line, a number farther to the left is ___ another number.",,,0,
9-3,notes,no,short,"An integer less than zero, like −6, is a ___.",,,0,
9-3,notes,no,short,A whole number or its opposite is an ___.,,,0,
9-3,notes,no,paragraph,"Why is -3 less than 2, even though 3 looks like a bigger number than 2?",,,0,
9-3,notes,no,paragraph,"Order these temperatures from coldest to warmest: -8, 3, -1, 5. How does the number line help you put them in order?",,,0,
9-3,notes,no,paragraph,How does knowing a number's position on the number line tell you whether to use the < or > symbol?,,,0,
9-3,notes,no,paragraph,"Two students disagree: one says -10 is greater than -2 because 10 is bigger. Who is right, and how do you know?",,,0,
9-3,notes,no,paragraph,How does plotting on the number line help you compare and order integers?,,,0,
9-3,notes,no,paragraph,How do you use integer comparison to find the coldest and warmest days?,,,0,
9-3,practice,no,mc,Which statement is true?,-5 < -2 | -5 > -2 | -5 = -2 | -2 < -5,,0,
9-3,practice,no,mc,"Order from least to greatest: -3, 1, -7, 4.","-7, -3, 1, 4 | -3, -7, 1, 4 | 4, 1, -3, -7 | -7, -3, 4, 1",,0,
9-3,practice,no,mc,Which temperature is the coldest?,-8° | -3° | 0° | 5°,,0,
9-3,practice,no,mc,Which symbol makes this true: -10 ___ -4?,< | > | = | ≥,,0,
9-3,practice,no,mc,Which statement is TRUE?,-3 > -1 | -5 < -2 | -4 > 0 | -1 < -6,,0,
9-3,practice,no,mc,"Which integer is the LEAST: -3, 5, -8, 2, 0?",-8 | -3 | 0 | 5,,0,
9-3,practice,no,mc,What is |−8|?,8 | −8 | 0 | −16,,0,
9-3,practice,no,paragraph,Sort each item.,,,0,
9-3,practice,no,paragraph,"Plot -3, 1, -7, 4, and -1 on the number line to help you compare them.",,,0,
9-3,practice,no,paragraph,"Plot these integers and write them in order from greatest to least: -8, 4, -3, 1, -1, 6",,,0,
9-3,practice,no,paragraph,Complete the table.,,,0,
9-3,practice,no,paragraph,Sort each item.,,,0,
9-3,practice,no,mc,"Three cities have temperatures of -12°F, -5°F, and 3°F. Which city is warmest?",3°F | -5°F | -12°F | They are equal,,0,
9-3,practice,no,paragraph,Find the Comparison Error,,,0,
9-3,practice,no,paragraph,"A student says: 'Negative numbers are always less than positive numbers, so -100 is less than 1.' Is this correct? Now the student says: '-100 is less than -1 because 100 is greater than 1.' Is THIS correct? Explain the difference.",,,0,
9-3,practice,no,paragraph,Sort each item.,,,0,
9-3,quiz,yes,mc,Which statement is true?,-5 < -2 | -5 > -2 | -5 = -2 | -2 < -5,-5 < -2,1,"On a number line -5 is farther left than -2, so -5 < -2."
9-3,quiz,yes,mc,"Order from least to greatest: -3, 1, -7, 4.","-7, -3, 1, 4 | -3, -7, 1, 4 | 4, 1, -3, -7 | -7, -3, 4, 1","-7, -3, 1, 4",1,"Most negative first: -7, -3, 1, 4."
9-3,quiz,yes,mc,Which temperature is the coldest?,-8° | -3° | 0° | 5°,-8°,1,"-8° is the lowest value, so it is coldest."
9-3,quiz,yes,mc,Which symbol makes this true: -10 ___ -4?,< | > | = | ≥,<,1,"-10 is less than -4, so the symbol is <."
9-3,quiz,yes,mc,Which statement is TRUE?,-3 > -1 | -5 < -2 | -4 > 0 | -1 < -6,-5 < -2,1,"-5 is farther to the left on the number line than -2, so -5 < -2 is true."
9-3,quiz,yes,mc,"Which integer is the LEAST: -3, 5, -8, 2, 0?",-8 | -3 | 0 | 5,-8,1,"-8 is farthest to the left on the number line, making it the least (smallest) integer."
9-3,quiz,yes,mc,What is |−8|?,8 | −8 | 0 | −16,8,1,"Absolute value is distance from 0, always positive. |−8| = 8."
9-3,quiz,yes,mc,"Three cities have temperatures of -12°F, -5°F, and 3°F. Which city is warmest?",3°F | -5°F | -12°F | They are equal,3°F,1,"3°F is the greatest because it is farthest to the right on the number line. The order from coldest to warmest is -12, -5, 3."
9-3,quiz,yes,mc,Exit Ticket: Which list shows the integers in order from LEAST to GREATEST?,"-2, -5, 0, 3, 7 | 7, 3, 0, -2, -5 | -5, -2, 0, 3, 7 | 0, -2, -5, 3, 7","-5, -2, 0, 3, 7",1,"-5 is the smallest (farthest left on the number line), then -2, then 0, then 3, then 7. The correct order from least to greatest is -5, -2, 0, 3, 7."
9-4,notes,no,short,"Any number that can be written as a fraction, including integers and decimals, is a ___.",,,0,
9-4,notes,no,short,"A number that shows part of a whole, like 3/5, is a ___.",,,0,
9-4,notes,no,short,A number that uses a point to show parts of a whole is a ___.,,,0,
9-4,notes,no,short,A line with numbers in order used to place and compare values is a ___.,,,0,
9-4,notes,no,short,"Numbers that name the same value, like 1/2 and 0.5, are ___.",,,0,
9-4,notes,no,short,A whole number or its opposite is an ___.,,,0,
9-4,notes,no,paragraph,"How can a fraction like 1/2, a decimal like 0.75, and an integer like -3 all be rational numbers?",,,0,
9-4,notes,no,paragraph,"Where would you place -1 1/2 on the number line, and how do you decide between which two integers it falls?",,,0,
9-4,notes,no,paragraph,How can rewriting a fraction as a decimal (or a decimal as a fraction) help you compare two rational numbers?,,,0,
9-4,notes,no,paragraph,Is every integer a rational number? Is every rational number an integer? Explain your thinking.,,,0,
9-4,notes,no,paragraph,How did you decide exactly where to place rational numbers that fall between whole numbers?,,,0,
9-4,notes,no,paragraph,How do rational numbers help the scientist describe water levels more precisely than integers alone?,,,0,
9-4,practice,no,mc,Where is -1.5 located on a number line?,Halfway between -1 and -2 | Halfway between 1 and 2 | At 1.5 | Right of 0,,0,
9-4,practice,no,mc,Which rational number is greatest?,3/4 | 1/2 | -1/2 | 0,,0,
9-4,practice,no,mc,What is the opposite of -2/3?,2/3 | -3/2 | 3/2 | -2/3,,0,
9-4,practice,no,mc,"Order from least to greatest: -0.5, 0.25, -1, 0.75.","-1, -0.5, 0.25, 0.75 | -0.5, -1, 0.25, 0.75 | 0.75, 0.25, -0.5, -1 | -1, 0.25, -0.5, 0.75",,0,
9-4,practice,no,mc,Which point is located between -1 and -2 on the number line?,-0.5 | -1.5 | -2.5 | 1.5,,0,
9-4,practice,no,mc,Which fraction is equivalent to 0.25?,1/4 | 1/2 | 2/5 | 1/3,,0,
9-4,practice,no,paragraph,Match each fraction to its decimal equivalent.,,,0,
9-4,practice,no,mc,Where is -3/4 located on the number line?,Between 0 and -1 | Between -3 and -4 | Between -1 and -2 | Between 0 and 1,,0,
9-4,practice,no,paragraph,"Plot these rational numbers: -1, 0.5, -0.5, 1, -1.5",,,0,
9-4,practice,no,paragraph,"Plot these rational numbers: -3.5, -1/4, 2.75, -2, 1 1/2",,,0,
9-4,practice,no,paragraph,Complete the table.,,,0,
9-4,practice,no,paragraph,Sort each item.,,,0,
9-4,practice,no,mc,Which rational number is closest to 0 on the number line?,-1/4 | 0.5 | -2 | 1.75,,0,
9-4,practice,no,paragraph,Find the Plotting Error,,,0,
9-4,practice,no,paragraph,Name three different rational numbers between -1 and 0. Write each as both a fraction and a decimal. Explain how you know they are between -1 and 0.,,,0,
9-4,practice,no,paragraph,"Convert to decimals: -2/3 ≈ -0.667 and -3/4 = -0.75. Since -0.667 is closer to zero, -2/3 > -3/4. The left side is greater.",,,0,
9-4,quiz,yes,mc,Where is -1.5 located on a number line?,Halfway between -1 and -2 | Halfway between 1 and 2 | At 1.5 | Right of 0,Halfway between -1 and -2,1,-1.5 sits halfway between -1 and -2.
9-4,quiz,yes,mc,Which rational number is greatest?,3/4 | 1/2 | -1/2 | 0,3/4,1,3/4 = 0.75 is the largest of the four values.
9-4,quiz,yes,mc,What is the opposite of -2/3?,2/3 | -3/2 | 3/2 | -2/3,2/3,1,"The opposite of -2/3 is 2/3, the same distance on the other side of 0."
9-4,quiz,yes,mc,"Order from least to greatest: -0.5, 0.25, -1, 0.75.","-1, -0.5, 0.25, 0.75 | -0.5, -1, 0.25, 0.75 | 0.75, 0.25, -0.5, -1 | -1, 0.25, -0.5, 0.75","-1, -0.5, 0.25, 0.75",1,"Most negative first: -1, -0.5, 0.25, 0.75."
9-4,quiz,yes,mc,Which point is located between -1 and -2 on the number line?,-0.5 | -1.5 | -2.5 | 1.5,-1.5,1,-1.5 is between -1 and -2 because it is 0.5 units to the left of -1 (or 0.5 units to the right of -2).
9-4,quiz,yes,mc,Which fraction is equivalent to 0.25?,1/4 | 1/2 | 2/5 | 1/3,1/4,1,0.25 means 25 hundredths = 25/100 = 1/4.
9-4,quiz,yes,mc,Where is -3/4 located on the number line?,Between 0 and -1 | Between -3 and -4 | Between -1 and -2 | Between 0 and 1,Between 0 and -1,1,"-3/4 = -0.75, which is between 0 and -1. It is 3/4 of the way from 0 toward -1."
9-4,quiz,yes,mc,Which rational number is closest to 0 on the number line?,-1/4 | 0.5 | -2 | 1.75,-1/4,1,"|-1/4| = 0.25, |0.5| = 0.5, |-2| = 2, |1.75| = 1.75. Since 0.25 is the smallest absolute value, -1/4 is closest to zero."
9-4,quiz,yes,mc,Match each fraction to its decimal equivalent. /  / 1/2,0.5 | 0.3 | -0.2 | 1.25 | -2.5 | -0.75,0.5,1,
9-4,quiz,yes,mc,Match each fraction to its decimal equivalent. /  / -3/4,0.3 | -0.2 | -0.75 | 1.25 | 0.5 | -2.5,-0.75,1,
9-4,quiz,yes,mc,Match each fraction to its decimal equivalent. /  / 1 1/4,-2.5 | -0.75 | 0.5 | 0.3 | 1.25 | -0.2,1.25,1,
9-4,quiz,yes,mc,Match each fraction to its decimal equivalent. /  / -2 1/2,1.25 | -0.75 | -2.5 | 0.3 | -0.2 | 0.5,-2.5,1,
9-4,quiz,yes,mc,Match each fraction to its decimal equivalent. /  / 3/10,-2.5 | -0.2 | 0.3 | -0.75 | 1.25 | 0.5,0.3,1,
9-4,quiz,yes,mc,Match each fraction to its decimal equivalent. /  / -1/5,-0.75 | 0.5 | -2.5 | 1.25 | -0.2 | 0.3,-0.2,1,
9-4,quiz,yes,mc,Exit Ticket: Which rational number is located between -2 and -3 on the number line?,-1.5 | -2.75 | -3.5 | 2.5,-2.75,1,"-2.75 is between -2 and -3 because it is 0.75 units to the left of -2. -1.5 is between -1 and -2, and -3.5 is between -3 and -4."
9-5,notes,no,short,"One of the four regions of the coordinate plane, numbered I to IV, is a ___.",,,0,
9-5,notes,no,short,"A coordinate less than zero, which places a point left of or below the origin, is a ___.",,,0,
9-5,notes,no,short,A flip of a point over an axis is a ___.,,,0,
9-5,notes,no,short,"One of the two number lines, the x-axis or y-axis, that form the grid is an ___.",,,0,
9-5,notes,no,short,A whole number or its opposite is an ___.,,,0,
9-5,notes,no,paragraph,What do the signs of the coordinates in an ordered pair tell you about which quadrant the point is in?,,,0,
9-5,notes,no,paragraph,"Plot (-3, -4). Which quadrant is it in, and how do the negative coordinates change the directions you move from the origin?",,,0,
9-5,notes,no,paragraph,How are the four quadrants like a tic-tac-toe of positive and negative directions on the coordinate plane?,,,0,
9-5,notes,no,paragraph,"A point has coordinates (5, -2). Without plotting, how can you describe exactly where it is and which quadrant it is in?",,,0,
9-5,notes,no,paragraph,How do the signs of the x- and y-coordinates tell you which quadrant a point is in?,,,0,
9-5,notes,no,paragraph,How do four-quadrant coordinates help a city map locations in every direction from the center?,,,0,
9-5,practice,no,mc,"In which quadrant is the point (-4, -6)?",Quadrant III | Quadrant I | Quadrant II | Quadrant IV,,0,
9-5,practice,no,mc,"Point A is (5, 3). Which point shares the same x-coordinate?","(5, -2) | (3, 5) | (-5, 3) | (2, 5)",,0,
9-5,practice,no,mc,Which ordered pair is in Quadrant IV?,"(8, -3) | (-8, 3) | (8, 3) | (-8, -3)",,0,
9-5,practice,no,mc,"The point (0, -7) lies on which axis?",The y-axis | The x-axis | Quadrant III | Quadrant IV,,0,
9-5,practice,no,mc,"In which quadrant is the point (-4, 5)?",Quadrant I | Quadrant II | Quadrant III | Quadrant IV,,0,
9-5,practice,no,mc,A point has a positive x-coordinate and a negative y-coordinate. Which quadrant is it in?,Quadrant I | Quadrant II | Quadrant III | Quadrant IV,,0,
9-5,practice,no,mc,Which point is located on the x-axis?,"(4, 0) | (0, 4) | (4, 4) | (-4, -4)",,0,
9-5,practice,no,paragraph,Match each ordered pair to its quadrant.,,,0,
9-5,practice,no,paragraph,Sort each item.,,,0,
9-5,practice,no,paragraph,Coordinate grid: ,,,0,
9-5,practice,no,paragraph,Complete the table.,,,0,
9-5,practice,no,paragraph,Match each quadrant to its coordinate sign pattern.,,,0,
9-5,practice,no,mc,"Point A is at (-5, 3). If you move 8 units to the right, what are the new coordinates?","(3, 3) | (-13, 3) | (-5, 11) | (-5, -5)",,0,
9-5,practice,no,paragraph,Find the Quadrant Error,,,0,
9-5,practice,no,paragraph,"A point starts in Quadrant I at (4, 6). Describe a move that puts it in Quadrant III. What must happen to both coordinates? Can you give the exact new coordinates after your move?",,,0,
9-5,practice,no,paragraph,Coordinate grid: ,,,0,
9-5,quiz,yes,mc,"In which quadrant is the point (-4, -6)?",Quadrant III | Quadrant I | Quadrant II | Quadrant IV,Quadrant III,1,Negative x and negative y place a point in Quadrant III.
9-5,quiz,yes,mc,"Point A is (5, 3). Which point shares the same x-coordinate?","(5, -2) | (3, 5) | (-5, 3) | (2, 5)","(5, -2)",1,"(5, -2) has the same x-coordinate, 5."
9-5,quiz,yes,mc,Which ordered pair is in Quadrant IV?,"(8, -3) | (-8, 3) | (8, 3) | (-8, -3)","(8, -3)",1,"Quadrant IV has positive x and negative y: (8, -3)."
9-5,quiz,yes,mc,"The point (0, -7) lies on which axis?",The y-axis | The x-axis | Quadrant III | Quadrant IV,The y-axis,1,"With x = 0, the point is on the y-axis."
9-5,quiz,yes,mc,"In which quadrant is the point (-4, 5)?",Quadrant I | Quadrant II | Quadrant III | Quadrant IV,Quadrant II,1,The x-coordinate is negative (left) and the y-coordinate is positive (up). Left and up is Quadrant II.
9-5,quiz,yes,mc,A point has a positive x-coordinate and a negative y-coordinate. Which quadrant is it in?,Quadrant I | Quadrant II | Quadrant III | Quadrant IV,Quadrant IV,1,Positive x (right) and negative y (down) = Quadrant IV (bottom-right).
9-5,quiz,yes,mc,Which point is located on the x-axis?,"(4, 0) | (0, 4) | (4, 4) | (-4, -4)","(4, 0)",1,"A point is on the x-axis when its y-coordinate is 0. (4, 0) is on the x-axis."
9-5,quiz,yes,mc,"Point A is at (-5, 3). If you move 8 units to the right, what are the new coordinates?","(3, 3) | (-13, 3) | (-5, 11) | (-5, -5)","(3, 3)",1,"Moving right means adding to the x-coordinate: -5 + 8 = 3. The y stays the same. New point: (3, 3)."
9-5,quiz,yes,mc,"Match each ordered pair to its quadrant. /  / (3, 4)",Quadrant II | Quadrant I | Quadrant II | Quadrant IV | Quadrant III | Quadrant IV,Quadrant I,1,
9-5,quiz,yes,mc,"Match each ordered pair to its quadrant. /  / (-2, 5)",Quadrant IV | Quadrant I | Quadrant II | Quadrant IV | Quadrant II | Quadrant III,Quadrant II,1,
9-5,quiz,yes,mc,"Match each ordered pair to its quadrant. /  / (-6, -1)",Quadrant III | Quadrant IV | Quadrant I | Quadrant II | Quadrant IV | Quadrant II,Quadrant III,1,
9-5,quiz,yes,mc,"Match each ordered pair to its quadrant. /  / (1, -3)",Quadrant II | Quadrant IV | Quadrant IV | Quadrant III | Quadrant I | Quadrant II,Quadrant IV,1,
9-5,quiz,yes,mc,"Match each ordered pair to its quadrant. /  / (-4, 2)",Quadrant II | Quadrant IV | Quadrant IV | Quadrant II | Quadrant III | Quadrant I,Quadrant II,1,
9-5,quiz,yes,mc,"Match each ordered pair to its quadrant. /  / (5, -6)",Quadrant IV | Quadrant II | Quadrant IV | Quadrant I | Quadrant III | Quadrant II,Quadrant IV,1,
9-5,quiz,yes,mc,Match each quadrant to its coordinate sign pattern. /  / Quadrant I,"(+, -) | (+, +) | (-, +) | y = 0 | (-, -) | x = 0","(+, +)",1,
9-5,quiz,yes,mc,Match each quadrant to its coordinate sign pattern. /  / Quadrant II,"y = 0 | (-, -) | (+, +) | (+, -) | x = 0 | (-, +)","(-, +)",1,
9-5,quiz,yes,mc,Match each quadrant to its coordinate sign pattern. /  / Quadrant III,"(-, +) | (+, -) | (-, -) | y = 0 | (+, +) | x = 0","(-, -)",1,
9-5,quiz,yes,mc,Match each quadrant to its coordinate sign pattern. /  / Quadrant IV,"(-, -) | (+, +) | (-, +) | y = 0 | x = 0 | (+, -)","(+, -)",1,
9-5,quiz,yes,mc,Match each quadrant to its coordinate sign pattern. /  / x-axis,"(-, +) | (+, +) | (+, -) | y = 0 | x = 0 | (-, -)",y = 0,1,
9-5,quiz,yes,mc,Match each quadrant to its coordinate sign pattern. /  / y-axis,"(+, -) | x = 0 | (-, -) | y = 0 | (-, +) | (+, +)",x = 0,1,
9-5,quiz,yes,mc,Exit Ticket: A point has a negative x-coordinate and a negative y-coordinate. Which quadrant is it in?,Quadrant I | Quadrant II | Quadrant III | Quadrant IV,Quadrant III,1,Quadrant III is where both x and y are negative. This means the point is left of the origin and below the origin.
9-6,notes,no,short,How far apart two points are on the coordinate plane is the ___.,,,0,
9-6,notes,no,short,"The distance of a number from zero, used to find distance between points, is its ___.",,,0,
9-6,notes,no,short,The distance between two points along the x-direction is the ___.,,,0,
9-6,notes,no,short,The distance between two points along the y-direction is the ___.,,,0,
9-6,notes,no,short,The grid made by the x-axis and y-axis is the ___.,,,0,
9-6,notes,no,short,A whole number or its opposite is an ___.,,,0,
9-6,notes,no,paragraph,"Two points sit on the same horizontal line: (2, 3) and (7, 3). How can you find the distance between them without counting every square?",,,0,
9-6,notes,no,paragraph,"One point is at (-3, 1) and another is at (4, 1). How does absolute value help you find the distance across zero?",,,0,
9-6,notes,no,paragraph,"Why does distance on the coordinate plane always come out positive, even when the coordinates are negative?",,,0,
9-6,notes,no,paragraph,"A classmate found the distance from (-2, 5) to (6, 5) by computing 6 - 2 = 4. What did they do wrong?",,,0,
9-6,notes,no,paragraph,How did you use coordinates and absolute value to find the distance between two points in the same row or column?,,,0,
9-6,notes,no,paragraph,How does the drone use coordinate distance to calculate the total flight path?,,,0,
9-6,practice,no,mc,"What is the distance between (2, 3) and (2, 9)?",6 | 12 | 3 | 11,,0,
9-6,practice,no,mc,"What is the distance between (-4, 1) and (5, 1)?",9 | 1 | -9 | 4,,0,
9-6,practice,no,mc,"A point is at (-3, 2) and another at (-3, -5). How far apart are they?",7 | 3 | 2 | 8,,0,
9-6,practice,no,mc,"Why can you find the distance between (1, 4) and (6, 4) by subtracting x-values?","They have the same y-coordinate, so the segment is horizontal | All points are the same | Distance is always the larger number | You must always add the coordinates",,0,
9-6,practice,no,mc,"What is the distance between (-4, 3) and (2, 3)?",2 units | 4 units | 6 units | 8 units,,0,
9-6,practice,no,mc,"What is the distance between (5, -2) and (5, 4)?",2 units | 4 units | 6 units | 10 units,,0,
9-6,practice,no,mc,"A rectangle has vertices at (1, 1), (5, 1), (5, 4), (1, 4). What is its perimeter?",14 units | 12 units | 20 units | 8 units,,0,
9-6,practice,no,paragraph,Find the distance between each pair of points.,,,0,
9-6,practice,no,paragraph,Plot -4 and 2 on the number line. Count the distance between them.,,,0,
9-6,practice,no,paragraph,Coordinate grid: ,,,0,
9-6,practice,no,paragraph,Complete the table.,,,0,
9-6,practice,no,short,"A horizontal segment goes from (-6, 3) to (4, 3). Show the total distance as the sum of two parts: from -6 to 0, and from 0 to 4.  What is the total distance from (-6, 3) to (4, 3)?",,,0,
9-6,practice,no,mc,"Two points are at (-3, -7) and (-3, 5). What is the distance between them?",12 units | 2 units | 7 units | 8 units,,0,
9-6,practice,no,paragraph,Find the Distance Error,,,0,
9-6,practice,no,paragraph,"A rectangle has vertices at (-4, -2), (3, -2), (3, 5), and (-4, 5). Find the length, width, perimeter, and area of the rectangle. Show your work using absolute value.",,,0,
9-6,practice,no,paragraph,Coordinate grid: ,,,0,
9-6,quiz,yes,mc,"What is the distance between (2, 3) and (2, 9)?",6 | 12 | 3 | 11,6,1,"Same x, so subtract y-values: 9 − 3 = 6 units."
9-6,quiz,yes,mc,"What is the distance between (-4, 1) and (5, 1)?",9 | 1 | -9 | 4,9,1,Same y; distance = |5 − (-4)| = 9 units.
9-6,quiz,yes,mc,"A point is at (-3, 2) and another at (-3, -5). How far apart are they?",7 | 3 | 2 | 8,7,1,Same x; distance = |2 − (-5)| = 7 units.
9-6,quiz,yes,mc,"Why can you find the distance between (1, 4) and (6, 4) by subtracting x-values?","They have the same y-coordinate, so the segment is horizontal | All points are the same | Distance is always the larger number | You must always add the coordinates","They have the same y-coordinate, so the segment is horizontal",1,"Equal y-values mean a horizontal segment, so distance = |6 − 1| = 5."
9-6,quiz,yes,mc,"What is the distance between (-4, 3) and (2, 3)?",2 units | 4 units | 6 units | 8 units,6 units,1,"Both points have y = 3, so this is a horizontal distance. |2 - (-4)| = |2 + 4| = 6 units."
9-6,quiz,yes,mc,"What is the distance between (5, -2) and (5, 4)?",2 units | 4 units | 6 units | 10 units,6 units,1,"Both points have x = 5, so this is a vertical distance. |4 - (-2)| = |4 + 2| = 6 units."
9-6,quiz,yes,mc,"A rectangle has vertices at (1, 1), (5, 1), (5, 4), (1, 4). What is its perimeter?",14 units | 12 units | 20 units | 8 units,14 units,1,Width = 5 - 1 = 4. Height = 4 - 1 = 3. Perimeter = 2(4 + 3) = 14.
9-6,quiz,yes,mc,"Two points are at (-3, -7) and (-3, 5). What is the distance between them?",12 units | 2 units | 7 units | 8 units,12 units,1,Same x = -3. Distance = |5 - (-7)| = |5 + 7| = 12 units.
9-6,quiz,yes,mc,"Exit Ticket: What is the distance between the points (3, -2) and (3, 5)?",3 units | 5 units | 7 units | 9 units,7 units,1,"Both points share x = 3, so this is a vertical distance. |5 - (-2)| = |5 + 2| = 7 units."
9-7,notes,no,short,A flip of a point or shape over an axis to make a mirror image is a ___.,,,0,
9-7,notes,no,short,The horizontal number line on the coordinate plane is the ___.,,,0,
9-7,notes,no,short,The vertical number line on the coordinate plane is the ___.,,,0,
9-7,notes,no,short,"When two halves are mirror images of each other, the figure has ___.",,,0,
9-7,notes,no,short,"A whole number or its opposite, with no fraction part, is an ___.",,,0,
9-7,notes,no,paragraph,"When you reflect the point (3, 2) over the y-axis, which coordinate changes its sign and which stays the same? Why?",,,0,
9-7,notes,no,paragraph,"Reflect (4, -5) over the x-axis. Talk through how the coordinates change and where the new point lands.",,,0,
9-7,notes,no,paragraph,How is reflecting a point over an axis like looking at it in a mirror placed on that axis?,,,0,
9-7,notes,no,paragraph,"A classmate reflected (2, 3) over the x-axis and got (-2, 3). What did they do wrong, and what is the correct image?",,,0,
9-7,notes,no,paragraph,What pattern do you notice about the coordinates when reflecting over the x-axis versus the y-axis?,,,0,
9-7,notes,no,paragraph,"How do reflections help the game designer create a balanced, symmetric level?",,,0,
9-7,practice,no,mc,"Reflect (3, 5) across the x-axis. What is the image?","(3, -5) | (-3, 5) | (-3, -5) | (5, 3)",,0,
9-7,practice,no,mc,"Reflect (-2, 4) across the y-axis. What is the image?","(2, 4) | (-2, -4) | (2, -4) | (4, -2)",,0,
9-7,practice,no,mc,"A point (6, -1) is reflected across the x-axis. Which coordinate changes sign?",The y-coordinate | The x-coordinate | Both coordinates | Neither coordinate,,0,
9-7,practice,no,mc,"Reflect (-4, -7) across the y-axis. What is the image?","(4, -7) | (-4, 7) | (4, 7) | (-7, -4)",,0,
9-7,practice,no,mc,"What is the reflection of (4, -3) over the x-axis?","(-4, -3) | (4, 3) | (-4, 3) | (3, -4)",,0,
9-7,practice,no,mc,"What is the reflection of (-2, 6) over the y-axis?","(2, 6) | (-2, -6) | (2, -6) | (6, -2)",,0,
9-7,practice,no,mc,Which point is on the y-axis?,"(0, 5) | (5, 0) | (3, 3) | (-2, 4)",,0,
9-7,practice,no,paragraph,Match each point and axis to its reflection.,,,0,
9-7,practice,no,paragraph,Sort each item.,,,0,
9-7,practice,no,paragraph,Coordinate grid: ,,,0,
9-7,practice,no,paragraph,Complete the table.,,,0,
9-7,practice,no,paragraph,Match each reflection rule to its description.,,,0,
9-7,practice,no,mc,"Point A is at (-3, 5). It is reflected over the x-axis to A', then A' is reflected over the y-axis to A''. What are the coordinates of A''?","(3, -5) | (-3, -5) | (3, 5) | (-3, 5)",,0,
9-7,practice,no,paragraph,Find the Reflection Error,,,0,
9-7,practice,no,paragraph,"A triangle has vertices at A(1, 2), B(4, 2), and C(4, 6). If you reflect the entire triangle over the y-axis, what are the new vertices? What do you notice about the size and shape of the reflected triangle compared to the original?",,,0,
9-7,practice,no,paragraph,Coordinate grid: ,,,0,
9-7,quiz,yes,mc,"Reflect (3, 5) across the x-axis. What is the image?","(3, -5) | (-3, 5) | (-3, -5) | (5, 3)","(3, -5)",1,"Reflecting across the x-axis changes the sign of the y-coordinate: (3, -5)."
9-7,quiz,yes,mc,"Reflect (-2, 4) across the y-axis. What is the image?","(2, 4) | (-2, -4) | (2, -4) | (4, -2)","(2, 4)",1,"Reflecting across the y-axis changes the sign of the x-coordinate: (2, 4)."
9-7,quiz,yes,mc,"A point (6, -1) is reflected across the x-axis. Which coordinate changes sign?",The y-coordinate | The x-coordinate | Both coordinates | Neither coordinate,The y-coordinate,1,"Reflecting across the x-axis flips the sign of y only, giving (6, 1)."
9-7,quiz,yes,mc,"Reflect (-4, -7) across the y-axis. What is the image?","(4, -7) | (-4, 7) | (4, 7) | (-7, -4)","(4, -7)",1,"Reflecting across the y-axis changes the sign of x: (4, -7)."
9-7,quiz,yes,mc,"What is the reflection of (4, -3) over the x-axis?","(-4, -3) | (4, 3) | (-4, 3) | (3, -4)","(4, 3)",1,"Reflecting over the x-axis changes the sign of the y-coordinate. The x stays the same (4), and the y changes from -3 to 3. The answer is (4, 3)."
9-7,quiz,yes,mc,"What is the reflection of (-2, 6) over the y-axis?","(2, 6) | (-2, -6) | (2, -6) | (6, -2)","(2, 6)",1,"Reflecting over the y-axis changes the sign of the x-coordinate. x goes from -2 to 2, and y stays 6. The answer is (2, 6)."
9-7,quiz,yes,mc,Which point is on the y-axis?,"(0, 5) | (5, 0) | (3, 3) | (-2, 4)","(0, 5)",1,"Points on the y-axis have x-coordinate = 0. (0, 5) is on the y-axis."
9-7,quiz,yes,mc,"Point A is at (-3, 5). It is reflected over the x-axis to A', then A' is reflected over the y-axis to A''. What are the coordinates of A''?","(3, -5) | (-3, -5) | (3, 5) | (-3, 5)","(3, -5)",1,"Over x-axis: (-3, 5) → (-3, -5). Then over y-axis: (-3, -5) → (3, -5). Both coordinates changed sign."
9-7,quiz,yes,mc,"Match each point and axis to its reflection. /  / (2, 5) over y-axis","(5, -2) | (-1, 4) | (3, 1) | (4, 6) | (-2, 5) | (6, 3)","(-2, 5)",1,
9-7,quiz,yes,mc,"Match each point and axis to its reflection. /  / (-3, 1) over y-axis","(-2, 5) | (4, 6) | (3, 1) | (6, 3) | (5, -2) | (-1, 4)","(3, 1)",1,
9-7,quiz,yes,mc,"Match each point and axis to its reflection. /  / (4, -6) over x-axis","(-1, 4) | (4, 6) | (6, 3) | (-2, 5) | (5, -2) | (3, 1)","(4, 6)",1,
9-7,quiz,yes,mc,"Match each point and axis to its reflection. /  / (-1, -4) over x-axis","(6, 3) | (3, 1) | (5, -2) | (-1, 4) | (4, 6) | (-2, 5)","(-1, 4)",1,
9-7,quiz,yes,mc,"Match each point and axis to its reflection. /  / (5, 2) over x-axis","(5, -2) | (6, 3) | (4, 6) | (-1, 4) | (3, 1) | (-2, 5)","(5, -2)",1,
9-7,quiz,yes,mc,"Match each point and axis to its reflection. /  / (-6, 3) over y-axis","(5, -2) | (-1, 4) | (6, 3) | (4, 6) | (3, 1) | (-2, 5)","(6, 3)",1,
9-7,quiz,yes,mc,Match each reflection rule to its description. /  / Over x-axis,x-coordinate changes sign | Reflects to itself over x-axis | y-coordinate changes sign | Reflects to itself over y-axis | Reflects to itself over any axis | Both coordinates change sign,y-coordinate changes sign,1,
9-7,quiz,yes,mc,Match each reflection rule to its description. /  / Over y-axis,Both coordinates change sign | Reflects to itself over y-axis | y-coordinate changes sign | x-coordinate changes sign | Reflects to itself over any axis | Reflects to itself over x-axis,x-coordinate changes sign,1,
9-7,quiz,yes,mc,Match each reflection rule to its description. /  / Over both axes,Reflects to itself over x-axis | Reflects to itself over any axis | y-coordinate changes sign | Both coordinates change sign | x-coordinate changes sign | Reflects to itself over y-axis,Both coordinates change sign,1,
9-7,quiz,yes,mc,Match each reflection rule to its description. /  / Point on x-axis,Both coordinates change sign | x-coordinate changes sign | Reflects to itself over y-axis | Reflects to itself over x-axis | y-coordinate changes sign | Reflects to itself over any axis,Reflects to itself over x-axis,1,
9-7,quiz,yes,mc,Match each reflection rule to its description. /  / Point on y-axis,Reflects to itself over any axis | x-coordinate changes sign | Reflects to itself over y-axis | Reflects to itself over x-axis | Both coordinates change sign | y-coordinate changes sign,Reflects to itself over y-axis,1,
9-7,quiz,yes,mc,"Match each reflection rule to its description. /  / (0, 0)",Reflects to itself over y-axis | x-coordinate changes sign | y-coordinate changes sign | Both coordinates change sign | Reflects to itself over x-axis | Reflects to itself over any axis,Reflects to itself over any axis,1,
9-7,quiz,yes,mc,"Exit Ticket: What is the reflection of (-5, 2) over the y-axis?","(-5, -2) | (5, -2) | (5, 2) | (2, -5)","(5, 2)",1,"Reflecting over the y-axis changes the sign of the x-coordinate. x goes from -5 to 5, and y stays 2. The reflection is (5, 2)."
10-1,notes,no,short,The amount of space inside a three-dimensional solid is its ___.,,,0,
10-1,notes,no,short,"A solid with six rectangular faces, like a box, is a ___.",,,0,
10-1,notes,no,short,"The unit used to measure volume, like cubic centimeters, is ___.",,,0,
10-1,notes,no,short,The three edge measurements of a rectangular prism are its ___.,,,0,
10-1,notes,no,short,A flat pattern that folds up into a solid is a ___.,,,0,
10-1,notes,no,short,A line segment where two faces of a solid meet is an ___.,,,0,
10-1,notes,no,paragraph,"Your time capsule container is a rectangular prism. To find how much it can hold, why do you need three measurements (length, width, and height) instead of just one or two?",,,0,
10-1,notes,no,paragraph,"Container C is 8 × 3 × 4 and Container B is 5 × 5 × 2. How did you count or multiply the unit cubes to find each volume, and which holds more?",,,0,
10-1,notes,no,paragraph,A moving company's large box is 24 × 18 × 18 in and its medium box is 18 × 14 × 12 in. Talk through how you would find how many more cubic inches the large box holds.,,,0,
10-1,notes,no,paragraph,"A classmate found the volume of a box and wrote the answer as 220 in². How would you correct the units, and how do you explain why volume uses cubic units?",,,0,
10-1,notes,no,paragraph,Container C holds the most (96 in³) and Container B holds the least (50 in³). What do you notice about the dimensions that make one volume larger than another?,,,0,
10-1,notes,no,paragraph,How many more cubic inches does the large box hold than the medium box?,,,0,
10-1,practice,no,mc,"A box is 4 units long, 3 wide, and 2 tall. What is its volume?",24 cubic units | 9 cubic units | 18 cubic units | 12 cubic units,,0,
10-1,practice,no,mc,How many unit cubes fill a box that is 5 by 2 by 3?,30 | 10 | 25 | 15,,0,
10-1,practice,no,mc,A cube has edges of 4 units. What is its volume?,64 cubic units | 16 cubic units | 12 cubic units | 48 cubic units,,0,
10-1,practice,no,mc,A box has volume 36 cubic units. Its base is 6 by 2. What is its height?,3 units | 12 units | 6 units | 2 units,,0,
10-1,practice,no,mc,"What is the volume of a rectangular prism with l = 7 in, w = 3 in, h = 4 in?",84 in³ | 14 in³ | 84 in² | 42 in³,,0,
10-1,practice,no,mc,A time capsule box has a volume of 120 cm³. Its length is 10 cm and width is 4 cm. What is its height?,3 cm | 6 cm | 4 cm | 12 cm,,0,
10-1,practice,no,mc,Which unit is used for volume?,Cubic inches (in³) | Square inches (in²) | Inches (in) | Degrees (°),,0,
10-1,practice,no,paragraph,Complete the table.,,,0,
10-1,practice,no,paragraph,Sort each item.,,,0,
10-1,practice,no,paragraph,Complete the table.,,,0,
10-1,practice,no,mc,Two storage bins: Bin A is 8 × 6 × 5 inches. Bin B is 9 × 4 × 7 inches. Which holds more and by how much?,Bin B by 12 in³ | Bin A by 12 in³ | Bin B by 24 in³ | They hold the same,,0,
10-1,practice,no,short,A container is 10 × 4 × 3 inches. It is divided into two equal sections. What is the volume of each section?  Each section holds how many cubic inches?,,,0,
10-1,practice,no,paragraph,Sort each item.,,,0,
10-1,practice,no,paragraph,Find the Volume Error,,,0,
10-1,practice,no,paragraph,A box needs to hold exactly 60 cubic inches. Give three different sets of whole-number dimensions that work. Which set would make the box closest to a cube shape? Why might that matter?,,,0,
10-1,practice,no,paragraph,Complete the table.,,,0,
10-1,quiz,yes,mc,"A box is 4 units long, 3 wide, and 2 tall. What is its volume?",24 cubic units | 9 cubic units | 18 cubic units | 12 cubic units,24 cubic units,1,V = l × w × h = 4 × 3 × 2 = 24 cubic units.
10-1,quiz,yes,mc,How many unit cubes fill a box that is 5 by 2 by 3?,30 | 10 | 25 | 15,30,1,5 × 2 × 3 = 30 unit cubes.
10-1,quiz,yes,mc,A cube has edges of 4 units. What is its volume?,64 cubic units | 16 cubic units | 12 cubic units | 48 cubic units,64 cubic units,1,V = 4 × 4 × 4 = 64 cubic units.
10-1,quiz,yes,mc,A box has volume 36 cubic units. Its base is 6 by 2. What is its height?,3 units | 12 units | 6 units | 2 units,3 units,1,Base area = 12; height = 36 ÷ 12 = 3 units.
10-1,quiz,yes,mc,"What is the volume of a rectangular prism with l = 7 in, w = 3 in, h = 4 in?",84 in³ | 14 in³ | 84 in² | 42 in³,84 in³,1,V = l × w × h = 7 × 3 × 4 = 84 cubic inches.
10-1,quiz,yes,mc,A time capsule box has a volume of 120 cm³. Its length is 10 cm and width is 4 cm. What is its height?,3 cm | 6 cm | 4 cm | 12 cm,3 cm,1,V = l × w × h → 120 = 10 × 4 × h → 120 = 40h → h = 3 cm.
10-1,quiz,yes,mc,Which unit is used for volume?,Cubic inches (in³) | Square inches (in²) | Inches (in) | Degrees (°),Cubic inches (in³),1,"Volume measures 3D space, so it uses cubic units like in³. Square units (in²) are for area, and inches are for length."
10-1,quiz,yes,mc,Two storage bins: Bin A is 8 × 6 × 5 inches. Bin B is 9 × 4 × 7 inches. Which holds more and by how much?,Bin B by 12 in³ | Bin A by 12 in³ | Bin B by 24 in³ | They hold the same,Bin B by 12 in³,1,Bin A: 8 × 6 × 5 = 240 in³. Bin B: 9 × 4 × 7 = 252 in³. Bin B holds 12 in³ more.
10-1,quiz,yes,mc,"Exit Ticket: A rectangular prism has l = 11 in, w = 5 in, h = 4 in. What is the volume?",220 in³ | 55 in³ | 220 in² | 200 in³,220 in³,1,V = 11 × 5 × 4 = 220 cubic inches. Remember: volume uses cubic units (in³).
10-1-flagship,notes,no,short,The amount of space inside a three-dimensional solid is its ___.,,,0,
10-1-flagship,notes,no,short,"A solid with six rectangular faces, like a box, is a ___.",,,0,
10-1-flagship,notes,no,short,"The unit used to measure volume, like cubic centimeters, is ___.",,,0,
10-1-flagship,notes,no,short,The three edge measurements of a rectangular prism are its ___.,,,0,
10-1-flagship,notes,no,short,A flat pattern that folds up into a solid is a ___.,,,0,
10-1-flagship,notes,no,short,A line segment where two faces of a solid meet is an ___.,,,0,
10-1-flagship,notes,no,paragraph,"You are sealing time capsule containers and must know exactly how much each holds. Why do you need three edge measurements (length, width, and height) to find the volume of a container?",,,0,
10-1-flagship,notes,no,paragraph,In the Fold Shop you fold a flat net into a closed box. How does folding the net help you understand what the volume V = l × w × h actually measures?,,,0,
10-1-flagship,notes,no,paragraph,"At the Loading Dock, a large moving box is 24 × 18 × 18 in and a medium box is 18 × 14 × 12 in. Talk through how to find how many more cubic inches the large box holds.",,,0,
10-1-flagship,notes,no,paragraph,"As you seal the capsule, a teammate writes a box's volume as 220 in². How would you fix the units and explain why volume must use cubic units?",,,0,
10-1-flagship,notes,no,paragraph,Container C holds the most (96 in³) and Container B holds the least (50 in³). What do you notice about the dimensions that make one volume larger than another?,,,0,
10-1-flagship,notes,no,paragraph,How many more cubic inches does the large box hold than the medium box?,,,0,
10-1-flagship,practice,no,mc,"What is the volume of a rectangular prism with l = 7 in, w = 3 in, h = 4 in?",84 in³ | 14 in³ | 84 in² | 42 in³,,0,
10-1-flagship,practice,no,mc,A time capsule box has a volume of 120 cm³. Its length is 10 cm and width is 4 cm. What is its height?,3 cm | 6 cm | 4 cm | 12 cm,,0,
10-1-flagship,practice,no,mc,Which unit is used for volume?,Cubic inches (in³) | Square inches (in²) | Inches (in) | Degrees (°),,0,
10-1-flagship,practice,no,paragraph,Complete the table.,,,0,
10-1-flagship,practice,no,paragraph,Sort each item.,,,0,
10-1-flagship,practice,no,paragraph,Complete the table.,,,0,
10-1-flagship,practice,no,mc,Two storage bins: Bin A is 8 × 6 × 5 inches. Bin B is 9 × 4 × 7 inches. Which holds more and by how much?,Bin B by 12 in³ | Bin A by 12 in³ | Bin B by 24 in³ | They hold the same,,0,
10-1-flagship,practice,no,short,A container is 10 × 4 × 3 inches. It is divided into two equal sections. What is the volume of each section?  Each section holds how many cubic inches?,,,0,
10-1-flagship,practice,no,paragraph,Sort each item.,,,0,
10-1-flagship,practice,no,paragraph,Find the Volume Error,,,0,
10-1-flagship,practice,no,paragraph,A box needs to hold exactly 60 cubic inches. Give three different sets of whole-number dimensions that work. Which set would make the box closest to a cube shape? Why might that matter?,,,0,
10-1-flagship,practice,no,paragraph,Complete the table.,,,0,
10-1-flagship,quiz,yes,mc,"What is the volume of a rectangular prism with l = 7 in, w = 3 in, h = 4 in?",84 in³ | 14 in³ | 84 in² | 42 in³,84 in³,1,V = l × w × h = 7 × 3 × 4 = 84 cubic inches.
10-1-flagship,quiz,yes,mc,A time capsule box has a volume of 120 cm³. Its length is 10 cm and width is 4 cm. What is its height?,3 cm | 6 cm | 4 cm | 12 cm,3 cm,1,V = l × w × h → 120 = 10 × 4 × h → 120 = 40h → h = 3 cm.
10-1-flagship,quiz,yes,mc,Which unit is used for volume?,Cubic inches (in³) | Square inches (in²) | Inches (in) | Degrees (°),Cubic inches (in³),1,"Volume measures 3D space, so it uses cubic units like in³. Square units (in²) are for area, and inches are for length."
10-1-flagship,quiz,yes,mc,Two storage bins: Bin A is 8 × 6 × 5 inches. Bin B is 9 × 4 × 7 inches. Which holds more and by how much?,Bin B by 12 in³ | Bin A by 12 in³ | Bin B by 24 in³ | They hold the same,Bin B by 12 in³,1,Bin A: 8 × 6 × 5 = 240 in³. Bin B: 9 × 4 × 7 = 252 in³. Bin B holds 12 in³ more.
10-1-flagship,quiz,yes,mc,"Exit Ticket: A rectangular prism has l = 11 in, w = 5 in, h = 4 in. What is the volume?",220 in³ | 55 in³ | 220 in² | 200 in³,220 in³,1,V = 11 × 5 × 4 = 220 cubic inches. Remember: volume uses cubic units (in³).
10-2,notes,no,short,The amount of space inside a three-dimensional solid is its ___.,,,0,
10-2,notes,no,short,A solid with six rectangular faces is a ___.,,,0,
10-2,notes,no,short,The unit used to measure volume is ___.,,,0,
10-2,notes,no,short,"The measurements of length, width, and height of a solid are its ___.",,,0,
10-2,notes,no,short,A flat pattern that folds into a solid is a ___.,,,0,
10-2,notes,no,short,"The area of the bottom face of a prism, multiplied by height to find volume, is the ___.",,,0,
10-2,notes,no,paragraph,"Your time capsule is 2 ft long, 1.5 ft wide, and 1 ft tall — one edge is a fraction. Does having a fractional edge change how you find the volume? Why or why not?",,,0,
10-2,notes,no,paragraph,Capsule A (2 × 1.5 × 1) and Capsule B (3 × 1 × 1) both have a volume of 3 ft³. How did your multiplication produce the same volume from different dimensions?,,,0,
10-2,notes,no,paragraph,"A fish tank is 24 in long, 12 in wide, and 16 in tall, and one gallon takes about 231 cubic inches. Talk through how you would find how many gallons it holds.",,,0,
10-2,notes,no,paragraph,A classmate says a 5 × 3 × 2.5 m prism has volume 5 × 5.5 = 27.5 m³. How do you find and explain their mistake?,,,0,
10-2,notes,no,paragraph,Capsules A and B have the same volume (3 ft³) but different dimensions. Why? Which design would you choose and why?,,,0,
10-2,notes,no,paragraph,How many gallons of water does the small tank hold?,,,0,
10-2,practice,no,mc,A prism is 2.5 cm by 4 cm by 3 cm. What is its volume?,30 cm³ | 9.5 cm³ | 10 cm³ | 24 cm³,,0,
10-2,practice,no,mc,"A fish tank is 30 cm long, 20 cm wide, and 25 cm tall. What is its volume?","15,000 cm³ | 75 cm³ | 1,500 cm³ | 600 cm³",,0,
10-2,practice,no,mc,A box has volume 90 m³ and base area 15 m². What is its height?,"6 m | 75 m | 1,350 m | 5 m",,0,
10-2,practice,no,mc,"A prism has length 3½ ft, width 2 ft, and height 4 ft. What is its volume?",28 ft³ | 9.5 ft³ | 14 ft³ | 24 ft³,,0,
10-2,practice,no,mc,"What is the volume of a rectangular prism with l = 4 in, w = 3 in, h = 5 in?",60 in³ | 12 in³ | 60 in² | 24 in³,,0,
10-2,practice,no,mc,A box has a volume of 36 cm³. Its length is 6 cm and width is 3 cm. What is the height?,2 cm | 6 cm | 3 cm | 12 cm,,0,
10-2,practice,no,mc,How is volume different from area?,Volume measures 3D space (cubic units); area measures 2D surface (square units) | Volume uses square units; area uses cubic units | Volume only applies to cubes; area applies to all shapes | There is no difference,,0,
10-2,practice,no,paragraph,Complete the table.,,,0,
10-2,practice,no,paragraph,Sort each item.,,,0,
10-2,practice,no,short,"A shipping container is 8 ft long, 4 ft wide, and 3 ft tall. It is half full of boxes.  The container is half full. How many cubic feet of space are left?",,,0,
10-2,practice,no,paragraph,Complete the table.,,,0,
10-2,practice,no,mc,Two boxes: Box A is 10 × 5 × 4 inches. Box B is 8 × 6 × 5 inches. Which has more volume and by how much?,Box B by 40 in³ | Box A by 40 in³ | Box B by 60 in³ | They're equal,,0,
10-2,practice,no,paragraph,Sort each item.,,,0,
10-2,practice,no,paragraph,Find the Volume Error,,,0,
10-2,practice,no,paragraph,A toy company ships action figures in boxes that are 4 × 3 × 6 inches. A shipping crate is 24 × 12 × 18 inches. How many action figure boxes fit in the crate? Explain your reasoning step by step.,,,0,
10-2,practice,no,paragraph,Complete the table.,,,0,
10-2,quiz,yes,mc,A prism is 2.5 cm by 4 cm by 3 cm. What is its volume?,30 cm³ | 9.5 cm³ | 10 cm³ | 24 cm³,30 cm³,1,V = 2.5 × 4 × 3 = 30 cm³.
10-2,quiz,yes,mc,"A fish tank is 30 cm long, 20 cm wide, and 25 cm tall. What is its volume?","15,000 cm³ | 75 cm³ | 1,500 cm³ | 600 cm³","15,000 cm³",1,"30 × 20 × 25 = 15,000 cm³."
10-2,quiz,yes,mc,A box has volume 90 m³ and base area 15 m². What is its height?,"6 m | 75 m | 1,350 m | 5 m",6 m,1,height = volume ÷ base area = 90 ÷ 15 = 6 m.
10-2,quiz,yes,mc,"A prism has length 3½ ft, width 2 ft, and height 4 ft. What is its volume?",28 ft³ | 9.5 ft³ | 14 ft³ | 24 ft³,28 ft³,1,3.5 × 2 × 4 = 28 ft³.
10-2,quiz,yes,mc,"What is the volume of a rectangular prism with l = 4 in, w = 3 in, h = 5 in?",60 in³ | 12 in³ | 60 in² | 24 in³,60 in³,1,V = l × w × h = 4 × 3 × 5 = 60 cubic inches.
10-2,quiz,yes,mc,A box has a volume of 36 cm³. Its length is 6 cm and width is 3 cm. What is the height?,2 cm | 6 cm | 3 cm | 12 cm,2 cm,1,V = l × w × h → 36 = 6 × 3 × h → 36 = 18h → h = 2 cm.
10-2,quiz,yes,mc,How is volume different from area?,Volume measures 3D space (cubic units); area measures 2D surface (square units) | Volume uses square units; area uses cubic units | Volume only applies to cubes; area applies to all shapes | There is no difference,Volume measures 3D space (cubic units); area measures 2D surface (square units),1,Volume measures the space inside a 3D shape (cubic units like in³). Area measures a flat 2D surface (square units like in²).
10-2,quiz,yes,mc,Two boxes: Box A is 10 × 5 × 4 inches. Box B is 8 × 6 × 5 inches. Which has more volume and by how much?,Box B by 40 in³ | Box A by 40 in³ | Box B by 60 in³ | They're equal,Box B by 40 in³,1,Box A: 10 × 5 × 4 = 200 in³. Box B: 8 × 6 × 5 = 240 in³. Box B is bigger by 40 in³.
10-2,quiz,yes,mc,"Exit Ticket: A rectangular prism has l = 7 ft, w = 2 ft, h = 3 ft. What is the volume?",42 ft³ | 24 ft³ | 42 ft² | 12 ft³,42 ft³,1,V = 7 × 2 × 3 = 42 cubic feet. Remember: volume uses cubic units (ft³).
10-3,notes,no,short,The total area of all the faces of a solid is its ___.,,,0,
10-3,notes,no,short,A flat pattern that folds up into a solid is a ___.,,,0,
10-3,notes,no,short,A flat surface of a solid figure is a ___.,,,0,
10-3,notes,no,short,A flat shape with length and width but no thickness is ___.,,,0,
10-3,notes,no,short,A line segment where two faces meet is an ___.,,,0,
10-3,notes,no,paragraph,"To find how much wrapping paper a time capsule box needs, why is unfolding it into a net more helpful than looking at the 3D box?",,,0,
10-3,notes,no,paragraph,"For the box l = 8, w = 5, h = 3, you found three face pairs. How did you use the net to organize the faces into pairs, and which pair had the largest area?",,,0,
10-3,notes,no,paragraph,A gift box is 14 × 10 × 6 in and one sheet of paper covers 400 in². Talk through how to find how many sheets are needed to cover the whole box.,,,0,
10-3,notes,no,paragraph,A classmate found the surface area of a box but only multiplied two of the three face pairs by 2. How would you explain why every pair must be doubled?,,,0,
10-3,notes,no,paragraph,The total surface area is 158 in². Which face pair contributes the most area? Why does that make sense when you look at the dimensions?,,,0,
10-3,notes,no,paragraph,How many sheets of wrapping paper are needed to cover the entire box?,,,0,
10-3,practice,no,mc,A net of a cube has how many square faces?,6 | 4 | 8 | 12,,0,
10-3,practice,no,mc,A cube has edges of 3 cm. What is its surface area?,54 cm² | 27 cm² | 36 cm² | 9 cm²,,0,
10-3,practice,no,mc,Why does a net help find surface area?,It shows every face flat so you can add up their areas | It hides some faces | It changes the volume | Nets only work for spheres,,0,
10-3,practice,no,mc,"A rectangular box net shows faces of 6 cm², 6 cm², 8 cm², 8 cm², 12 cm², 12 cm². What is the surface area?",52 cm² | 26 cm² | 40 cm² | 36 cm²,,0,
10-3,practice,no,mc,"A rectangular prism has l = 6 in, w = 4 in, h = 2 in. What is its surface area?",88 in² | 48 in² | 88 in³ | 44 in²,,0,
10-3,practice,no,mc,How many faces does a rectangular prism have?,6 | 4 | 8 | 12,,0,
10-3,practice,no,mc,Surface area is measured in which type of unit?,"Square units (in², cm², ft²) | Cubic units (in³, cm³, ft³) | Linear units (in, cm, ft) | No units needed",,0,
10-3,practice,no,paragraph,Match each concept about rectangular prisms.,,,0,
10-3,practice,no,paragraph,Sort each item.,,,0,
10-3,practice,no,paragraph,Complete the table.,,,0,
10-3,practice,no,mc,A cube has edges of 5 cm. What is its surface area?,150 cm² | 125 cm² | 150 cm³ | 30 cm²,,0,
10-3,practice,no,short,A gift box has SA = 222 in². The top and bottom together are 120 in². The front and back together are 60 in². How much area is the left and right sides together?  What is the combined area of the left and right faces?,,,0,
10-3,practice,no,paragraph,Sort each item.,,,0,
10-3,practice,no,paragraph,Find the Surface Area Error,,,0,
10-3,practice,no,paragraph,Two boxes have the same volume of 60 in³. Box A is 5 × 4 × 3. Box B is 10 × 6 × 1. Which box uses less wrapping paper (has less surface area)? Show your calculations and explain why a more cube-like shape might use less material.,,,0,
10-3,practice,no,paragraph,Complete the table.,,,0,
10-3,quiz,yes,mc,A net of a cube has how many square faces?,6 | 4 | 8 | 12,6,1,"A cube has 6 faces, so its net has 6 squares."
10-3,quiz,yes,mc,A cube has edges of 3 cm. What is its surface area?,54 cm² | 27 cm² | 36 cm² | 9 cm²,54 cm²,1,Each face is 3 × 3 = 9; 6 faces × 9 = 54 cm².
10-3,quiz,yes,mc,Why does a net help find surface area?,It shows every face flat so you can add up their areas | It hides some faces | It changes the volume | Nets only work for spheres,It shows every face flat so you can add up their areas,1,A net unfolds the solid so all faces are visible to measure and add.
10-3,quiz,yes,mc,"A rectangular box net shows faces of 6 cm², 6 cm², 8 cm², 8 cm², 12 cm², 12 cm². What is the surface area?",52 cm² | 26 cm² | 40 cm² | 36 cm²,52 cm²,1,Add all faces: 6+6+8+8+12+12 = 52 cm².
10-3,quiz,yes,mc,"A rectangular prism has l = 6 in, w = 4 in, h = 2 in. What is its surface area?",88 in² | 48 in² | 88 in³ | 44 in²,88 in²,1,SA = 2(6×4) + 2(6×2) + 2(4×2) = 48 + 24 + 16 = 88 in².
10-3,quiz,yes,mc,How many faces does a rectangular prism have?,6 | 4 | 8 | 12,6,1,"A rectangular prism has 6 faces: top, bottom, front, back, left, and right."
10-3,quiz,yes,mc,Surface area is measured in which type of unit?,"Square units (in², cm², ft²) | Cubic units (in³, cm³, ft³) | Linear units (in, cm, ft) | No units needed","Square units (in², cm², ft²)",1,"Surface area measures flat surfaces, so it uses square units. Volume uses cubic units."
10-3,quiz,yes,mc,A cube has edges of 5 cm. What is its surface area?,150 cm² | 125 cm² | 150 cm³ | 30 cm²,150 cm²,1,A cube has 6 identical faces. Each face: 5 × 5 = 25 cm². Total SA = 6 × 25 = 150 cm².
10-3,quiz,yes,mc,Match each concept about rectangular prisms. /  / Top & Bottom faces,l × w (two of them) | w × h (two of them) | V = l × w × h | 6 faces total | SA = 2lw + 2lh + 2wh | l × h (two of them),l × w (two of them),1,
10-3,quiz,yes,mc,Match each concept about rectangular prisms. /  / Front & Back faces,6 faces total | V = l × w × h | w × h (two of them) | SA = 2lw + 2lh + 2wh | l × w (two of them) | l × h (two of them),l × h (two of them),1,
10-3,quiz,yes,mc,Match each concept about rectangular prisms. /  / Left & Right faces,l × h (two of them) | w × h (two of them) | SA = 2lw + 2lh + 2wh | 6 faces total | V = l × w × h | l × w (two of them),w × h (two of them),1,
10-3,quiz,yes,mc,Match each concept about rectangular prisms. /  / Surface area formula,w × h (two of them) | l × w (two of them) | 6 faces total | V = l × w × h | SA = 2lw + 2lh + 2wh | l × h (two of them),SA = 2lw + 2lh + 2wh,1,
10-3,quiz,yes,mc,Match each concept about rectangular prisms. /  / Volume formula,w × h (two of them) | V = l × w × h | 6 faces total | l × h (two of them) | l × w (two of them) | SA = 2lw + 2lh + 2wh,V = l × w × h,1,
10-3,quiz,yes,mc,Match each concept about rectangular prisms. /  / Number of faces,l × w (two of them) | V = l × w × h | l × h (two of them) | 6 faces total | w × h (two of them) | SA = 2lw + 2lh + 2wh,6 faces total,1,
10-3,quiz,yes,mc,"Exit Ticket: A rectangular prism has l = 9 in, w = 5 in, h = 3 in. What is the surface area?",174 in² | 135 in² | 174 in³ | 87 in²,174 in²,1,SA = 2(9×5) + 2(9×3) + 2(5×3) = 90 + 54 + 30 = 174 in². Surface area uses square units (in²).
10-4,notes,no,short,The total area of all the faces of a solid is its ___.,,,0,
10-4,notes,no,short,A solid with six rectangular faces is a ___.,,,0,
10-4,notes,no,short,A solid with two triangular faces and three rectangular faces is a ___.,,,0,
10-4,notes,no,short,A flat surface of a solid figure is a ___.,,,0,
10-4,notes,no,short,A flat pattern that folds into a solid is a ___.,,,0,
10-4,notes,no,short,A side face of a prism that is not a base is a ___.,,,0,
10-4,notes,no,paragraph,"Your class is painting two capsule shapes: a rectangular prism and a triangular prism. How is finding the surface area of each shape the same, and how is it different?",,,0,
10-4,notes,no,paragraph,"For the triangular prism (base 6, height 4, length 10, slant sides 5), how did you account for the triangular bases AND the rectangular lateral faces?",,,0,
10-4,notes,no,paragraph,"A carpenter stains a chest that is 3 ft × 2 ft × 2 ft, and one can covers 50 ft². Talk through how to find the surface area and how many cans are needed.",,,0,
10-4,notes,no,paragraph,A classmate wrote SA = 2(12×7) + 2(12×5) + (7×5) = 323 cm² for a 12 × 7 × 5 prism. How do you find and fix their mistake?,,,0,
10-4,notes,no,paragraph,"Compare Capsule A (rectangular, SA = 248 in²) and Capsule C (triangular, SA = 184 in²). Even though they are similar in size, why does the rectangular prism need more paint?",,,0,
10-4,notes,no,paragraph,"How much surface area needs staining, and how many cans of stain are needed?",,,0,
10-4,practice,no,mc,A rectangular prism is 5 by 3 by 2. What is its surface area?,62 sq units | 30 sq units | 31 sq units | 60 sq units,,0,
10-4,practice,no,mc,A cube has surface area 96 cm². What is the area of one face?,16 cm² | 96 cm² | 6 cm² | 48 cm²,,0,
10-4,practice,no,mc,"To wrap a gift box 4 by 4 by 4 cm, how much paper covers the surface (no overlap)?",96 cm² | 64 cm² | 16 cm² | 48 cm²,,0,
10-4,practice,no,mc,A prism is 10 by 2 by 3. What is its surface area?,112 sq units | 60 sq units | 56 sq units | 100 sq units,,0,
10-4,practice,no,mc,"What is the surface area of a rectangular prism with l = 5 cm, w = 4 cm, h = 3 cm?",94 cm² | 60 cm² | 94 cm³ | 47 cm²,,0,
10-4,practice,no,mc,How many faces does a triangular prism have?,5 | 4 | 6 | 3,,0,
10-4,practice,no,mc,"A triangular prism has two triangular bases each with area 12 cm² and three rectangular faces with areas 30 cm², 40 cm², and 40 cm². What is the total surface area?",134 cm² | 110 cm² | 122 cm² | 134 cm³,,0,
10-4,practice,no,paragraph,Sort each item.,,,0,
10-4,practice,no,paragraph,Match each solid to its description.,,,0,
10-4,practice,no,paragraph,Complete the table.,,,0,
10-4,practice,no,mc,A triangular prism has triangular bases with base 6 in and height 4 in. The prism is 10 in long and the two slant sides of the triangle are each 5 in. What is the surface area?,184 in² | 160 in² | 124 in² | 184 in³,,0,
10-4,practice,no,short,A rectangular prism has SA = 340 cm². The top/bottom pair = 150 cm². The front/back pair = 120 cm². Find the left/right pair.  What is the combined area of the left and right faces?,,,0,
10-4,practice,no,paragraph,Sort each item.,,,0,
10-4,practice,no,paragraph,Find the Surface Area Error,,,0,
10-4,practice,no,paragraph,"A company ships products in two container options: a rectangular prism (8 × 6 × 4 in) or a triangular prism (triangle base 8 in, triangle height 6 in, prism length 8 in, slant sides 6.3 in each). Both must be wrapped in protective film. Which shape uses LESS film? Show your work.",,,0,
10-4,practice,no,paragraph,Complete the table.,,,0,
10-4,quiz,yes,mc,A rectangular prism is 5 by 3 by 2. What is its surface area?,62 sq units | 30 sq units | 31 sq units | 60 sq units,62 sq units,1,SA = 2(lw + lh + wh) = 2(15 + 10 + 6) = 2 × 31 = 62 sq units.
10-4,quiz,yes,mc,A cube has surface area 96 cm². What is the area of one face?,16 cm² | 96 cm² | 6 cm² | 48 cm²,16 cm²,1,A cube has 6 equal faces: 96 ÷ 6 = 16 cm² per face.
10-4,quiz,yes,mc,"To wrap a gift box 4 by 4 by 4 cm, how much paper covers the surface (no overlap)?",96 cm² | 64 cm² | 16 cm² | 48 cm²,96 cm²,1,Each face is 16; 6 × 16 = 96 cm².
10-4,quiz,yes,mc,A prism is 10 by 2 by 3. What is its surface area?,112 sq units | 60 sq units | 56 sq units | 100 sq units,112 sq units,1,2(20 + 30 + 6) = 2 × 56 = 112 sq units.
10-4,quiz,yes,mc,"What is the surface area of a rectangular prism with l = 5 cm, w = 4 cm, h = 3 cm?",94 cm² | 60 cm² | 94 cm³ | 47 cm²,94 cm²,1,SA = 2(5×4) + 2(5×3) + 2(4×3) = 40 + 30 + 24 = 94 cm².
10-4,quiz,yes,mc,How many faces does a triangular prism have?,5 | 4 | 6 | 3,5,1,A triangular prism has 5 faces: 2 triangular bases and 3 rectangular lateral faces.
10-4,quiz,yes,mc,"A triangular prism has two triangular bases each with area 12 cm² and three rectangular faces with areas 30 cm², 40 cm², and 40 cm². What is the total surface area?",134 cm² | 110 cm² | 122 cm² | 134 cm³,134 cm²,1,SA = 2(12) + 30 + 40 + 40 = 24 + 110 = 134 cm².
10-4,quiz,yes,mc,A triangular prism has triangular bases with base 6 in and height 4 in. The prism is 10 in long and the two slant sides of the triangle are each 5 in. What is the surface area?,184 in² | 160 in² | 124 in² | 184 in³,184 in²,1,Triangular bases: 2 × (½ × 6 × 4) = 24 in². Three rectangular faces: 6(10) + 5(10) + 5(10) = 60 + 50 + 50 = 160 in². SA = 24 + 160 = 184 in².
10-4,quiz,yes,mc,Match each solid to its description. /  / Rectangular prism,5 faces (2 triangles + 3 rectangles) | 6 identical square faces | 6 faces (all rectangles) | Uses square units (in²) | Uses cubic units (in³) | 2D pattern that folds into 3D,6 faces (all rectangles),1,
10-4,quiz,yes,mc,Match each solid to its description. /  / Triangular prism,Uses cubic units (in³) | Uses square units (in²) | 2D pattern that folds into 3D | 6 faces (all rectangles) | 5 faces (2 triangles + 3 rectangles) | 6 identical square faces,5 faces (2 triangles + 3 rectangles),1,
10-4,quiz,yes,mc,Match each solid to its description. /  / Cube,Uses cubic units (in³) | 5 faces (2 triangles + 3 rectangles) | Uses square units (in²) | 6 faces (all rectangles) | 6 identical square faces | 2D pattern that folds into 3D,6 identical square faces,1,
10-4,quiz,yes,mc,Match each solid to its description. /  / Surface area,Uses square units (in²) | 6 identical square faces | 6 faces (all rectangles) | 5 faces (2 triangles + 3 rectangles) | 2D pattern that folds into 3D | Uses cubic units (in³),Uses square units (in²),1,
10-4,quiz,yes,mc,Match each solid to its description. /  / Volume,2D pattern that folds into 3D | Uses square units (in²) | 6 identical square faces | Uses cubic units (in³) | 6 faces (all rectangles) | 5 faces (2 triangles + 3 rectangles),Uses cubic units (in³),1,
10-4,quiz,yes,mc,Match each solid to its description. /  / Net,2D pattern that folds into 3D | Uses cubic units (in³) | 6 identical square faces | 5 faces (2 triangles + 3 rectangles) | 6 faces (all rectangles) | Uses square units (in²),2D pattern that folds into 3D,1,
10-4,quiz,yes,mc,"Exit Ticket: A rectangular prism has l = 8 ft, w = 6 ft, h = 3 ft. What is the surface area?",180 ft² | 144 ft² | 180 ft³ | 90 ft²,180 ft²,1,SA = 2(8×6) + 2(8×3) + 2(6×3) = 96 + 48 + 36 = 180 ft². Surface area uses square units (ft²).
10-5,notes,no,short,A solid with a polygon base and triangular faces meeting at one point is a ___.,,,0,
10-5,notes,no,short,"The height of a triangular face of a pyramid, measured along the slanted side, is the ___.",,,0,
10-5,notes,no,short,A triangular side face of a pyramid is a ___.,,,0,
10-5,notes,no,short,The polygon on the bottom of a pyramid is the ___.,,,0,
10-5,notes,no,short,The single top point where the triangular faces of a pyramid meet is the ___.,,,0,
10-5,notes,no,short,"The combined area of all the side faces, not counting the base, is the ___.",,,0,
10-5,notes,no,paragraph,"A square pyramid time capsule display has a square base and four triangular faces that meet at a point on top. To find its surface area, which parts do you need to measure?",,,0,
10-5,notes,no,paragraph,"For Display A (square base 6×6, slant height 8), how did you combine the base area and the four triangular faces to get the total surface area?",,,0,
10-5,notes,no,paragraph,"A museum builds a square pyramid display case with base edge 3 ft and slant height 4 ft, and the base is open (no glass). Talk through how to find how much glass the 4 triangular sides need.",,,0,
10-5,notes,no,paragraph,"A classmate found a square pyramid's surface area by adding only the four triangular faces. What did they forget, and how would you correct it?",,,0,
10-5,notes,no,paragraph,Display B has the largest surface area (280 in²). What contributes more to the total — the base or the lateral faces? Why?,,,0,
10-5,notes,no,paragraph,How much will the glass for all 4 triangular sides cost? (The base is open — no glass needed.),,,0,
10-5,practice,no,mc,A square pyramid has a base that is 4 by 4 and 4 triangular faces each 10 sq units. What is the surface area?,56 sq units | 40 sq units | 16 sq units | 26 sq units,,0,
10-5,practice,no,mc,How many triangular faces does a square pyramid have?,4 | 3 | 5 | 1,,0,
10-5,practice,no,mc,A triangular pyramid (all faces triangles) has 4 faces each with area 9 cm². What is the surface area?,36 cm² | 13 cm² | 27 cm² | 18 cm²,,0,
10-5,practice,no,mc,"To find a pyramid's surface area, you...",Add the base area to the areas of all the triangular faces | Multiply length by width by height | Only count the base | Subtract the triangles from the base,,0,
10-5,practice,no,mc,A square pyramid has a base edge of 5 in and a slant height of 7 in. What is the surface area?,95 in² | 70 in² | 95 in³ | 120 in²,,0,
10-5,practice,no,mc,How many lateral (triangular) faces does a square pyramid have?,4 | 3 | 5 | 6,,0,
10-5,practice,no,mc,What is the area of one triangular face with base 8 in and slant height 6 in?,24 in² | 48 in² | 14 in² | 24 in³,,0,
10-5,practice,no,paragraph,Complete the table.,,,0,
10-5,practice,no,paragraph,Sort each item.,,,0,
10-5,practice,no,paragraph,Complete the table.,,,0,
10-5,practice,no,mc,A square pyramid has a base area of 49 cm² and a total lateral area of 84 cm². What is the surface area?,133 cm² | 84 cm² | 49 cm² | 133 cm³,,0,
10-5,practice,no,short,"A square pyramid has SA = 260 in². The base area is 100 in². What is the total lateral area? If there are 4 identical lateral faces, what is the area of one face?  Total lateral area = ? in². One face = ? in².",,,0,
10-5,practice,no,paragraph,Sort each item.,,,0,
10-5,practice,no,paragraph,Find the Surface Area Error,,,0,
10-5,practice,no,paragraph,Two pyramids have the same base area (64 in²) but different slant heights. Pyramid A has slant height 6 in and Pyramid B has slant height 10 in. How much more surface area does Pyramid B have? Why does slant height affect surface area but NOT base area?,,,0,
10-5,practice,no,paragraph,Complete the table.,,,0,
10-5,quiz,yes,mc,A square pyramid has a base that is 4 by 4 and 4 triangular faces each 10 sq units. What is the surface area?,56 sq units | 40 sq units | 16 sq units | 26 sq units,56 sq units,1,"Base 4 × 4 = 16, plus 4 triangles × 10 = 40; total = 56 sq units."
10-5,quiz,yes,mc,How many triangular faces does a square pyramid have?,4 | 3 | 5 | 1,4,1,"A square pyramid has 4 triangular faces meeting at the top, plus 1 square base."
10-5,quiz,yes,mc,A triangular pyramid (all faces triangles) has 4 faces each with area 9 cm². What is the surface area?,36 cm² | 13 cm² | 27 cm² | 18 cm²,36 cm²,1,4 faces × 9 = 36 cm².
10-5,quiz,yes,mc,"To find a pyramid's surface area, you...",Add the base area to the areas of all the triangular faces | Multiply length by width by height | Only count the base | Subtract the triangles from the base,Add the base area to the areas of all the triangular faces,1,Surface area = base area + the areas of all the side (triangular) faces.
10-5,quiz,yes,mc,A square pyramid has a base edge of 5 in and a slant height of 7 in. What is the surface area?,95 in² | 70 in² | 95 in³ | 120 in²,95 in²,1,Base: 5 × 5 = 25 in². Each lateral face: ½ × 5 × 7 = 17.5 in². Four faces: 4 × 17.5 = 70 in². SA = 25 + 70 = 95 in².
10-5,quiz,yes,mc,How many lateral (triangular) faces does a square pyramid have?,4 | 3 | 5 | 6,4,1,A square pyramid has a square base and 4 triangular lateral faces — one for each side of the square.
10-5,quiz,yes,mc,What is the area of one triangular face with base 8 in and slant height 6 in?,24 in² | 48 in² | 14 in² | 24 in³,24 in²,1,Area of a triangle = ½ × base × height = ½ × 8 × 6 = 24 in².
10-5,quiz,yes,mc,A square pyramid has a base area of 49 cm² and a total lateral area of 84 cm². What is the surface area?,133 cm² | 84 cm² | 49 cm² | 133 cm³,133 cm²,1,SA = Base Area + Lateral Area = 49 + 84 = 133 cm².
10-5,quiz,yes,mc,Exit Ticket: A square pyramid has a base edge of 6 in and a slant height of 5 in. What is the total surface area?,96 in² | 60 in² | 96 in³ | 36 in²,96 in²,1,Base: 6 × 6 = 36 in². Each lateral face: ½ × 6 × 5 = 15 in². Four faces: 4 × 15 = 60 in². SA = 36 + 60 = 96 in². Surface area uses square units (in²).
